경과(분),구간,iCAT-v4 30초 WAF,iCAT-v4 누적 WAF
0.5,A,1.9919,1.9753
1.0,A,1.8509,1.9201
1.5,A,1.8645,1.9031
2.0,A,2.0409,1.9354
2.5,A,2.0384,1.9550
3.0,A,2.0462,1.9696
3.5,A,2.1370,1.9927
4.0,A,2.1322,2.0096
4.5,A,2.1049,2.0199
5.0,A,1.8556,2.0039
5.5,A,1.7665,1.9828
6.0,A,1.9228,1.9779
6.5,A,1.9596,1.9765
7.0,A,2.0504,1.9817
7.5,A,2.0683,1.9874
8.0,A,2.0966,1.9941
8.5,A,1.9610,1.9922
9.0,A,1.7633,1.9796
9.5,A,1.8680,1.9738
10.0,A,1.7633,1.9634
10.5,A,2.0545,1.9677
11.0,A,1.8992,1.9646
11.5,A,2.0245,1.9672
12.0,A,2.0337,1.9700
12.5,A,2.0149,1.9717
13.0,A,1.7713,1.9641
13.5,A,1.8079,1.9584
14.0,A,2.0031,1.9600
14.5,A,2.0625,1.9635
15.0,A,1.8216,1.9588
15.5,A,1.9372,1.9581
16.0,A,1.7785,1.9525
16.5,A,1.7576,1.9467
17.0,A,1.8162,1.9428
17.5,A,1.8140,1.9392
18.0,A,1.8209,1.9359
18.5,A,1.8520,1.9337
19.0,A,1.9323,1.9336
19.5,A,1.8925,1.9326
20.0,A,1.8777,1.9312
20.5,A,1.8932,1.9303
21.0,A,1.8460,1.9283
21.5,A,1.7662,1.9246
22.0,A,1.7482,1.9206
22.5,A,1.8197,1.9183
23.0,A,1.9058,1.9181
23.5,A,2.0377,1.9206
24.0,A,1.8773,1.9197
24.5,A,1.8416,1.9181
25.0,A,1.9296,1.9184
25.5,A,1.8025,1.9161
26.0,A,1.8016,1.9139
26.5,A,1.7427,1.9107
27.0,A,1.8420,1.9094
27.5,A,1.8161,1.9077
28.0,A,1.8736,1.9071
28.5,A,1.8083,1.9054
29.0,A,1.8753,1.9049
29.5,A,1.8701,1.9043
30.0,B,1.6388,1.8997
30.5,B,1.6734,1.8957
31.02,B,1.7787,1.8947
31.52,B,1.6570,1.8925
32.1,B,1.6334,1.8900
32.62,B,1.5658,1.8871
33.13,B,1.5526,1.8842
33.65,B,1.5094,1.8811
34.15,B,1.5020,1.8779
34.67,B,1.4942,1.8747
35.18,B,1.4876,1.8715
35.68,B,1.4872,1.8683
36.2,B,1.4807,1.8652
36.7,B,1.4772,1.8620
37.22,B,1.4593,1.8588
37.72,B,1.4906,1.8558
38.23,B,1.4630,1.8527
38.73,B,1.4666,1.8497
39.25,B,1.4794,1.8468
39.75,B,1.4491,1.8438
40.25,B,1.4537,1.8409
40.77,B,1.4569,1.8380
41.27,B,1.4790,1.8353
41.78,B,1.4450,1.8323
42.28,B,1.4472,1.8294
42.78,B,1.4451,1.8267
43.3,B,1.4373,1.8239
43.8,B,1.4377,1.8211
44.3,B,1.4373,1.8184
44.82,B,1.4424,1.8157
45.32,B,1.4342,1.8130
45.82,B,1.4187,1.8102
