경과(분),구간,iCAT-v4 30초 WAF,CAT-50 30초 WAF,iCAT-v4 누적 WAF,CAT-50 누적 WAF
0.5,A,1.9867,1.8731,1.9711,1.8597
1.0,A,1.8637,1.7976,1.9229,1.8316
1.5,A,1.8544,1.8732,1.9017,1.8446
2.0,A,2.0367,1.8524,1.9336,1.8464
2.5,A,2.0468,1.8344,1.9553,1.8441
3.0,A,2.0388,1.8068,1.9687,1.8381
3.5,A,2.1364,1.7954,1.9919,1.8322
4.0,A,2.1259,1.7560,2.0082,1.8229
4.5,A,2.1083,1.7599,2.0190,1.8161
5.0,A,1.8506,1.7661,2.0026,1.8112
5.5,A,1.7619,1.8458,1.9811,1.8143
6.0,A,1.9413,1.8647,1.9779,1.8184
6.5,A,1.9485,1.8413,1.9756,1.8201
7.0,A,2.0386,1.8339,1.9801,1.8211
7.5,A,2.0737,1.8257,1.9862,1.8214
8.0,A,2.0876,1.8052,1.9925,1.8204
8.5,A,1.9633,1.7830,1.9908,1.8182
9.0,A,1.7642,1.7516,1.9783,1.8146
9.5,A,1.8502,1.7950,1.9717,1.8135
10.0,A,1.7672,1.8214,1.9616,1.8139
10.5,A,2.0590,1.8545,1.9662,1.8158
11.0,A,1.8947,1.8211,1.9629,1.8161
11.5,A,2.0224,1.8241,1.9655,1.8164
12.0,A,2.0386,1.8136,1.9685,1.8163
12.5,A,2.0102,1.8004,1.9702,1.8157
13.0,A,1.7898,1.7887,1.9633,1.8146
13.5,A,1.7953,1.7691,1.9571,1.8130
14.0,A,1.9976,1.8359,1.9586,1.8138
14.5,A,2.0701,1.8576,1.9624,1.8153
15.0,B,1.7643,1.7851,1.9573,1.8145
15.5,B,,,1.9573,1.8145
16.0,B,,,1.9573,1.8145
16.5,B,,,1.9573,1.8145
17.0,B,,,1.9573,1.8145
17.5,B,,,1.9573,1.8145
18.0,B,,,1.9573,1.8145
18.5,B,,,1.9573,1.8145
19.0,B,,,1.9573,1.8145
19.5,B,,,1.9573,1.8145
20.0,C,2.2935,2.5486,1.9598,1.8195
20.5,C,1.8473,1.7603,1.9562,1.8176
21.0,C,1.8733,1.8445,1.9536,1.8184
21.5,C,1.9038,1.8764,1.9521,1.8202
22.0,C,1.7573,1.8489,1.9464,1.8210
22.5,C,1.9398,1.8365,1.9462,1.8214
23.0,C,1.8524,1.8122,1.9436,1.8212
23.5,C,1.9192,1.7996,1.9430,1.8206
24.0,C,1.7824,1.7557,1.9388,1.8189
24.5,C,1.7703,1.7692,1.9345,1.8176
25.0,C,1.7795,1.7692,1.9306,1.8164
25.5,C,1.8817,1.8483,1.9294,1.8172
26.0,C,1.8726,1.8662,1.9281,1.8184
26.5,C,1.9180,1.8447,1.9279,1.8190
27.0,C,1.7955,1.8329,1.9249,1.8193
27.5,C,1.9656,1.8250,1.9258,1.8194
28.0,C,1.7801,1.8076,1.9226,1.8192
28.5,C,1.8311,1.7825,1.9207,1.8184
29.0,C,1.7611,1.7554,1.9174,1.8171
29.5,C,1.8760,1.7922,1.9165,1.8166
30.0,C,1.8383,1.8265,1.9150,1.8168
30.5,C,1.9497,1.8536,1.9157,1.8175
31.0,C,1.7711,1.8183,1.9129,1.8175
31.5,C,1.8935,1.8270,1.9125,1.8177
32.0,C,1.8585,1.8150,1.9115,1.8176
32.5,C,1.8101,1.8050,1.9097,1.8174
33.0,C,1.8008,1.7886,1.9077,1.8169
33.5,C,1.7806,1.7698,1.9055,1.8161
34.0,C,1.8438,1.8374,1.9045,1.8164
34.5,C,2.0035,1.8541,1.9061,1.8171
