경과(분),구간,iCAT-v4 30초 WAF,CAT-47 30초 WAF,CAT-50 30초 WAF,iCAT-v4 누적 WAF,CAT-47 누적 WAF,CAT-50 누적 WAF
0.5,A,1.4801,1.3400,1.3808,1.4829,1.3292,1.3641
1.02,A,1.6337,1.5483,1.5017,1.5238,1.3908,1.4050
1.52,A,1.3396,1.4408,1.3959,1.4839,1.4017,1.4030
2.03,A,1.4086,1.4411,1.4386,1.4705,1.4088,1.4090
2.53,A,1.5363,1.4338,1.4049,1.4808,1.4127,1.4084
3.03,A,1.3540,1.4262,1.4153,1.4636,1.4145,1.4093
3.55,A,1.3648,1.4230,1.3989,1.4523,1.4155,1.4081
4.05,A,1.4094,1.4205,1.3995,1.4479,1.4161,1.4073
4.57,A,1.3685,1.4201,1.3974,1.4403,1.4164,1.4064
5.07,A,1.3763,1.4134,1.3918,1.4349,1.4162,1.4051
5.58,A,1.4262,1.4229,1.3899,1.4342,1.4167,1.4039
6.08,A,1.3727,1.4193,1.3840,1.4296,1.4169,1.4025
6.6,A,1.3845,1.4120,1.3834,1.4266,1.4166,1.4012
7.1,A,1.3883,1.4118,1.3829,1.4242,1.4163,1.4000
7.62,A,1.3549,1.4137,1.3884,1.4201,1.4161,1.3993
8.15,A,1.3575,1.3999,1.3871,1.4165,1.4151,1.3986
8.65,A,1.3810,1.4042,1.3829,1.4146,1.4144,1.3978
9.17,A,1.3200,1.4052,1.3762,1.4098,1.4140,1.3967
9.67,A,1.3744,1.4073,1.3729,1.4080,1.4137,1.3955
10.18,A,1.3043,1.4015,1.3835,1.4030,1.4131,1.3950
10.68,A,1.3589,1.4066,1.3755,1.4010,1.4128,1.3941
11.18,A,1.3240,1.4097,1.3664,1.3976,1.4127,1.3929
11.7,A,1.3190,1.4053,1.3818,1.3944,1.4124,1.3924
12.2,A,1.3298,1.4092,1.3778,1.3918,1.4123,1.3919
12.7,A,1.3218,1.4019,1.3778,1.3891,1.4119,1.3914
13.22,A,1.3243,1.4018,1.3721,1.3868,1.4115,1.3907
13.73,A,1.3230,1.4032,1.3742,1.3845,1.4112,1.3901
14.23,A,1.3263,1.4022,1.3693,1.3825,1.4109,1.3894
14.75,A,1.3275,1.4026,1.3699,1.3807,1.4107,1.3888
15.25,A,1.3453,1.4005,1.3667,1.3796,1.4103,1.3881
15.75,A,1.3441,1.4041,1.3729,1.3794,1.4101,1.3878
16.28,A,,1.4080,,1.3791,1.4101,1.3878
16.87,B,1.2849,,1.3354,1.3780,1.4101,1.3873
17.37,B,1.3554,1.3422,1.3486,1.3776,1.4098,1.3866
17.88,B,1.4050,1.4323,1.4496,1.3781,1.4103,1.3878
18.42,B,1.3827,1.4652,1.4421,1.3782,1.4113,1.3889
18.92,B,1.3279,1.4721,1.4474,1.3773,1.4124,1.3900
19.42,B,,1.4644,1.3920,1.3772,1.4134,1.3900
19.97,B,,1.4592,,,1.4140,
