측정 방식,워크로드,정책,길이,반복,WAF 전체,구간 A,구간 B,구간 C,상태,폴더
명시 계측,"빠른 3영역 → SQLite (초기 설계, 긴)",고정 47번 (최적),6배,1,1.866816,1.773,2.350,,정상,result/mix-20260911/long-fixed47
명시 계측,"빠른 3영역 → SQLite (초기 설계, 긴)",iCAT v1,6배,1,2.186103,1.952,3.406,,정상,result/mix-20260911/long-online
명시 계측,빠른 3영역 → SQLite (초기 설계),고정 10번 (최악),1배,1,2.728774,2.234,3.658,,정상,result/mix-20260911/main-fixed10
명시 계측,빠른 3영역 → SQLite (초기 설계),고정 37번 (기본),1배,1,2.327921,1.949,3.039,,정상,result/mix-20260911/main-fixed37
명시 계측,빠른 3영역 → SQLite (초기 설계),고정 47번 (최적),1배,1,1.900914,1.772,2.144,,정상,result/mix-20260911/main-fixed47
명시 계측,빠른 3영역 → SQLite (초기 설계),고정 50번 (견고),1배,1,2.011575,1.813,2.384,,정상,result/mix-20260911/main-fixed50
명시 계측,빠른 3영역 → SQLite (초기 설계),Greedy,1배,1,2.735509,2.249,3.649,,정상,result/mix-20260911/main-greedy
명시 계측,빠른 3영역 → SQLite (초기 설계),iCAT v1,1배,1,2.430675,1.969,3.300,,정상,result/mix-20260911/main-online
명시 계측,빠른 3영역 → SQLite,고정 0번,1배,1,2.146298,2.145,2.151,,정상,result/mix-20260911/mixA-arm00-rep1
명시 계측,빠른 3영역 → SQLite,고정 1번,1배,1,2.228362,2.242,2.187,,정상,result/mix-20260911/mixA-arm01-rep1
명시 계측,빠른 3영역 → SQLite,고정 2번,1배,1,2.180341,2.243,1.995,,정상,result/mix-20260911/mixA-arm02-rep1
명시 계측,빠른 3영역 → SQLite,고정 3번,1배,1,2.256256,2.239,2.306,,정상,result/mix-20260911/mixA-arm03-rep1
명시 계측,빠른 3영역 → SQLite,고정 4번,1배,1,2.305641,2.263,2.431,,정상,result/mix-20260911/mixA-arm04-rep1
명시 계측,빠른 3영역 → SQLite,고정 5번,1배,1,2.249346,2.260,2.218,,정상,result/mix-20260911/mixA-arm05-rep1
명시 계측,빠른 3영역 → SQLite,고정 6번,1배,1,2.407443,2.264,2.825,,정상,result/mix-20260911/mixA-arm06-rep1
명시 계측,빠른 3영역 → SQLite,고정 7번,1배,1,2.345566,2.256,2.611,,정상,result/mix-20260911/mixA-arm07-rep1
명시 계측,빠른 3영역 → SQLite,고정 8번,1배,1,2.346474,2.263,2.594,,정상,result/mix-20260911/mixA-arm08-rep1
명시 계측,빠른 3영역 → SQLite,고정 9번,1배,1,2.427990,2.261,2.920,,정상,result/mix-20260911/mixA-arm09-rep1
명시 계측,빠른 3영역 → SQLite,고정 10번,1배,1,2.413003,2.242,2.917,,정상,result/mix-20260911/mixA-arm10-rep1
명시 계측,빠른 3영역 → SQLite,고정 11번,1배,1,2.429608,2.262,2.922,,정상,result/mix-20260911/mixA-arm11-rep1
명시 계측,빠른 3영역 → SQLite,고정 12번,1배,1,2.439026,2.274,2.925,,정상,result/mix-20260911/mixA-arm12-rep1
명시 계측,빠른 3영역 → SQLite,고정 13번,1배,1,2.430998,2.265,2.919,,정상,result/mix-20260911/mixA-arm13-rep1
명시 계측,빠른 3영역 → SQLite,고정 14번,1배,1,2.396005,2.217,2.922,,정상,result/mix-20260911/mixA-arm14-rep1
명시 계측,빠른 3영역 → SQLite,고정 15번,1배,1,1.849234,1.877,1.766,,정상,result/mix-20260911/mixA-arm15-rep1
명시 계측,빠른 3영역 → SQLite,고정 16번,1배,1,1.772501,1.833,1.594,,정상,result/mix-20260911/mixA-arm16-rep1
명시 계측,빠른 3영역 → SQLite,고정 17번,1배,1,1.744799,1.869,1.371,,정상,result/mix-20260911/mixA-arm17-rep1
명시 계측,빠른 3영역 → SQLite,고정 18번,1배,1,1.927473,1.975,1.785,,정상,result/mix-20260911/mixA-arm18-rep1
명시 계측,빠른 3영역 → SQLite,고정 19번,1배,1,1.861267,1.935,1.641,,정상,result/mix-20260911/mixA-arm19-rep1
명시 계측,빠른 3영역 → SQLite,고정 20번,1배,1,1.828813,1.933,1.518,,정상,result/mix-20260911/mixA-arm20-rep1
명시 계측,빠른 3영역 → SQLite,고정 21번,1배,1,2.104689,2.143,1.993,,정상,result/mix-20260911/mixA-arm21-rep1
명시 계측,빠른 3영역 → SQLite,고정 22번,1배,1,2.002179,2.083,1.760,,정상,result/mix-20260911/mixA-arm22-rep1
명시 계측,빠른 3영역 → SQLite,고정 23번,1배,1,1.965844,2.076,1.637,,정상,result/mix-20260911/mixA-arm23-rep1
명시 계측,빠른 3영역 → SQLite,고정 24번,1배,1,2.187974,2.204,2.142,,정상,result/mix-20260911/mixA-arm24-rep1
명시 계측,빠른 3영역 → SQLite,고정 25번,1배,1,2.158026,2.205,2.019,,정상,result/mix-20260911/mixA-arm25-rep1
명시 계측,빠른 3영역 → SQLite,고정 26번,1배,1,2.139754,2.206,1.943,,정상,result/mix-20260911/mixA-arm26-rep1
명시 계측,빠른 3영역 → SQLite,고정 27번,1배,1,2.205486,2.211,2.189,,정상,result/mix-20260911/mixA-arm27-rep1
명시 계측,빠른 3영역 → SQLite,고정 28번,1배,1,2.228615,2.231,2.223,,정상,result/mix-20260911/mixA-arm28-rep1
명시 계측,빠른 3영역 → SQLite,고정 29번,1배,1,2.176697,2.228,2.023,,정상,result/mix-20260911/mixA-arm29-rep1
명시 계측,빠른 3영역 → SQLite,고정 30번,1배,1,1.809592,1.839,1.723,,정상,result/mix-20260911/mixA-arm30-rep1
명시 계측,빠른 3영역 → SQLite,고정 31번,1배,1,1.739790,1.797,1.572,,정상,result/mix-20260911/mixA-arm31-rep1
명시 계측,빠른 3영역 → SQLite,고정 32번,1배,1,1.720150,1.794,1.500,,정상,result/mix-20260911/mixA-arm32-rep1
명시 계측,빠른 3영역 → SQLite,고정 33번,1배,1,1.877491,1.913,1.772,,정상,result/mix-20260911/mixA-arm33-rep1
명시 계측,빠른 3영역 → SQLite,고정 34번,1배,1,1.780327,1.838,1.610,,정상,result/mix-20260911/mixA-arm34-rep1
명시 계측,빠른 3영역 → SQLite,고정 35번,1배,1,1.758898,1.845,1.504,,정상,result/mix-20260911/mixA-arm35-rep1
명시 계측,빠른 3영역 → SQLite,고정 36번,1배,1,1.994816,2.043,1.852,,정상,result/mix-20260911/mixA-arm36-rep1
명시 계측,빠른 3영역 → SQLite,고정 37번,1배,1,1.907861,1.973,1.715,,정상,result/mix-20260911/mixA-arm37-rep1
명시 계측,빠른 3영역 → SQLite,고정 38번,1배,1,1.838839,1.929,1.569,,정상,result/mix-20260911/mixA-arm38-rep1
명시 계측,빠른 3영역 → SQLite,고정 39번,1배,1,2.119715,2.169,1.974,,정상,result/mix-20260911/mixA-arm39-rep1
명시 계측,빠른 3영역 → SQLite,고정 40번,1배,1,2.074742,2.137,1.890,,정상,result/mix-20260911/mixA-arm40-rep1
명시 계측,빠른 3영역 → SQLite,고정 41번,1배,1,2.010261,2.109,1.715,,정상,result/mix-20260911/mixA-arm41-rep1
명시 계측,빠른 3영역 → SQLite,고정 42번,1배,1,2.197076,2.227,2.110,,정상,result/mix-20260911/mixA-arm42-rep1
명시 계측,빠른 3영역 → SQLite,고정 43번,1배,1,2.153155,2.210,1.984,,정상,result/mix-20260911/mixA-arm43-rep1
명시 계측,빠른 3영역 → SQLite,고정 44번,1배,1,2.136416,2.189,1.982,,정상,result/mix-20260911/mixA-arm44-rep1
명시 계측,빠른 3영역 → SQLite,고정 45번,1배,1,1.799163,1.826,1.721,,정상,result/mix-20260911/mixA-arm45-rep1
명시 계측,빠른 3영역 → SQLite,고정 46번,1배,1,1.729903,1.783,1.572,,정상,result/mix-20260911/mixA-arm46-rep1
명시 계측,빠른 3영역 → SQLite,고정 47번,1배,1,1.732181,1.774,1.608,,정상,result/mix-20260911/mixA-arm47-rep1
명시 계측,빠른 3영역 → SQLite,고정 48번,1배,1,1.864478,1.895,1.774,,정상,result/mix-20260911/mixA-arm48-rep1
명시 계측,빠른 3영역 → SQLite,고정 49번,1배,1,1.775761,1.832,1.609,,정상,result/mix-20260911/mixA-arm49-rep1
명시 계측,빠른 3영역 → SQLite,고정 50번,1배,1,1.755893,1.810,1.595,,정상,result/mix-20260911/mixA-arm50-rep1
명시 계측,빠른 3영역 → SQLite,고정 51번,1배,1,1.970588,2.012,1.847,,정상,result/mix-20260911/mixA-arm51-rep1
명시 계측,빠른 3영역 → SQLite,고정 52번,1배,1,1.840110,1.892,1.686,,정상,result/mix-20260911/mixA-arm52-rep1
명시 계측,빠른 3영역 → SQLite,고정 53번,1배,1,1.790072,1.873,1.542,,정상,result/mix-20260911/mixA-arm53-rep1
명시 계측,빠른 3영역 → SQLite,고정 54번,1배,1,2.102939,2.129,2.026,,정상,result/mix-20260911/mixA-arm54-rep1
명시 계측,빠른 3영역 → SQLite,고정 55번,1배,1,2.011960,2.083,1.799,,정상,result/mix-20260911/mixA-arm55-rep1
명시 계측,빠른 3영역 → SQLite,고정 56번,1배,1,1.938956,2.029,1.672,,정상,result/mix-20260911/mixA-arm56-rep1
명시 계측,빠른 3영역 → SQLite,고정 57번,1배,1,2.196893,2.171,2.274,,정상,result/mix-20260911/mixA-arm57-rep1
명시 계측,빠른 3영역 → SQLite,고정 58번,1배,1,2.127181,2.189,1.943,,정상,result/mix-20260911/mixA-arm58-rep1
명시 계측,빠른 3영역 → SQLite,고정 59번,1배,1,2.084946,2.170,1.832,,정상,result/mix-20260911/mixA-arm59-rep1
명시 계측,빠른 3영역 → SQLite,고정 10번 (최악),1배,1,2.417684,2.262,2.871,,정상,result/mix-20260911/mixA-fixed10-rep1
명시 계측,빠른 3영역 → SQLite,고정 10번 (최악),1배,2,2.432506,2.263,2.927,,정상,result/mix-20260911/mixA-fixed10-rep2
명시 계측,빠른 3영역 → SQLite,고정 10번 (최악),1배,3,2.430461,2.263,2.922,,정상,result/mix-20260911/mixA-fixed10-rep3
명시 계측,빠른 3영역 → SQLite,고정 37번 (기본),1배,1,1.907351,1.974,1.711,,정상,result/mix-20260911/mixA-fixed37-rep1
명시 계측,빠른 3영역 → SQLite,고정 37번 (기본),1배,2,1.905339,1.975,1.698,,정상,result/mix-20260911/mixA-fixed37-rep2
명시 계측,빠른 3영역 → SQLite,고정 37번 (기본),1배,3,1.901780,1.969,1.701,,정상,result/mix-20260911/mixA-fixed37-rep3
명시 계측,빠른 3영역 → SQLite,고정 47번 (최적),1배,1,1.709426,1.774,1.519,,정상,result/mix-20260911/mixA-fixed47-rep1
명시 계측,빠른 3영역 → SQLite,고정 47번 (최적),3배,1,1.695523,1.771,1.443,,정상,result/mix-20260911/mixA-fixed47-rep1-x3
명시 계측,빠른 3영역 → SQLite,고정 47번 (최적),6배,1,1.722278,1.773,1.546,,정상,result/mix-20260911/mixA-fixed47-rep1-x6
명시 계측,빠른 3영역 → SQLite,고정 47번 (최적),1배,2,1.731886,1.774,1.607,,정상,result/mix-20260911/mixA-fixed47-rep2
명시 계측,빠른 3영역 → SQLite,고정 47번 (최적),1배,3,1.689517,1.751,1.507,,정상,result/mix-20260911/mixA-fixed47-rep3
명시 계측,빠른 3영역 → SQLite,고정 50번 (견고),1배,1,1.733305,1.813,1.499,,정상,result/mix-20260911/mixA-fixed50-rep1
명시 계측,빠른 3영역 → SQLite,고정 50번 (견고),3배,1,1.722841,1.814,1.420,,정상,result/mix-20260911/mixA-fixed50-rep1-x3
명시 계측,빠른 3영역 → SQLite,고정 50번 (견고),6배,1,1.723961,1.814,1.416,,정상,result/mix-20260911/mixA-fixed50-rep1-x6
명시 계측,빠른 3영역 → SQLite,고정 50번 (견고),1배,2,1.732265,1.811,1.499,,정상,result/mix-20260911/mixA-fixed50-rep2
명시 계측,빠른 3영역 → SQLite,고정 50번 (견고),1배,3,1.723802,1.800,1.499,,정상,result/mix-20260911/mixA-fixed50-rep3
명시 계측,빠른 3영역 → SQLite,Greedy,1배,1,2.421235,2.252,2.920,,정상,result/mix-20260911/mixA-greedy-rep1
명시 계측,빠른 3영역 → SQLite,Greedy,1배,2,2.418816,2.249,2.920,,정상,result/mix-20260911/mixA-greedy-rep2
명시 계측,빠른 3영역 → SQLite,Greedy,1배,3,2.397511,2.241,2.859,,정상,result/mix-20260911/mixA-greedy-rep3
명시 계측,빠른 3영역 → SQLite,iCAT v1,1배,1,2.122591,2.000,2.484,,정상,result/mix-20260911/mixA-online-rep1
명시 계측,빠른 3영역 → SQLite,iCAT v1,3배,1,1.920130,2.026,1.565,,정상,result/mix-20260911/mixA-online-rep1-x3
명시 계측,빠른 3영역 → SQLite,iCAT v1,6배,1,1.848380,1.944,1.518,,정상,result/mix-20260911/mixA-online-rep1-x6
명시 계측,빠른 3영역 → SQLite,iCAT v1,1배,2,2.110447,1.999,2.436,,정상,result/mix-20260911/mixA-online-rep2
명시 계측,빠른 3영역 → SQLite,iCAT v1,1배,3,2.122979,2.001,2.484,,정상,result/mix-20260911/mixA-online-rep3
명시 계측,빠른 3영역 → SQLite,iCAT v2,3배,1,1.881390,2.009,1.457,,정상,result/mix-20260911/mixA-onlinev2-rep1-x3
명시 계측,빠른 3영역 → SQLite,iCAT v2,3배,1,1.889859,1.977,1.598,,무효 (v2broken),result/mix-20260911/mixA-onlinev2-rep1-x3-v2broken
명시 계측,빠른 3영역 → SQLite,iCAT v2,6배,1,1.845689,1.952,1.480,,정상,result/mix-20260911/mixA-onlinev2-rep1-x6
명시 계측,빠른 3영역 → SQLite,iCAT v2,6배,1,1.887696,1.977,1.583,,무효 (v2broken),result/mix-20260911/mixA-onlinev2-rep1-x6-v2broken
명시 계측,빠른 3영역 → SQLite,iCAT v2,6배,2,1.848930,1.949,1.506,,정상,result/mix-20260911/mixA-onlinev2-rep2-x6
명시 계측,빠른 3영역 → SQLite,iCAT v2,6배,3,1.857768,1.961,1.507,,정상,result/mix-20260911/mixA-onlinev2-rep3-x6
명시 계측,빠른 3영역 → SQLite,iCAT v4,1배,1,1.899467,1.963,1.711,,정상,result/mix-20260911/mixA-onlinev4-rep1
명시 계측,빠른 3영역 → SQLite,iCAT v4,3배,1,1.809686,1.903,1.501,,정상,result/mix-20260911/mixA-onlinev4-rep1-x3
명시 계측,빠른 3영역 → SQLite,iCAT v4,6배,1,1.782562,1.867,1.496,,정상,result/mix-20260911/mixA-onlinev4-rep1-x6
명시 계측,SQLite → 빠른 3영역,고정 15번,1배,1,2.974186,1.502,3.468,,정상,result/mix-20260911/mixB-arm15-rep1
명시 계측,SQLite → 빠른 3영역,고정 16번,1배,1,2.825745,1.435,3.295,,정상,result/mix-20260911/mixB-arm16-rep1
명시 계측,SQLite → 빠른 3영역,고정 17번,1배,1,2.815581,1.367,3.302,,정상,result/mix-20260911/mixB-arm17-rep1
명시 계측,SQLite → 빠른 3영역,고정 30번,1배,1,2.798969,1.483,3.242,,정상,result/mix-20260911/mixB-arm30-rep1
명시 계측,SQLite → 빠른 3영역,고정 31번,1배,1,2.491587,1.395,2.860,,정상,result/mix-20260911/mixB-arm31-rep1
명시 계측,SQLite → 빠른 3영역,고정 31번,3배,1,2.650531,1.520,2.988,,정상,result/mix-20260911/mixB-arm31-rep1-x3
명시 계측,SQLite → 빠른 3영역,고정 32번,1배,1,2.510119,1.453,2.862,,정상,result/mix-20260911/mixB-arm32-rep1
명시 계측,SQLite → 빠른 3영역,고정 32번,3배,1,2.535097,1.442,2.861,,정상,result/mix-20260911/mixB-arm32-rep1-x3
명시 계측,SQLite → 빠른 3영역,고정 34번,1배,1,2.918905,1.451,3.413,,정상,result/mix-20260911/mixB-arm34-rep1
명시 계측,SQLite → 빠른 3영역,고정 35번,1배,1,2.781792,1.359,3.261,,정상,result/mix-20260911/mixB-arm35-rep1
명시 계측,SQLite → 빠른 3영역,고정 45번,1배,1,2.775728,1.487,3.209,,정상,result/mix-20260911/mixB-arm45-rep1
명시 계측,SQLite → 빠른 3영역,고정 46번,1배,1,2.586147,1.424,2.978,,정상,result/mix-20260911/mixB-arm46-rep1
명시 계측,SQLite → 빠른 3영역,고정 49번,1배,1,2.806728,1.509,3.242,,정상,result/mix-20260911/mixB-arm49-rep1
명시 계측,SQLite → 빠른 3영역,고정 53번,1배,1,2.990069,1.427,3.516,,정상,result/mix-20260911/mixB-arm53-rep1
명시 계측,SQLite → 빠른 3영역,고정 56번,1배,1,3.235436,1.496,3.823,,정상,result/mix-20260911/mixB-arm56-rep1
명시 계측,SQLite → 빠른 3영역,고정 10번 (최악),1배,1,3.593752,2.010,4.128,,정상,result/mix-20260911/mixB-fixed10-rep1
명시 계측,SQLite → 빠른 3영역,고정 10번 (최악),1배,2,3.665465,2.243,4.150,,정상,result/mix-20260911/mixB-fixed10-rep2
명시 계측,SQLite → 빠른 3영역,고정 10번 (최악),1배,3,3.631686,2.153,4.132,,정상,result/mix-20260911/mixB-fixed10-rep3
명시 계측,SQLite → 빠른 3영역,고정 37번 (기본),1배,1,3.201560,1.511,3.773,,정상,result/mix-20260911/mixB-fixed37-rep1
명시 계측,SQLite → 빠른 3영역,고정 37번 (기본),1배,2,3.197829,1.503,3.771,,정상,result/mix-20260911/mixB-fixed37-rep2
명시 계측,SQLite → 빠른 3영역,고정 37번 (기본),1배,3,3.198845,1.533,3.755,,정상,result/mix-20260911/mixB-fixed37-rep3
명시 계측,SQLite → 빠른 3영역,고정 47번 (최적),1배,1,2.448417,1.418,2.796,,정상,result/mix-20260911/mixB-fixed47-rep1
명시 계측,SQLite → 빠른 3영역,고정 47번 (최적),3배,1,2.487476,1.474,2.789,,정상,result/mix-20260911/mixB-fixed47-rep1-x3
명시 계측,SQLite → 빠른 3영역,고정 47번 (최적),1배,2,2.460719,1.467,2.795,,정상,result/mix-20260911/mixB-fixed47-rep2
명시 계측,SQLite → 빠른 3영역,고정 47번 (최적),1배,3,2.451840,1.419,2.799,,정상,result/mix-20260911/mixB-fixed47-rep3
명시 계측,SQLite → 빠른 3영역,고정 50번 (견고),1배,1,2.617907,1.452,3.010,,정상,result/mix-20260911/mixB-fixed50-rep1
명시 계측,SQLite → 빠른 3영역,고정 50번 (견고),3배,1,2.645400,1.385,3.023,,정상,result/mix-20260911/mixB-fixed50-rep1-x3
명시 계측,SQLite → 빠른 3영역,고정 50번 (견고),1배,2,2.612052,1.408,3.018,,정상,result/mix-20260911/mixB-fixed50-rep2
명시 계측,SQLite → 빠른 3영역,고정 50번 (견고),1배,3,2.617029,1.462,3.003,,정상,result/mix-20260911/mixB-fixed50-rep3
명시 계측,SQLite → 빠른 3영역,Greedy,1배,1,3.622992,2.177,4.112,,정상,result/mix-20260911/mixB-greedy-rep1
명시 계측,SQLite → 빠른 3영역,Greedy,1배,2,3.584362,2.001,4.116,,정상,result/mix-20260911/mixB-greedy-rep2
명시 계측,SQLite → 빠른 3영역,Greedy,1배,3,3.634564,2.208,4.114,,정상,result/mix-20260911/mixB-greedy-rep3
명시 계측,SQLite → 빠른 3영역,iCAT v1,1배,1,3.207188,1.963,3.629,,정상,result/mix-20260911/mixB-online-rep1
명시 계측,SQLite → 빠른 3영역,iCAT v1,1배,1,2.039964,1.811,2.042,,시험 실행,result/mix-20260911/mixB-online-rep1-smoke
명시 계측,SQLite → 빠른 3영역,iCAT v1,1배,2,3.190695,1.859,3.639,,정상,result/mix-20260911/mixB-online-rep2
명시 계측,SQLite → 빠른 3영역,iCAT v1,1배,3,3.100066,1.850,3.522,,정상,result/mix-20260911/mixB-online-rep3
명시 계측,SQLite → 빠른 3영역,iCAT v4,1배,1,3.015684,1.431,3.549,,정상,result/mix-20260911/mixB-onlinev4-rep1
명시 계측,SQLite → 빠른 3영역,iCAT v4,3배,1,2.886900,1.380,3.339,,정상,result/mix-20260911/mixB-onlinev4-rep1-x3
명시 계측,느린 → 빠른 3영역,고정 0번,1배,1,2.227714,2.149,2.247,,정상,result/mix-20260911/mixC-arm00-rep1
명시 계측,느린 → 빠른 3영역,고정 1번,1배,1,2.228788,2.140,2.251,,정상,result/mix-20260911/mixC-arm01-rep1
명시 계측,느린 → 빠른 3영역,고정 2번,1배,1,2.230942,2.141,2.253,,정상,result/mix-20260911/mixC-arm02-rep1
명시 계측,느린 → 빠른 3영역,고정 3번,1배,1,2.253284,2.138,2.282,,정상,result/mix-20260911/mixC-arm03-rep1
명시 계측,느린 → 빠른 3영역,고정 4번,1배,1,2.254867,2.149,2.282,,정상,result/mix-20260911/mixC-arm04-rep1
명시 계측,느린 → 빠른 3영역,고정 5번,1배,1,2.258901,2.164,2.283,,정상,result/mix-20260911/mixC-arm05-rep1
명시 계측,느린 → 빠른 3영역,고정 6번,1배,1,2.259663,2.166,2.283,,정상,result/mix-20260911/mixC-arm06-rep1
명시 계측,느린 → 빠른 3영역,고정 7번,1배,1,2.262296,2.170,2.285,,정상,result/mix-20260911/mixC-arm07-rep1
명시 계측,느린 → 빠른 3영역,고정 8번,1배,1,2.263063,2.165,2.287,,정상,result/mix-20260911/mixC-arm08-rep1
명시 계측,느린 → 빠른 3영역,고정 9번,1배,1,2.259562,2.165,2.283,,정상,result/mix-20260911/mixC-arm09-rep1
명시 계측,느린 → 빠른 3영역,고정 10번,1배,1,2.260379,2.165,2.284,,정상,result/mix-20260911/mixC-arm10-rep1
명시 계측,느린 → 빠른 3영역,고정 11번,1배,1,2.259295,2.164,2.283,,정상,result/mix-20260911/mixC-arm11-rep1
명시 계측,느린 → 빠른 3영역,고정 12번,1배,1,2.262845,2.170,2.286,,정상,result/mix-20260911/mixC-arm12-rep1
명시 계측,느린 → 빠른 3영역,고정 13번,1배,1,2.241136,2.099,2.277,,정상,result/mix-20260911/mixC-arm13-rep1
명시 계측,느린 → 빠른 3영역,고정 14번,1배,1,2.223785,2.086,2.258,,정상,result/mix-20260911/mixC-arm14-rep1
명시 계측,느린 → 빠른 3영역,고정 15번,1배,1,1.837449,1.822,1.841,,정상,result/mix-20260911/mixC-arm15-rep1
명시 계측,느린 → 빠른 3영역,고정 16번,1배,1,1.806572,1.824,1.802,,정상,result/mix-20260911/mixC-arm16-rep1
명시 계측,느린 → 빠른 3영역,고정 17번,1배,1,1.833180,1.825,1.835,,정상,result/mix-20260911/mixC-arm17-rep1
명시 계측,느린 → 빠른 3영역,고정 18번,1배,1,1.905465,1.846,1.920,,정상,result/mix-20260911/mixC-arm18-rep1
명시 계측,느린 → 빠른 3영역,고정 19번,1배,1,1.865304,1.824,1.876,,정상,result/mix-20260911/mixC-arm19-rep1
명시 계측,느린 → 빠른 3영역,고정 20번,1배,1,1.871713,1.865,1.873,,정상,result/mix-20260911/mixC-arm20-rep1
명시 계측,느린 → 빠른 3영역,고정 21번,1배,1,2.033011,1.888,2.069,,정상,result/mix-20260911/mixC-arm21-rep1
명시 계측,느린 → 빠른 3영역,고정 22번,1배,1,1.994507,1.830,2.036,,정상,result/mix-20260911/mixC-arm22-rep1
명시 계측,느린 → 빠른 3영역,고정 23번,1배,1,2.001187,1.895,2.028,,정상,result/mix-20260911/mixC-arm23-rep1
명시 계측,느린 → 빠른 3영역,고정 24번,1배,1,2.130965,1.978,2.169,,정상,result/mix-20260911/mixC-arm24-rep1
명시 계측,느린 → 빠른 3영역,고정 25번,1배,1,2.118940,1.968,2.157,,정상,result/mix-20260911/mixC-arm25-rep1
명시 계측,느린 → 빠른 3영역,고정 26번,1배,1,2.118018,1.953,2.159,,정상,result/mix-20260911/mixC-arm26-rep1
명시 계측,느린 → 빠른 3영역,고정 27번,1배,1,2.219876,2.132,2.242,,정상,result/mix-20260911/mixC-arm27-rep1
명시 계측,느린 → 빠른 3영역,고정 28번,1배,1,2.210981,2.126,2.232,,정상,result/mix-20260911/mixC-arm28-rep1
명시 계측,느린 → 빠른 3영역,고정 29번,1배,1,2.213087,2.129,2.234,,정상,result/mix-20260911/mixC-arm29-rep1
명시 계측,느린 → 빠른 3영역,고정 30번,1배,1,1.801000,1.807,1.800,,정상,result/mix-20260911/mixC-arm30-rep1
명시 계측,느린 → 빠른 3영역,고정 31번,1배,1,1.763529,1.798,1.755,,정상,result/mix-20260911/mixC-arm31-rep1
명시 계측,느린 → 빠른 3영역,고정 32번,1배,1,1.766363,1.799,1.758,,정상,result/mix-20260911/mixC-arm32-rep1
명시 계측,느린 → 빠른 3영역,고정 33번,1배,1,1.858392,1.824,1.867,,정상,result/mix-20260911/mixC-arm33-rep1
명시 계측,느린 → 빠른 3영역,고정 34번,1배,1,1.811821,1.806,1.813,,정상,result/mix-20260911/mixC-arm34-rep1
명시 계측,느린 → 빠른 3영역,고정 35번,1배,1,1.811355,1.812,1.811,,정상,result/mix-20260911/mixC-arm35-rep1
명시 계측,느린 → 빠른 3영역,고정 36번,1배,1,1.947645,1.862,1.969,,정상,result/mix-20260911/mixC-arm36-rep1
명시 계측,느린 → 빠른 3영역,고정 37번,1배,1,1.889317,1.823,1.906,,정상,result/mix-20260911/mixC-arm37-rep1
명시 계측,느린 → 빠른 3영역,고정 38번,1배,1,1.865884,1.843,1.872,,정상,result/mix-20260911/mixC-arm38-rep1
명시 계측,느린 → 빠른 3영역,고정 39번,1배,1,2.061748,1.933,2.094,,정상,result/mix-20260911/mixC-arm39-rep1
명시 계측,느린 → 빠른 3영역,고정 40번,1배,1,2.020509,1.874,2.057,,정상,result/mix-20260911/mixC-arm40-rep1
명시 계측,느린 → 빠른 3영역,고정 41번,1배,1,1.998570,1.873,2.030,,정상,result/mix-20260911/mixC-arm41-rep1
명시 계측,느린 → 빠른 3영역,고정 42번,1배,1,2.156186,2.028,2.188,,정상,result/mix-20260911/mixC-arm42-rep1
명시 계측,느린 → 빠른 3영역,고정 43번,1배,1,2.128639,1.994,2.162,,정상,result/mix-20260911/mixC-arm43-rep1
명시 계측,느린 → 빠른 3영역,고정 44번,1배,1,2.118151,1.970,2.155,,정상,result/mix-20260911/mixC-arm44-rep1
명시 계측,느린 → 빠른 3영역,고정 45번,1배,1,1.791252,1.805,1.788,,정상,result/mix-20260911/mixC-arm45-rep1
명시 계측,느린 → 빠른 3영역,고정 46번,1배,1,1.755505,1.791,1.746,,정상,result/mix-20260911/mixC-arm46-rep1
명시 계측,느린 → 빠른 3영역,고정 47번,1배,1,1.750892,1.798,1.739,,정상,result/mix-20260911/mixC-arm47-rep1
명시 계측,느린 → 빠른 3영역,고정 48번,1배,1,1.841531,1.814,1.849,,정상,result/mix-20260911/mixC-arm48-rep1
명시 계측,느린 → 빠른 3영역,고정 49번,1배,1,1.794186,1.791,1.795,,정상,result/mix-20260911/mixC-arm49-rep1
명시 계측,느린 → 빠른 3영역,고정 50번,1배,1,1.779370,1.801,1.774,,정상,result/mix-20260911/mixC-arm50-rep1
명시 계측,느린 → 빠른 3영역,고정 51번,1배,1,1.930448,1.854,1.949,,정상,result/mix-20260911/mixC-arm51-rep1
명시 계측,느린 → 빠른 3영역,고정 52번,1배,1,1.867773,1.812,1.882,,정상,result/mix-20260911/mixC-arm52-rep1
명시 계측,느린 → 빠른 3영역,고정 53번,1배,1,1.832822,1.821,1.836,,정상,result/mix-20260911/mixC-arm53-rep1
명시 계측,느린 → 빠른 3영역,고정 54번,1배,1,2.029868,1.918,2.058,,정상,result/mix-20260911/mixC-arm54-rep1
명시 계측,느린 → 빠른 3영역,고정 55번,1배,1,1.979700,1.858,2.010,,정상,result/mix-20260911/mixC-arm55-rep1
명시 계측,느린 → 빠른 3영역,고정 56번,1배,1,1.935628,1.845,1.958,,정상,result/mix-20260911/mixC-arm56-rep1
명시 계측,느린 → 빠른 3영역,고정 57번,1배,1,2.125228,2.017,2.152,,정상,result/mix-20260911/mixC-arm57-rep1
명시 계측,느린 → 빠른 3영역,고정 58번,1배,1,2.093207,1.960,2.126,,정상,result/mix-20260911/mixC-arm58-rep1
명시 계측,느린 → 빠른 3영역,고정 59번,1배,1,2.063612,1.915,2.101,,정상,result/mix-20260911/mixC-arm59-rep1
명시 계측,느린 → 빠른 3영역,고정 10번 (최악),1배,1,2.258631,2.164,2.282,,정상,result/mix-20260911/mixC-fixed10-rep1
명시 계측,느린 → 빠른 3영역,고정 10번 (최악),1배,2,2.258980,2.164,2.283,,정상,result/mix-20260911/mixC-fixed10-rep2
명시 계측,느린 → 빠른 3영역,고정 10번 (최악),1배,3,2.262131,2.170,2.285,,정상,result/mix-20260911/mixC-fixed10-rep3
명시 계측,느린 → 빠른 3영역,고정 37번 (기본),1배,1,1.891463,1.825,1.908,,정상,result/mix-20260911/mixC-fixed37-rep1
명시 계측,느린 → 빠른 3영역,고정 37번 (기본),1배,2,1.892370,1.825,1.909,,정상,result/mix-20260911/mixC-fixed37-rep2
명시 계측,느린 → 빠른 3영역,고정 37번 (기본),1배,3,1.891070,1.824,1.908,,정상,result/mix-20260911/mixC-fixed37-rep3
명시 계측,느린 → 빠른 3영역,고정 47번 (최적),1배,1,1.750800,1.798,1.739,,정상,result/mix-20260911/mixC-fixed47-rep1
명시 계측,느린 → 빠른 3영역,고정 47번 (최적),3배,1,1.772120,1.769,1.773,,정상,result/mix-20260911/mixC-fixed47-rep1-x3
명시 계측,느린 → 빠른 3영역,고정 47번 (최적),6배,1,1.770380,1.759,1.773,,정상,result/mix-20260911/mixC-fixed47-rep1-x6
명시 계측,느린 → 빠른 3영역,고정 47번 (최적),1배,2,1.749629,1.790,1.739,,정상,result/mix-20260911/mixC-fixed47-rep2
명시 계측,느린 → 빠른 3영역,고정 47번 (최적),1배,3,1.749338,1.796,1.738,,정상,result/mix-20260911/mixC-fixed47-rep3
명시 계측,느린 → 빠른 3영역,고정 50번 (견고),1배,1,1.780131,1.802,1.775,,정상,result/mix-20260911/mixC-fixed50-rep1
명시 계측,느린 → 빠른 3영역,고정 50번 (견고),3배,1,1.803774,1.771,1.812,,정상,result/mix-20260911/mixC-fixed50-rep1-x3
명시 계측,느린 → 빠른 3영역,고정 50번 (견고),6배,1,1.803738,1.760,1.815,,정상,result/mix-20260911/mixC-fixed50-rep1-x6
명시 계측,느린 → 빠른 3영역,고정 50번 (견고),1배,2,1.779854,1.800,1.775,,정상,result/mix-20260911/mixC-fixed50-rep2
명시 계측,느린 → 빠른 3영역,고정 50번 (견고),1배,3,1.779509,1.801,1.774,,정상,result/mix-20260911/mixC-fixed50-rep3
명시 계측,느린 → 빠른 3영역,Greedy,1배,1,2.249667,2.157,2.273,,정상,result/mix-20260911/mixC-greedy-rep1
명시 계측,느린 → 빠른 3영역,Greedy,1배,2,2.241014,2.153,2.263,,정상,result/mix-20260911/mixC-greedy-rep2
명시 계측,느린 → 빠른 3영역,Greedy,1배,3,2.241944,2.117,2.273,,정상,result/mix-20260911/mixC-greedy-rep3
명시 계측,느린 → 빠른 3영역,iCAT v1,1배,1,1.999607,2.139,1.965,,정상,result/mix-20260911/mixC-online-rep1
명시 계측,느린 → 빠른 3영역,iCAT v1,1배,1,1.962617,1.794,2.005,,시험 실행,result/mix-20260911/mixC-online-rep1-smoke
명시 계측,느린 → 빠른 3영역,iCAT v1,3배,1,1.972364,1.955,1.977,,정상,result/mix-20260911/mixC-online-rep1-x3
명시 계측,느린 → 빠른 3영역,iCAT v1,6배,1,1.939534,1.961,1.934,,정상,result/mix-20260911/mixC-online-rep1-x6
명시 계측,느린 → 빠른 3영역,iCAT v1,1배,2,1.999804,2.140,1.965,,정상,result/mix-20260911/mixC-online-rep2
명시 계측,느린 → 빠른 3영역,iCAT v1,1배,3,1.996412,2.125,1.964,,정상,result/mix-20260911/mixC-online-rep3
명시 계측,느린 → 빠른 3영역,iCAT v2,3배,1,1.983176,2.128,1.947,,정상,result/mix-20260911/mixC-onlinev2-rep1-x3
명시 계측,느린 → 빠른 3영역,iCAT v2,3배,1,1.940106,1.806,1.974,,무효 (v2broken),result/mix-20260911/mixC-onlinev2-rep1-x3-v2broken
명시 계측,느린 → 빠른 3영역,iCAT v2,6배,1,1.946354,1.997,1.934,,정상,result/mix-20260911/mixC-onlinev2-rep1-x6
명시 계측,느린 → 빠른 3영역,iCAT v2,6배,1,1.945555,1.799,1.982,,무효 (v2broken),result/mix-20260911/mixC-onlinev2-rep1-x6-v2broken
명시 계측,느린 → 빠른 3영역,iCAT v2,6배,2,1.957987,1.998,1.948,,정상,result/mix-20260911/mixC-onlinev2-rep2-x6
명시 계측,느린 → 빠른 3영역,iCAT v2,6배,3,1.956115,1.998,1.946,,정상,result/mix-20260911/mixC-onlinev2-rep3-x6
명시 계측,느린 → 빠른 3영역,iCAT v4,1배,1,1.905505,1.847,1.920,,정상,result/mix-20260911/mixC-onlinev4-rep1
명시 계측,느린 → 빠른 3영역,iCAT v4,3배,1,1.887749,1.832,1.902,,정상,result/mix-20260911/mixC-onlinev4-rep1-x3
명시 계측,느린 → 빠른 3영역,iCAT v4,6배,1,1.890470,1.826,1.907,,정상,result/mix-20260911/mixC-onlinev4-rep1-x6
명시 계측,빠른 → 느린 3영역,고정 15번,1배,1,1.871686,1.877,1.850,,정상,result/mix-20260911/mixD-arm15-rep1
명시 계측,빠른 → 느린 3영역,고정 16번,1배,1,1.834621,1.832,1.844,,정상,result/mix-20260911/mixD-arm16-rep1
명시 계측,빠른 → 느린 3영역,고정 17번,1배,1,1.860474,1.869,1.826,,정상,result/mix-20260911/mixD-arm17-rep1
명시 계측,빠른 → 느린 3영역,고정 30번,1배,1,1.837191,1.839,1.831,,정상,result/mix-20260911/mixD-arm30-rep1
명시 계측,빠른 → 느린 3영역,고정 31번,1배,1,1.800792,1.796,1.819,,정상,result/mix-20260911/mixD-arm31-rep1
명시 계측,빠른 → 느린 3영역,고정 32번,1배,1,1.797333,1.796,1.804,,정상,result/mix-20260911/mixD-arm32-rep1
명시 계측,빠른 → 느린 3영역,고정 32번,3배,1,1.788733,1.794,1.768,,정상,result/mix-20260911/mixD-arm32-rep1-x3
명시 계측,빠른 → 느린 3영역,고정 34번,1배,1,1.843650,1.849,1.823,,정상,result/mix-20260911/mixD-arm34-rep1
명시 계측,빠른 → 느린 3영역,고정 35번,1배,1,1.841725,1.847,1.823,,정상,result/mix-20260911/mixD-arm35-rep1
명시 계측,빠른 → 느린 3영역,고정 45번,1배,1,1.826479,1.826,1.826,,정상,result/mix-20260911/mixD-arm45-rep1
명시 계측,빠른 → 느린 3영역,고정 46번,1배,1,1.789820,1.783,1.815,,정상,result/mix-20260911/mixD-arm46-rep1
명시 계측,빠른 → 느린 3영역,고정 46번,3배,1,1.781850,1.785,1.769,,정상,result/mix-20260911/mixD-arm46-rep1-x3
명시 계측,빠른 → 느린 3영역,고정 49번,1배,1,1.829888,1.833,1.819,,정상,result/mix-20260911/mixD-arm49-rep1
명시 계측,빠른 → 느린 3영역,고정 53번,1배,1,1.876006,1.885,1.841,,정상,result/mix-20260911/mixD-arm53-rep1
명시 계측,빠른 → 느린 3영역,고정 56번,1배,1,1.998903,2.030,1.874,,정상,result/mix-20260911/mixD-arm56-rep1
명시 계측,빠른 → 느린 3영역,고정 10번 (최악),1배,1,2.266060,2.263,2.280,,정상,result/mix-20260911/mixD-fixed10-rep1
명시 계측,빠른 → 느린 3영역,고정 10번 (최악),1배,2,2.259453,2.255,2.275,,정상,result/mix-20260911/mixD-fixed10-rep2
명시 계측,빠른 → 느린 3영역,고정 10번 (최악),1배,3,2.265834,2.263,2.279,,정상,result/mix-20260911/mixD-fixed10-rep3
명시 계측,빠른 → 느린 3영역,고정 37번 (기본),1배,1,1.950377,1.975,1.851,,정상,result/mix-20260911/mixD-fixed37-rep1
명시 계측,빠른 → 느린 3영역,고정 37번 (기본),1배,2,1.947870,1.972,1.851,,정상,result/mix-20260911/mixD-fixed37-rep2
명시 계측,빠른 → 느린 3영역,고정 37번 (기본),1배,3,1.929445,1.949,1.850,,정상,result/mix-20260911/mixD-fixed37-rep3
명시 계측,빠른 → 느린 3영역,고정 47번 (최적),1배,1,1.778193,1.771,1.807,,정상,result/mix-20260911/mixD-fixed47-rep1
명시 계측,빠른 → 느린 3영역,고정 47번 (최적),3배,1,1.768535,1.771,1.758,,정상,result/mix-20260911/mixD-fixed47-rep1-x3
명시 계측,빠른 → 느린 3영역,고정 47번 (최적),6배,1,1.770050,1.773,1.758,,정상,result/mix-20260911/mixD-fixed47-rep1-x6
명시 계측,빠른 → 느린 3영역,고정 47번 (최적),1배,2,1.773552,1.764,1.810,,정상,result/mix-20260911/mixD-fixed47-rep2
명시 계측,빠른 → 느린 3영역,고정 47번 (최적),1배,3,1.779093,1.772,1.808,,정상,result/mix-20260911/mixD-fixed47-rep3
명시 계측,빠른 → 느린 3영역,고정 50번 (견고),1배,1,1.812457,1.813,1.812,,정상,result/mix-20260911/mixD-fixed50-rep1
명시 계측,빠른 → 느린 3영역,고정 50번 (견고),3배,1,1.802337,1.811,1.769,,정상,result/mix-20260911/mixD-fixed50-rep1-x3
명시 계측,빠른 → 느린 3영역,고정 50번 (견고),6배,1,1.803140,1.814,1.761,,정상,result/mix-20260911/mixD-fixed50-rep1-x6
명시 계측,빠른 → 느린 3영역,고정 50번 (견고),1배,2,1.810633,1.810,1.813,,정상,result/mix-20260911/mixD-fixed50-rep2
명시 계측,빠른 → 느린 3영역,고정 50번 (견고),1배,3,1.812345,1.812,1.812,,정상,result/mix-20260911/mixD-fixed50-rep3
명시 계측,빠른 → 느린 3영역,Greedy,1배,1,2.248532,2.243,2.270,,정상,result/mix-20260911/mixD-greedy-rep1
명시 계측,빠른 → 느린 3영역,Greedy,1배,2,2.253033,2.249,2.268,,정상,result/mix-20260911/mixD-greedy-rep2
명시 계측,빠른 → 느린 3영역,Greedy,1배,3,2.255146,2.252,2.269,,정상,result/mix-20260911/mixD-greedy-rep3
명시 계측,빠른 → 느린 3영역,iCAT v1,1배,1,2.044698,1.989,2.269,,정상,result/mix-20260911/mixD-online-rep1
명시 계측,빠른 → 느린 3영역,iCAT v1,1배,1,2.056724,2.041,2.118,,시험 실행,result/mix-20260911/mixD-online-rep1-smoke
명시 계측,빠른 → 느린 3영역,iCAT v1,6배,1,1.919019,1.946,1.811,,정상,result/mix-20260911/mixD-online-rep1-x6
명시 계측,빠른 → 느린 3영역,iCAT v1,1배,2,2.055049,2.002,2.266,,정상,result/mix-20260911/mixD-online-rep2
명시 계측,빠른 → 느린 3영역,iCAT v1,1배,3,2.052721,2.000,2.262,,정상,result/mix-20260911/mixD-online-rep3
명시 계측,빠른 → 느린 3영역,iCAT v2,6배,1,1.938795,1.961,1.851,,정상,result/mix-20260911/mixD-onlinev2-rep1-x6
명시 계측,빠른 → 느린 3영역,iCAT v3,6배,1,1.893754,1.918,1.796,,정상,result/mix-20260911/mixD-onlinev3-rep1-x6
명시 계측,빠른 → 느린 3영역,iCAT v4,1배,1,1.952521,1.965,1.904,,정상,result/mix-20260911/mixD-onlinev4-rep1
명시 계측,빠른 → 느린 3영역,iCAT v4,3배,1,1.874386,1.897,1.786,,정상,result/mix-20260911/mixD-onlinev4-rep1-x3
명시 계측,빠른 → 느린 3영역,iCAT v4,6배,1,1.851976,1.871,1.778,,정상,result/mix-20260911/mixD-onlinev4-rep1-x6
명시 계측,빠른 3영역 → 메일 서버,고정 15번,1배,1,2.928536,1.876,3.751,,정상,result/mix-20260911/mixF-arm15-rep1
명시 계측,빠른 3영역 → 메일 서버,고정 16번,1배,1,2.778126,1.833,3.454,,정상,result/mix-20260911/mixF-arm16-rep1
명시 계측,빠른 3영역 → 메일 서버,고정 17번,1배,1,2.613225,1.846,3.101,,정상,result/mix-20260911/mixF-arm17-rep1
명시 계측,빠른 3영역 → 메일 서버,고정 17번,3배,1,2.502563,1.872,2.895,,정상,result/mix-20260911/mixF-arm17-rep1-x3
명시 계측,빠른 3영역 → 메일 서버,고정 30번,1배,1,2.735251,1.806,3.457,,정상,result/mix-20260911/mixF-arm30-rep1
명시 계측,빠른 3영역 → 메일 서버,고정 31번,1배,1,2.618761,1.797,3.189,,정상,result/mix-20260911/mixF-arm31-rep1
명시 계측,빠른 3영역 → 메일 서버,고정 31번,3배,1,2.468293,1.798,2.907,,정상,result/mix-20260911/mixF-arm31-rep1-x3
명시 계측,빠른 3영역 → 메일 서버,고정 32번,1배,1,2.458911,1.795,2.847,,정상,result/mix-20260911/mixF-arm32-rep1
명시 계측,빠른 3영역 → 메일 서버,고정 32번,3배,1,2.369723,1.795,2.681,,정상,result/mix-20260911/mixF-arm32-rep1-x3
명시 계측,빠른 3영역 → 메일 서버,고정 34번,1배,1,2.829361,1.852,3.560,,정상,result/mix-20260911/mixF-arm34-rep1
명시 계측,빠른 3영역 → 메일 서버,고정 35번,1배,1,2.703629,1.847,3.291,,정상,result/mix-20260911/mixF-arm35-rep1
명시 계측,빠른 3영역 → 메일 서버,고정 45번,1배,1,2.680424,1.825,3.339,,정상,result/mix-20260911/mixF-arm45-rep1
명시 계측,빠른 3영역 → 메일 서버,고정 46번,1배,1,2.533525,1.763,3.064,,정상,result/mix-20260911/mixF-arm46-rep1
명시 계측,빠른 3영역 → 메일 서버,고정 46번,3배,1,2.366524,1.786,2.770,,정상,result/mix-20260911/mixF-arm46-rep1-x3
명시 계측,빠른 3영역 → 메일 서버,고정 49번,1배,1,2.736685,1.832,3.453,,정상,result/mix-20260911/mixF-arm49-rep1
명시 계측,빠른 3영역 → 메일 서버,고정 53번,1배,1,2.882033,1.885,3.649,,정상,result/mix-20260911/mixF-arm53-rep1
명시 계측,빠른 3영역 → 메일 서버,고정 56번,1배,1,3.181020,2.014,4.203,,정상,result/mix-20260911/mixF-arm56-rep1
명시 계측,빠른 3영역 → 메일 서버,고정 10번 (최악),1배,1,3.741145,2.262,5.365,,정상,result/mix-20260911/mixF-fixed10-rep1
명시 계측,빠른 3영역 → 메일 서버,고정 10번 (최악),1배,2,3.734553,2.260,5.337,,정상,result/mix-20260911/mixF-fixed10-rep2
명시 계측,빠른 3영역 → 메일 서버,고정 10번 (최악),1배,3,3.714299,2.199,5.378,,정상,result/mix-20260911/mixF-fixed10-rep3
명시 계측,빠른 3영역 → 메일 서버,고정 37번 (기본),1배,1,3.028623,1.922,3.968,,정상,result/mix-20260911/mixF-fixed37-rep1
명시 계측,빠른 3영역 → 메일 서버,고정 37번 (기본),3배,1,2.878564,1.976,3.618,,정상,result/mix-20260911/mixF-fixed37-rep1-x3
명시 계측,빠른 3영역 → 메일 서버,고정 37번 (기본),1배,2,3.090779,1.974,4.022,,정상,result/mix-20260911/mixF-fixed37-rep2
명시 계측,빠른 3영역 → 메일 서버,고정 37번 (기본),1배,3,3.077871,1.955,4.021,,정상,result/mix-20260911/mixF-fixed37-rep3
명시 계측,빠른 3영역 → 메일 서버,고정 47번 (최적),1배,1,2.353752,1.774,2.709,,정상,result/mix-20260911/mixF-fixed47-rep1
명시 계측,빠른 3영역 → 메일 서버,고정 47번 (최적),3배,1,2.041852,1.771,2.191,,정상,result/mix-20260911/mixF-fixed47-rep1-x3
명시 계측,빠른 3영역 → 메일 서버,고정 47번 (최적),1배,2,2.395916,1.767,2.756,,정상,result/mix-20260911/mixF-fixed47-rep2
명시 계측,빠른 3영역 → 메일 서버,고정 47번 (최적),1배,3,2.381513,1.774,2.727,,정상,result/mix-20260911/mixF-fixed47-rep3
명시 계측,빠른 3영역 → 메일 서버,고정 50번 (견고),1배,1,2.566859,1.813,3.077,,정상,result/mix-20260911/mixF-fixed50-rep1
명시 계측,빠른 3영역 → 메일 서버,고정 50번 (견고),3배,1,2.454104,1.814,2.860,,정상,result/mix-20260911/mixF-fixed50-rep1-x3
명시 계측,빠른 3영역 → 메일 서버,고정 50번 (견고),1배,2,2.583994,1.806,3.081,,정상,result/mix-20260911/mixF-fixed50-rep2
명시 계측,빠른 3영역 → 메일 서버,고정 50번 (견고),1배,3,2.594711,1.813,3.097,,정상,result/mix-20260911/mixF-fixed50-rep3
명시 계측,빠른 3영역 → 메일 서버,Greedy,1배,1,3.713850,2.248,5.301,,정상,result/mix-20260911/mixF-greedy-rep1
명시 계측,빠른 3영역 → 메일 서버,Greedy,1배,2,3.725438,2.251,5.341,,정상,result/mix-20260911/mixF-greedy-rep2
명시 계측,빠른 3영역 → 메일 서버,Greedy,1배,3,3.717786,2.244,5.309,,정상,result/mix-20260911/mixF-greedy-rep3
명시 계측,빠른 3영역 → 메일 서버,iCAT v1,1배,1,3.499428,2.002,5.070,,정상,result/mix-20260911/mixF-online-rep1
명시 계측,빠른 3영역 → 메일 서버,iCAT v1,1배,1,2.040091,2.039,2.041,,시험 실행,result/mix-20260911/mixF-online-rep1-smoke
명시 계측,빠른 3영역 → 메일 서버,iCAT v1,1배,2,3.466033,1.995,4.979,,정상,result/mix-20260911/mixF-online-rep2
명시 계측,빠른 3영역 → 메일 서버,iCAT v1,1배,3,3.405306,1.939,4.894,,정상,result/mix-20260911/mixF-online-rep3
명시 계측,빠른 3영역 → 메일 서버,iCAT v4,3배,1,2.350071,1.902,2.596,,정상,result/mix-20260911/mixF-onlinev4-rep1-x3
명시 계측,빠른 3영역 → 메일 서버,iCAT v4,3배,2,2.354397,1.904,2.625,,정상,result/mix-20260911/mixF-onlinev4-rep2-x3
명시 계측,빠른 3영역 + SQLite 동시,고정 15번,1배,1,3.493307,3.493,,,정상,result/mix-20260911/mixG-arm15-rep1
명시 계측,빠른 3영역 + SQLite 동시,고정 16번,1배,1,3.391822,3.392,,,정상,result/mix-20260911/mixG-arm16-rep1
명시 계측,빠른 3영역 + SQLite 동시,고정 17번,1배,1,3.157282,3.157,,,정상,result/mix-20260911/mixG-arm17-rep1
명시 계측,빠른 3영역 + SQLite 동시,고정 30번,1배,1,3.334833,3.335,,,정상,result/mix-20260911/mixG-arm30-rep1
명시 계측,빠른 3영역 + SQLite 동시,고정 31번,1배,1,3.151589,3.152,,,정상,result/mix-20260911/mixG-arm31-rep1
명시 계측,빠른 3영역 + SQLite 동시,고정 32번,1배,1,2.991780,2.992,,,정상,result/mix-20260911/mixG-arm32-rep1
명시 계측,빠른 3영역 + SQLite 동시,고정 34번,1배,1,3.230931,3.231,,,정상,result/mix-20260911/mixG-arm34-rep1
명시 계측,빠른 3영역 + SQLite 동시,고정 35번,1배,1,3.361550,3.362,,,정상,result/mix-20260911/mixG-arm35-rep1
명시 계측,빠른 3영역 + SQLite 동시,고정 45번,1배,1,3.080497,3.080,,,정상,result/mix-20260911/mixG-arm45-rep1
명시 계측,빠른 3영역 + SQLite 동시,고정 46번,1배,1,2.963385,2.963,,,정상,result/mix-20260911/mixG-arm46-rep1
명시 계측,빠른 3영역 + SQLite 동시,고정 49번,1배,1,3.334756,3.335,,,정상,result/mix-20260911/mixG-arm49-rep1
명시 계측,빠른 3영역 + SQLite 동시,고정 53번,1배,1,3.284579,3.285,,,정상,result/mix-20260911/mixG-arm53-rep1
명시 계측,빠른 3영역 + SQLite 동시,고정 56번,1배,1,3.612967,3.613,,,정상,result/mix-20260911/mixG-arm56-rep1
명시 계측,빠른 3영역 + SQLite 동시,고정 10번 (최악),1배,1,3.994034,3.994,,,정상,result/mix-20260911/mixG-fixed10-rep1
명시 계측,빠른 3영역 + SQLite 동시,고정 10번 (최악),1배,2,3.994483,3.994,,,정상,result/mix-20260911/mixG-fixed10-rep2
명시 계측,빠른 3영역 + SQLite 동시,고정 10번 (최악),1배,3,3.997596,3.998,,,정상,result/mix-20260911/mixG-fixed10-rep3
명시 계측,빠른 3영역 + SQLite 동시,고정 37번 (기본),1배,1,3.413873,3.414,,,정상,result/mix-20260911/mixG-fixed37-rep1
명시 계측,빠른 3영역 + SQLite 동시,고정 37번 (기본),1배,2,3.609808,3.610,,,정상,result/mix-20260911/mixG-fixed37-rep2
명시 계측,빠른 3영역 + SQLite 동시,고정 37번 (기본),1배,3,3.421834,3.422,,,정상,result/mix-20260911/mixG-fixed37-rep3
명시 계측,빠른 3영역 + SQLite 동시,고정 47번 (최적),1배,1,2.654185,2.654,,,정상,result/mix-20260911/mixG-fixed47-rep1
명시 계측,빠른 3영역 + SQLite 동시,고정 47번 (최적),1배,2,2.704356,2.704,,,정상,result/mix-20260911/mixG-fixed47-rep2
명시 계측,빠른 3영역 + SQLite 동시,고정 47번 (최적),1배,3,2.838903,2.839,,,정상,result/mix-20260911/mixG-fixed47-rep3
명시 계측,빠른 3영역 + SQLite 동시,고정 50번 (견고),1배,1,2.999138,2.999,,,정상,result/mix-20260911/mixG-fixed50-rep1
명시 계측,빠른 3영역 + SQLite 동시,고정 50번 (견고),3배,1,3.082443,3.082,,,정상,result/mix-20260911/mixG-fixed50-rep1-x3
명시 계측,빠른 3영역 + SQLite 동시,고정 50번 (견고),1배,2,3.005453,3.005,,,정상,result/mix-20260911/mixG-fixed50-rep2
명시 계측,빠른 3영역 + SQLite 동시,고정 50번 (견고),1배,3,3.186932,3.187,,,정상,result/mix-20260911/mixG-fixed50-rep3
명시 계측,빠른 3영역 + SQLite 동시,Greedy,1배,1,4.074177,4.074,,,정상,result/mix-20260911/mixG-greedy-rep1
명시 계측,빠른 3영역 + SQLite 동시,Greedy,1배,2,4.091507,4.092,,,정상,result/mix-20260911/mixG-greedy-rep2
명시 계측,빠른 3영역 + SQLite 동시,Greedy,1배,3,4.070571,4.071,,,정상,result/mix-20260911/mixG-greedy-rep3
명시 계측,빠른 3영역 + SQLite 동시,iCAT v1,1배,1,3.874476,3.874,,,정상,result/mix-20260911/mixG-online-rep1
명시 계측,빠른 3영역 + SQLite 동시,iCAT v1,1배,1,1.993071,1.993,,,시험 실행,result/mix-20260911/mixG-online-rep1-smoke
명시 계측,빠른 3영역 + SQLite 동시,iCAT v1,1배,2,3.708343,3.708,,,정상,result/mix-20260911/mixG-online-rep2
명시 계측,빠른 3영역 + SQLite 동시,iCAT v1,1배,3,3.750827,3.751,,,정상,result/mix-20260911/mixG-online-rep3
명시 계측,빠른 3영역 + SQLite 동시,iCAT v4,3배,1,3.437730,3.438,,,정상,result/mix-20260911/mixG-onlinev4-rep1-x3
명시 계측,느린 → 빠른 → SQLite,고정 15번,1배,1,1.821432,1.825,1.842,1.758,정상,result/mix-20260911/mixH-arm15-rep1
명시 계측,느린 → 빠른 → SQLite,고정 16번,1배,1,1.764408,1.823,1.801,1.611,정상,result/mix-20260911/mixH-arm16-rep1
명시 계측,느린 → 빠른 → SQLite,고정 17번,1배,1,1.755607,1.826,1.835,1.469,정상,result/mix-20260911/mixH-arm17-rep1
명시 계측,느린 → 빠른 → SQLite,고정 30번,1배,1,1.784371,1.807,1.799,1.723,정상,result/mix-20260911/mixH-arm30-rep1
명시 계측,느린 → 빠른 → SQLite,고정 31번,1배,1,1.725583,1.799,1.756,1.582,정상,result/mix-20260911/mixH-arm31-rep1
명시 계측,느린 → 빠른 → SQLite,고정 32번,1배,1,1.734305,1.799,1.759,1.614,정상,result/mix-20260911/mixH-arm32-rep1
명시 계측,느린 → 빠른 → SQLite,고정 34번,1배,1,1.768813,1.806,1.814,1.608,정상,result/mix-20260911/mixH-arm34-rep1
명시 계측,느린 → 빠른 → SQLite,고정 35번,1배,1,1.726758,1.813,1.810,1.414,정상,result/mix-20260911/mixH-arm35-rep1
명시 계측,느린 → 빠른 → SQLite,고정 45번,1배,1,1.774986,1.805,1.786,1.719,정상,result/mix-20260911/mixH-arm45-rep1
명시 계측,느린 → 빠른 → SQLite,고정 46번,1배,1,1.718261,1.797,1.746,1.578,정상,result/mix-20260911/mixH-arm46-rep1
명시 계측,느린 → 빠른 → SQLite,고정 46번,3배,1,1.724594,1.768,1.784,1.491,정상,result/mix-20260911/mixH-arm46-rep1-x3
명시 계측,느린 → 빠른 → SQLite,고정 49번,1배,1,1.753608,1.801,1.794,1.599,정상,result/mix-20260911/mixH-arm49-rep1
명시 계측,느린 → 빠른 → SQLite,고정 53번,1배,1,1.769959,1.821,1.836,1.536,정상,result/mix-20260911/mixH-arm53-rep1
명시 계측,느린 → 빠른 → SQLite,고정 56번,1배,1,1.877850,1.845,1.958,1.666,정상,result/mix-20260911/mixH-arm56-rep1
명시 계측,느린 → 빠른 → SQLite,고정 10번 (최악),1배,1,2.389310,2.161,2.267,2.915,정상,result/mix-20260911/mixH-fixed10-rep1
명시 계측,느린 → 빠른 → SQLite,고정 10번 (최악),1배,2,2.378657,2.159,2.272,2.850,정상,result/mix-20260911/mixH-fixed10-rep2
명시 계측,느린 → 빠른 → SQLite,고정 10번 (최악),1배,3,2.396660,2.134,2.286,2.916,정상,result/mix-20260911/mixH-fixed10-rep3
명시 계측,느린 → 빠른 → SQLite,고정 37번 (기본),1배,1,1.852159,1.823,1.908,1.708,정상,result/mix-20260911/mixH-fixed37-rep1
명시 계측,느린 → 빠른 → SQLite,고정 37번 (기본),1배,2,1.850230,1.821,1.905,1.711,정상,result/mix-20260911/mixH-fixed37-rep2
명시 계측,느린 → 빠른 → SQLite,고정 37번 (기본),1배,3,1.854073,1.825,1.908,1.714,정상,result/mix-20260911/mixH-fixed37-rep3
명시 계측,느린 → 빠른 → SQLite,고정 47번 (최적),1배,1,1.720927,1.797,1.738,1.613,정상,result/mix-20260911/mixH-fixed47-rep1
명시 계측,느린 → 빠른 → SQLite,고정 47번 (최적),3배,1,1.720581,1.766,1.769,1.519,정상,result/mix-20260911/mixH-fixed47-rep1-x3
명시 계측,느린 → 빠른 → SQLite,고정 47번 (최적),1배,2,1.698583,1.796,1.738,1.509,정상,result/mix-20260911/mixH-fixed47-rep2
명시 계측,느린 → 빠른 → SQLite,고정 47번 (최적),1배,3,1.718412,1.795,1.736,1.609,정상,result/mix-20260911/mixH-fixed47-rep3
명시 계측,느린 → 빠른 → SQLite,고정 50번 (견고),1배,1,1.718621,1.800,1.772,1.500,정상,result/mix-20260911/mixH-fixed50-rep1
명시 계측,느린 → 빠른 → SQLite,고정 50번 (견고),3배,1,1.730725,1.772,1.812,1.426,정상,result/mix-20260911/mixH-fixed50-rep1-x3
명시 계측,느린 → 빠른 → SQLite,고정 50번 (견고),1배,2,1.718871,1.785,1.776,1.500,정상,result/mix-20260911/mixH-fixed50-rep2
명시 계측,느린 → 빠른 → SQLite,고정 50번 (견고),1배,3,1.737300,1.799,1.771,1.590,정상,result/mix-20260911/mixH-fixed50-rep3
명시 계측,느린 → 빠른 → SQLite,Greedy,1배,1,2.389704,2.154,2.268,2.922,정상,result/mix-20260911/mixH-greedy-rep1
명시 계측,느린 → 빠른 → SQLite,Greedy,1배,2,2.379453,2.146,2.271,2.872,정상,result/mix-20260911/mixH-greedy-rep2
명시 계측,느린 → 빠른 → SQLite,Greedy,1배,3,2.381904,2.155,2.271,2.877,정상,result/mix-20260911/mixH-greedy-rep3
명시 계측,느린 → 빠른 → SQLite,iCAT v1,1배,1,1.895378,2.132,1.959,1.532,정상,result/mix-20260911/mixH-online-rep1
명시 계측,느린 → 빠른 → SQLite,iCAT v1,1배,1,1.959588,1.795,2.004,1.689,시험 실행,result/mix-20260911/mixH-online-rep1-smoke
명시 계측,느린 → 빠른 → SQLite,iCAT v1,1배,2,1.881442,2.068,1.954,1.525,정상,result/mix-20260911/mixH-online-rep2
명시 계측,느린 → 빠른 → SQLite,iCAT v1,1배,3,1.900100,2.138,1.967,1.521,정상,result/mix-20260911/mixH-online-rep3
명시 계측,느린 → 빠른 → SQLite,iCAT v4,3배,1,1.807196,1.833,1.900,1.477,정상,result/mix-20260911/mixH-onlinev4-rep1-x3
명시 계측,SQLite 수정 많음 → 읽기 위주,고정 15번,1배,1,1.537300,1.539,1.513,,정상,result/mix-20260911/mixJ-arm15-rep1
명시 계측,SQLite 수정 많음 → 읽기 위주,고정 16번,1배,1,1.401036,1.401,1.399,,정상,result/mix-20260911/mixJ-arm16-rep1
명시 계측,SQLite 수정 많음 → 읽기 위주,고정 17번,1배,1,1.246620,1.250,1.209,,정상,result/mix-20260911/mixJ-arm17-rep1
명시 계측,SQLite 수정 많음 → 읽기 위주,고정 17번,3배,1,1.208015,1.210,1.191,,정상,result/mix-20260911/mixJ-arm17-rep1-x3
명시 계측,SQLite 수정 많음 → 읽기 위주,고정 30번,1배,1,1.536028,1.538,1.512,,정상,result/mix-20260911/mixJ-arm30-rep1
명시 계측,SQLite 수정 많음 → 읽기 위주,고정 31번,1배,1,1.436149,1.432,1.483,,정상,result/mix-20260911/mixJ-arm31-rep1
명시 계측,SQLite 수정 많음 → 읽기 위주,고정 31번,3배,1,1.523500,1.525,1.512,,정상,result/mix-20260911/mixJ-arm31-rep1-x3
명시 계측,SQLite 수정 많음 → 읽기 위주,고정 32번,1배,1,1.425493,1.428,1.397,,정상,result/mix-20260911/mixJ-arm32-rep1
명시 계측,SQLite 수정 많음 → 읽기 위주,고정 34번,1배,1,1.448921,1.452,1.405,,정상,result/mix-20260911/mixJ-arm34-rep1
명시 계측,SQLite 수정 많음 → 읽기 위주,고정 35번,1배,1,1.366288,1.379,1.208,,정상,result/mix-20260911/mixJ-arm35-rep1
명시 계측,SQLite 수정 많음 → 읽기 위주,고정 35번,3배,1,1.343315,1.355,1.222,,정상,result/mix-20260911/mixJ-arm35-rep1-x3
명시 계측,SQLite 수정 많음 → 읽기 위주,고정 45번,1배,1,1.482359,1.480,1.510,,정상,result/mix-20260911/mixJ-arm45-rep1
명시 계측,SQLite 수정 많음 → 읽기 위주,고정 46번,1배,1,1.506428,1.508,1.484,,정상,result/mix-20260911/mixJ-arm46-rep1
명시 계측,SQLite 수정 많음 → 읽기 위주,고정 46번,3배,1,1.514868,1.516,1.505,,정상,result/mix-20260911/mixJ-arm46-rep1-x3
명시 계측,SQLite 수정 많음 → 읽기 위주,고정 49번,1배,1,1.442074,1.439,1.483,,정상,result/mix-20260911/mixJ-arm49-rep1
명시 계측,SQLite 수정 많음 → 읽기 위주,고정 53번,1배,1,1.393841,1.423,1.108,,정상,result/mix-20260911/mixJ-arm53-rep1
명시 계측,SQLite 수정 많음 → 읽기 위주,고정 53번,3배,1,1.386380,1.396,1.288,,정상,result/mix-20260911/mixJ-arm53-rep1-x3
명시 계측,SQLite 수정 많음 → 읽기 위주,고정 56번,1배,1,1.460380,1.494,1.130,,정상,result/mix-20260911/mixJ-arm56-rep1
명시 계측,SQLite 수정 많음 → 읽기 위주,고정 10번 (최악),1배,1,2.017729,2.016,2.035,,정상,result/mix-20260911/mixJ-fixed10-rep1
명시 계측,SQLite 수정 많음 → 읽기 위주,고정 10번 (최악),1배,2,2.021638,2.017,2.082,,정상,result/mix-20260911/mixJ-fixed10-rep2
명시 계측,SQLite 수정 많음 → 읽기 위주,고정 10번 (최악),1배,3,2.114441,2.118,2.073,,정상,result/mix-20260911/mixJ-fixed10-rep3
명시 계측,SQLite 수정 많음 → 읽기 위주,고정 37번 (기본),1배,1,1.507773,1.512,1.458,,정상,result/mix-20260911/mixJ-fixed37-rep1
명시 계측,SQLite 수정 많음 → 읽기 위주,고정 37번 (기본),3배,1,1.469929,1.472,1.451,,정상,result/mix-20260911/mixJ-fixed37-rep1-x3
명시 계측,SQLite 수정 많음 → 읽기 위주,고정 37번 (기본),1배,2,1.506885,1.511,1.460,,정상,result/mix-20260911/mixJ-fixed37-rep2
명시 계측,SQLite 수정 많음 → 읽기 위주,고정 37번 (기본),1배,3,1.509275,1.513,1.467,,정상,result/mix-20260911/mixJ-fixed37-rep3
명시 계측,SQLite 수정 많음 → 읽기 위주,고정 47번 (최적),1배,1,1.467433,1.468,1.457,,정상,result/mix-20260911/mixJ-fixed47-rep1
명시 계측,SQLite 수정 많음 → 읽기 위주,고정 47번 (최적),3배,1,1.413967,1.410,1.454,,정상,result/mix-20260911/mixJ-fixed47-rep1-x3
명시 계측,SQLite 수정 많음 → 읽기 위주,고정 47번 (최적),1배,2,1.436727,1.470,1.113,,정상,result/mix-20260911/mixJ-fixed47-rep2
명시 계측,SQLite 수정 많음 → 읽기 위주,고정 47번 (최적),1배,3,1.465996,1.467,1.457,,정상,result/mix-20260911/mixJ-fixed47-rep3
명시 계측,SQLite 수정 많음 → 읽기 위주,고정 50번 (견고),1배,1,1.405721,1.408,1.381,,정상,result/mix-20260911/mixJ-fixed50-rep1
명시 계측,SQLite 수정 많음 → 읽기 위주,고정 50번 (견고),3배,1,1.390027,1.388,1.413,,정상,result/mix-20260911/mixJ-fixed50-rep1-x3
명시 계측,SQLite 수정 많음 → 읽기 위주,고정 50번 (견고),1배,2,1.447978,1.451,1.415,,정상,result/mix-20260911/mixJ-fixed50-rep2
명시 계측,SQLite 수정 많음 → 읽기 위주,고정 50번 (견고),1배,3,1.450591,1.455,1.394,,정상,result/mix-20260911/mixJ-fixed50-rep3
명시 계측,SQLite 수정 많음 → 읽기 위주,Greedy,1배,1,2.020846,2.015,2.098,,정상,result/mix-20260911/mixJ-greedy-rep1
명시 계측,SQLite 수정 많음 → 읽기 위주,Greedy,1배,2,2.019875,2.014,2.090,,정상,result/mix-20260911/mixJ-greedy-rep2
명시 계측,SQLite 수정 많음 → 읽기 위주,Greedy,1배,3,2.188320,2.195,2.101,,정상,result/mix-20260911/mixJ-greedy-rep3
명시 계측,SQLite 수정 많음 → 읽기 위주,iCAT v1,1배,1,1.838729,1.862,1.544,,정상,result/mix-20260911/mixJ-online-rep1
명시 계측,SQLite 수정 많음 → 읽기 위주,iCAT v1,1배,1,1.801364,1.784,2.080,,시험 실행,result/mix-20260911/mixJ-online-rep1-smoke
명시 계측,SQLite 수정 많음 → 읽기 위주,iCAT v1,1배,2,1.830611,1.853,1.543,,정상,result/mix-20260911/mixJ-online-rep2
명시 계측,SQLite 수정 많음 → 읽기 위주,iCAT v1,1배,3,1.911198,1.946,1.461,,정상,result/mix-20260911/mixJ-online-rep3
명시 계측,SQLite 수정 많음 → 읽기 위주,iCAT v4,3배,1,1.377197,1.379,1.354,,정상,result/mix-20260911/mixJ-onlinev4-rep1-x3
명시 계측,SQLite 수정 많음 → 읽기 위주,iCAT v4,3배,2,1.354765,1.359,1.311,,정상,result/mix-20260911/mixJ-onlinev4-rep2-x3
명시 계측,뜨거운 구역 512 → 128 MB,고정 15번,1배,1,1.864099,1.877,1.851,,정상,result/mix-20260911/mixK-arm15-rep1
명시 계측,뜨거운 구역 512 → 128 MB,고정 16번,1배,1,1.818685,1.817,1.821,,정상,result/mix-20260911/mixK-arm16-rep1
명시 계측,뜨거운 구역 512 → 128 MB,고정 17번,1배,1,1.853688,1.872,1.835,,정상,result/mix-20260911/mixK-arm17-rep1
명시 계측,뜨거운 구역 512 → 128 MB,고정 30번,1배,1,1.789639,1.793,1.786,,정상,result/mix-20260911/mixK-arm30-rep1
명시 계측,뜨거운 구역 512 → 128 MB,고정 31번,1배,1,1.784525,1.789,1.780,,정상,result/mix-20260911/mixK-arm31-rep1
명시 계측,뜨거운 구역 512 → 128 MB,고정 31번,3배,1,1.786587,1.798,1.775,,정상,result/mix-20260911/mixK-arm31-rep1-x3
명시 계측,뜨거운 구역 512 → 128 MB,고정 32번,1배,1,1.790159,1.795,1.785,,정상,result/mix-20260911/mixK-arm32-rep1
명시 계측,뜨거운 구역 512 → 128 MB,고정 34번,1배,1,1.841030,1.852,1.830,,정상,result/mix-20260911/mixK-arm34-rep1
명시 계측,뜨거운 구역 512 → 128 MB,고정 35번,1배,1,1.835208,1.847,1.823,,정상,result/mix-20260911/mixK-arm35-rep1
명시 계측,뜨거운 구역 512 → 128 MB,고정 45번,1배,1,1.818632,1.823,1.815,,정상,result/mix-20260911/mixK-arm45-rep1
명시 계측,뜨거운 구역 512 → 128 MB,고정 46번,1배,1,1.786194,1.785,1.787,,정상,result/mix-20260911/mixK-arm46-rep1
명시 계측,뜨거운 구역 512 → 128 MB,고정 46번,3배,1,1.783309,1.784,1.783,,정상,result/mix-20260911/mixK-arm46-rep1-x3
명시 계측,뜨거운 구역 512 → 128 MB,고정 49번,1배,1,1.823728,1.832,1.816,,정상,result/mix-20260911/mixK-arm49-rep1
명시 계측,뜨거운 구역 512 → 128 MB,고정 53번,1배,1,1.857689,1.885,1.830,,정상,result/mix-20260911/mixK-arm53-rep1
명시 계측,뜨거운 구역 512 → 128 MB,고정 56번,1배,1,1.999116,2.027,1.971,,정상,result/mix-20260911/mixK-arm56-rep1
명시 계측,뜨거운 구역 512 → 128 MB,고정 10번 (최악),1배,1,2.348309,2.261,2.436,,정상,result/mix-20260911/mixK-fixed10-rep1
명시 계측,뜨거운 구역 512 → 128 MB,고정 10번 (최악),1배,2,2.348636,2.263,2.435,,정상,result/mix-20260911/mixK-fixed10-rep2
명시 계측,뜨거운 구역 512 → 128 MB,고정 10번 (최악),1배,3,2.349792,2.264,2.435,,정상,result/mix-20260911/mixK-fixed10-rep3
명시 계측,뜨거운 구역 512 → 128 MB,고정 37번 (기본),1배,1,1.953639,1.966,1.942,,정상,result/mix-20260911/mixK-fixed37-rep1
명시 계측,뜨거운 구역 512 → 128 MB,고정 37번 (기본),1배,2,1.956530,1.973,1.940,,정상,result/mix-20260911/mixK-fixed37-rep2
명시 계측,뜨거운 구역 512 → 128 MB,고정 37번 (기본),1배,3,1.958239,1.976,1.940,,정상,result/mix-20260911/mixK-fixed37-rep3
명시 계측,뜨거운 구역 512 → 128 MB,고정 47번 (최적),1배,1,1.775978,1.772,1.780,,정상,result/mix-20260911/mixK-fixed47-rep1
명시 계측,뜨거운 구역 512 → 128 MB,고정 47번 (최적),3배,1,1.775617,1.774,1.777,,정상,result/mix-20260911/mixK-fixed47-rep1-x3
명시 계측,뜨거운 구역 512 → 128 MB,고정 47번 (최적),6배,1,1.773097,1.771,1.775,,정상,result/mix-20260911/mixK-fixed47-rep1-x6
명시 계측,뜨거운 구역 512 → 128 MB,고정 47번 (최적),1배,2,1.777294,1.774,1.781,,정상,result/mix-20260911/mixK-fixed47-rep2
명시 계측,뜨거운 구역 512 → 128 MB,고정 47번 (최적),1배,3,1.777316,1.774,1.781,,정상,result/mix-20260911/mixK-fixed47-rep3
명시 계측,뜨거운 구역 512 → 128 MB,고정 50번 (견고),1배,1,1.802527,1.813,1.792,,정상,result/mix-20260911/mixK-fixed50-rep1
명시 계측,뜨거운 구역 512 → 128 MB,고정 50번 (견고),3배,1,1.800193,1.814,1.786,,정상,result/mix-20260911/mixK-fixed50-rep1-x3
명시 계측,뜨거운 구역 512 → 128 MB,고정 50번 (견고),6배,1,1.799649,1.814,1.785,,정상,result/mix-20260911/mixK-fixed50-rep1-x6
명시 계측,뜨거운 구역 512 → 128 MB,고정 50번 (견고),1배,2,1.802373,1.813,1.792,,정상,result/mix-20260911/mixK-fixed50-rep2
명시 계측,뜨거운 구역 512 → 128 MB,고정 50번 (견고),1배,3,1.802412,1.813,1.791,,정상,result/mix-20260911/mixK-fixed50-rep3
명시 계측,뜨거운 구역 512 → 128 MB,Greedy,1배,1,2.336654,2.249,2.425,,정상,result/mix-20260911/mixK-greedy-rep1
명시 계측,뜨거운 구역 512 → 128 MB,Greedy,1배,2,2.338105,2.251,2.426,,정상,result/mix-20260911/mixK-greedy-rep2
명시 계측,뜨거운 구역 512 → 128 MB,Greedy,1배,3,2.337326,2.250,2.424,,정상,result/mix-20260911/mixK-greedy-rep3
명시 계측,뜨거운 구역 512 → 128 MB,iCAT v1,1배,1,2.022276,2.003,2.042,,정상,result/mix-20260911/mixK-online-rep1
명시 계측,뜨거운 구역 512 → 128 MB,iCAT v1,1배,1,2.098601,2.042,2.156,,시험 실행,result/mix-20260911/mixK-online-rep1-smoke
명시 계측,뜨거운 구역 512 → 128 MB,iCAT v1,6배,1,1.915591,1.954,1.877,,정상,result/mix-20260911/mixK-online-rep1-x6
명시 계측,뜨거운 구역 512 → 128 MB,iCAT v1,1배,2,2.023256,2.003,2.044,,정상,result/mix-20260911/mixK-online-rep2
명시 계측,뜨거운 구역 512 → 128 MB,iCAT v1,1배,3,2.015917,1.998,2.034,,정상,result/mix-20260911/mixK-online-rep3
명시 계측,뜨거운 구역 512 → 128 MB,iCAT v2,6배,1,1.925732,1.952,1.899,,정상,result/mix-20260911/mixK-onlinev2-rep1-x6
명시 계측,뜨거운 구역 512 → 128 MB,iCAT v3,6배,1,1.874262,1.921,1.828,,정상,result/mix-20260911/mixK-onlinev3-rep1-x6
명시 계측,뜨거운 구역 512 → 128 MB,iCAT v4,3배,1,1.858591,1.897,1.820,,정상,result/mix-20260911/mixK-onlinev4-rep1-x3
명시 계측,뜨거운 구역 512 → 128 MB,iCAT v4,6배,1,1.829995,1.873,1.787,,정상,result/mix-20260911/mixK-onlinev4-rep1-x6
명시 계측,빠른 ↔ 느린 60초 × 5,고정 15번,1배,1,1.649999,1.650,,,정상,result/mix-20260911/mixL-arm15-rep1
명시 계측,빠른 ↔ 느린 60초 × 5,고정 16번,1배,1,1.599467,1.599,,,정상,result/mix-20260911/mixL-arm16-rep1
명시 계측,빠른 ↔ 느린 60초 × 5,고정 17번,1배,1,1.586114,1.586,,,정상,result/mix-20260911/mixL-arm17-rep1
명시 계측,빠른 ↔ 느린 60초 × 5,고정 30번,1배,1,1.626603,1.627,,,정상,result/mix-20260911/mixL-arm30-rep1
명시 계측,빠른 ↔ 느린 60초 × 5,고정 31번,1배,1,1.571015,1.571,,,정상,result/mix-20260911/mixL-arm31-rep1
명시 계측,빠른 ↔ 느린 60초 × 5,고정 32번,1배,1,1.547706,1.548,,,정상,result/mix-20260911/mixL-arm32-rep1
명시 계측,빠른 ↔ 느린 60초 × 5,고정 34번,1배,1,1.609481,1.609,,,정상,result/mix-20260911/mixL-arm34-rep1
명시 계측,빠른 ↔ 느린 60초 × 5,고정 35번,1배,1,1.588406,1.588,,,정상,result/mix-20260911/mixL-arm35-rep1
명시 계측,빠른 ↔ 느린 60초 × 5,고정 45번,1배,1,1.616228,1.616,,,정상,result/mix-20260911/mixL-arm45-rep1
명시 계측,빠른 ↔ 느린 60초 × 5,고정 46번,1배,1,1.568734,1.569,,,정상,result/mix-20260911/mixL-arm46-rep1
명시 계측,빠른 ↔ 느린 60초 × 5,고정 49번,1배,1,1.594866,1.595,,,정상,result/mix-20260911/mixL-arm49-rep1
명시 계측,빠른 ↔ 느린 60초 × 5,고정 53번,1배,1,1.618008,1.618,,,정상,result/mix-20260911/mixL-arm53-rep1
명시 계측,빠른 ↔ 느린 60초 × 5,고정 56번,1배,1,1.669281,1.669,,,정상,result/mix-20260911/mixL-arm56-rep1
명시 계측,빠른 ↔ 느린 60초 × 5,고정 10번 (최악),1배,1,2.053210,2.053,,,정상,result/mix-20260911/mixL-fixed10-rep1
명시 계측,빠른 ↔ 느린 60초 × 5,고정 10번 (최악),1배,2,2.038769,2.039,,,정상,result/mix-20260911/mixL-fixed10-rep2
명시 계측,빠른 ↔ 느린 60초 × 5,고정 10번 (최악),1배,3,2.037406,2.037,,,정상,result/mix-20260911/mixL-fixed10-rep3
명시 계측,빠른 ↔ 느린 60초 × 5,고정 37번 (기본),1배,1,1.667771,1.668,,,정상,result/mix-20260911/mixL-fixed37-rep1
명시 계측,빠른 ↔ 느린 60초 × 5,고정 37번 (기본),1배,2,1.667517,1.668,,,정상,result/mix-20260911/mixL-fixed37-rep2
명시 계측,빠른 ↔ 느린 60초 × 5,고정 37번 (기본),1배,3,1.667134,1.667,,,정상,result/mix-20260911/mixL-fixed37-rep3
명시 계측,빠른 ↔ 느린 60초 × 5,고정 47번 (최적),1배,1,1.547489,1.547,,,정상,result/mix-20260911/mixL-fixed47-rep1
명시 계측,빠른 ↔ 느린 60초 × 5,고정 47번 (최적),1배,2,1.546677,1.547,,,정상,result/mix-20260911/mixL-fixed47-rep2
명시 계측,빠른 ↔ 느린 60초 × 5,고정 47번 (최적),1배,3,1.534267,1.534,,,정상,result/mix-20260911/mixL-fixed47-rep3
명시 계측,빠른 ↔ 느린 60초 × 5,고정 50번 (견고),1배,1,1.569823,1.570,,,정상,result/mix-20260911/mixL-fixed50-rep1
명시 계측,빠른 ↔ 느린 60초 × 5,고정 50번 (견고),3배,1,1.689650,1.690,,,정상,result/mix-20260911/mixL-fixed50-rep1-x3
명시 계측,빠른 ↔ 느린 60초 × 5,고정 50번 (견고),1배,2,1.569497,1.569,,,정상,result/mix-20260911/mixL-fixed50-rep2
명시 계측,빠른 ↔ 느린 60초 × 5,고정 50번 (견고),1배,3,1.568886,1.569,,,정상,result/mix-20260911/mixL-fixed50-rep3
명시 계측,빠른 ↔ 느린 60초 × 5,Greedy,1배,1,2.011650,2.012,,,정상,result/mix-20260911/mixL-greedy-rep1
명시 계측,빠른 ↔ 느린 60초 × 5,Greedy,1배,2,2.038553,2.039,,,정상,result/mix-20260911/mixL-greedy-rep2
명시 계측,빠른 ↔ 느린 60초 × 5,Greedy,1배,3,2.020605,2.021,,,정상,result/mix-20260911/mixL-greedy-rep3
명시 계측,빠른 ↔ 느린 60초 × 5,iCAT v1,1배,1,1.770335,1.770,,,정상,result/mix-20260911/mixL-online-rep1
명시 계측,빠른 ↔ 느린 60초 × 5,iCAT v1,1배,1,1.192715,1.193,,,시험 실행,result/mix-20260911/mixL-online-rep1-smoke
명시 계측,빠른 ↔ 느린 60초 × 5,iCAT v1,1배,2,1.768297,1.768,,,정상,result/mix-20260911/mixL-online-rep2
명시 계측,빠른 ↔ 느린 60초 × 5,iCAT v1,1배,3,1.762561,1.763,,,정상,result/mix-20260911/mixL-online-rep3
명시 계측,빠른 ↔ 느린 60초 × 5,iCAT v4,3배,1,1.767922,1.768,,,정상,result/mix-20260911/mixL-onlinev4-rep1-x3
명시 계측,초당 1만 → 5만 서서히,고정 10번 (최악),1배,1,2.201499,2.201,,,정상,result/mix-20260911/mixM-fixed10-rep1
명시 계측,초당 1만 → 5만 서서히,고정 10번 (최악),1배,2,2.199188,2.199,,,정상,result/mix-20260911/mixM-fixed10-rep2
명시 계측,초당 1만 → 5만 서서히,고정 10번 (최악),1배,3,2.195187,2.195,,,정상,result/mix-20260911/mixM-fixed10-rep3
명시 계측,초당 1만 → 5만 서서히,고정 37번 (기본),1배,1,1.807814,1.808,,,정상,result/mix-20260911/mixM-fixed37-rep1
명시 계측,초당 1만 → 5만 서서히,고정 37번 (기본),1배,2,1.808358,1.808,,,정상,result/mix-20260911/mixM-fixed37-rep2
명시 계측,초당 1만 → 5만 서서히,고정 37번 (기본),1배,3,1.807543,1.808,,,정상,result/mix-20260911/mixM-fixed37-rep3
명시 계측,초당 1만 → 5만 서서히,고정 47번 (최적),1배,1,1.702970,1.703,,,정상,result/mix-20260911/mixM-fixed47-rep1
명시 계측,초당 1만 → 5만 서서히,고정 47번 (최적),1배,2,1.703011,1.703,,,정상,result/mix-20260911/mixM-fixed47-rep2
명시 계측,초당 1만 → 5만 서서히,고정 47번 (최적),1배,3,1.701230,1.701,,,정상,result/mix-20260911/mixM-fixed47-rep3
명시 계측,초당 1만 → 5만 서서히,고정 50번 (견고),1배,1,1.725403,1.725,,,정상,result/mix-20260911/mixM-fixed50-rep1
명시 계측,초당 1만 → 5만 서서히,고정 50번 (견고),1배,2,1.725563,1.726,,,정상,result/mix-20260911/mixM-fixed50-rep2
명시 계측,초당 1만 → 5만 서서히,고정 50번 (견고),1배,3,1.725238,1.725,,,정상,result/mix-20260911/mixM-fixed50-rep3
명시 계측,초당 1만 → 5만 서서히,Greedy,1배,1,2.183975,2.184,,,정상,result/mix-20260911/mixM-greedy-rep1
명시 계측,초당 1만 → 5만 서서히,Greedy,1배,2,2.185681,2.186,,,정상,result/mix-20260911/mixM-greedy-rep2
명시 계측,초당 1만 → 5만 서서히,Greedy,1배,3,2.190356,2.190,,,정상,result/mix-20260911/mixM-greedy-rep3
명시 계측,초당 1만 → 5만 서서히,iCAT v1,1배,1,1.899656,1.900,,,정상,result/mix-20260911/mixM-online-rep1
명시 계측,초당 1만 → 5만 서서히,iCAT v1,1배,1,1.462793,1.463,,,시험 실행,result/mix-20260911/mixM-online-rep1-smoke
명시 계측,초당 1만 → 5만 서서히,iCAT v1,1배,2,1.902363,1.902,,,정상,result/mix-20260911/mixM-online-rep2
명시 계측,초당 1만 → 5만 서서히,iCAT v1,1배,3,1.901541,1.902,,,정상,result/mix-20260911/mixM-online-rep3
명시 계측,거래 DB 흉내 → 메일 서버,고정 15번,1배,1,2.329474,1.392,2.509,,정상,result/mix-20260911/mixO-arm15-rep1
명시 계측,거래 DB 흉내 → 메일 서버,고정 16번,1배,1,1.961221,1.334,2.071,,정상,result/mix-20260911/mixO-arm16-rep1
명시 계측,거래 DB 흉내 → 메일 서버,고정 16번,3배,1,2.190423,1.306,2.344,,정상,result/mix-20260911/mixO-arm16-rep1-x3
명시 계측,거래 DB 흉내 → 메일 서버,고정 17번,1배,1,1.929152,1.293,2.037,,정상,result/mix-20260911/mixO-arm17-rep1
명시 계측,거래 DB 흉내 → 메일 서버,고정 17번,3배,1,1.934698,1.260,2.051,,정상,result/mix-20260911/mixO-arm17-rep1-x3
명시 계측,거래 DB 흉내 → 메일 서버,고정 30번,1배,1,2.308378,1.403,2.477,,정상,result/mix-20260911/mixO-arm30-rep1
명시 계측,거래 DB 흉내 → 메일 서버,고정 31번,1배,1,2.179157,1.338,2.331,,정상,result/mix-20260911/mixO-arm31-rep1
명시 계측,거래 DB 흉내 → 메일 서버,고정 31번,3배,1,2.177400,1.310,2.328,,정상,result/mix-20260911/mixO-arm31-rep1-x3
명시 계측,거래 DB 흉내 → 메일 서버,고정 32번,1배,1,1.985489,1.324,2.095,,정상,result/mix-20260911/mixO-arm32-rep1
명시 계측,거래 DB 흉내 → 메일 서버,고정 34번,1배,1,2.253775,1.370,2.418,,정상,result/mix-20260911/mixO-arm34-rep1
명시 계측,거래 DB 흉내 → 메일 서버,고정 35번,1배,1,2.015298,1.311,2.135,,정상,result/mix-20260911/mixO-arm35-rep1
명시 계측,거래 DB 흉내 → 메일 서버,고정 45번,1배,1,2.315362,1.413,2.492,,정상,result/mix-20260911/mixO-arm45-rep1
명시 계측,거래 DB 흉내 → 메일 서버,고정 46번,1배,1,2.179788,1.350,2.328,,정상,result/mix-20260911/mixO-arm46-rep1
명시 계측,거래 DB 흉내 → 메일 서버,고정 46번,3배,1,2.166585,1.312,2.312,,정상,result/mix-20260911/mixO-arm46-rep1-x3
명시 계측,거래 DB 흉내 → 메일 서버,고정 49번,1배,1,2.214318,1.366,2.375,,정상,result/mix-20260911/mixO-arm49-rep1
명시 계측,거래 DB 흉내 → 메일 서버,고정 53번,1배,1,2.219512,1.348,2.374,,정상,result/mix-20260911/mixO-arm53-rep1
명시 계측,거래 DB 흉내 → 메일 서버,고정 56번,1배,1,1.998869,1.387,2.105,,정상,result/mix-20260911/mixO-arm56-rep1
명시 계측,거래 DB 흉내 → 메일 서버,고정 10번 (최악),1배,1,3.203278,2.105,3.471,,정상,result/mix-20260911/mixO-fixed10-rep1
명시 계측,거래 DB 흉내 → 메일 서버,고정 10번 (최악),1배,2,3.184595,2.100,3.463,,정상,result/mix-20260911/mixO-fixed10-rep2
명시 계측,거래 DB 흉내 → 메일 서버,고정 10번 (최악),1배,3,2.979278,2.100,3.183,,정상,result/mix-20260911/mixO-fixed10-rep3
명시 계측,거래 DB 흉내 → 메일 서버,고정 37번 (기본),1배,1,2.349924,1.445,2.528,,정상,result/mix-20260911/mixO-fixed37-rep1
명시 계측,거래 DB 흉내 → 메일 서버,고정 37번 (기본),3배,1,2.226279,1.341,2.386,,정상,result/mix-20260911/mixO-fixed37-rep1-x3
명시 계측,거래 DB 흉내 → 메일 서버,고정 37번 (기본),1배,2,2.322152,1.405,2.490,,정상,result/mix-20260911/mixO-fixed37-rep2
명시 계측,거래 DB 흉내 → 메일 서버,고정 37번 (기본),1배,3,2.304099,1.401,2.475,,정상,result/mix-20260911/mixO-fixed37-rep3
명시 계측,거래 DB 흉내 → 메일 서버,고정 47번 (최적),1배,1,1.912121,1.305,2.018,,정상,result/mix-20260911/mixO-fixed47-rep1
명시 계측,거래 DB 흉내 → 메일 서버,고정 47번 (최적),3배,1,1.910408,1.274,2.014,,정상,result/mix-20260911/mixO-fixed47-rep1-x3
명시 계측,거래 DB 흉내 → 메일 서버,고정 47번 (최적),1배,2,1.731437,1.306,1.801,,정상,result/mix-20260911/mixO-fixed47-rep2
명시 계측,거래 DB 흉내 → 메일 서버,고정 47번 (최적),1배,3,1.909593,1.287,2.010,,정상,result/mix-20260911/mixO-fixed47-rep3
명시 계측,거래 DB 흉내 → 메일 서버,고정 50번 (견고),1배,1,1.980878,1.317,2.100,,정상,result/mix-20260911/mixO-fixed50-rep1
명시 계측,거래 DB 흉내 → 메일 서버,고정 50번 (견고),3배,1,1.963209,1.257,2.084,,정상,result/mix-20260911/mixO-fixed50-rep1-x3
명시 계측,거래 DB 흉내 → 메일 서버,고정 50번 (견고),1배,2,2.000672,1.317,2.114,,정상,result/mix-20260911/mixO-fixed50-rep2
명시 계측,거래 DB 흉내 → 메일 서버,고정 50번 (견고),1배,3,2.031543,1.322,2.153,,정상,result/mix-20260911/mixO-fixed50-rep3
명시 계측,거래 DB 흉내 → 메일 서버,Greedy,1배,1,3.154437,2.111,3.420,,정상,result/mix-20260911/mixO-greedy-rep1
명시 계측,거래 DB 흉내 → 메일 서버,Greedy,1배,2,3.064004,2.091,3.331,,정상,result/mix-20260911/mixO-greedy-rep2
명시 계측,거래 DB 흉내 → 메일 서버,Greedy,1배,3,3.128436,2.095,3.420,,정상,result/mix-20260911/mixO-greedy-rep3
명시 계측,거래 DB 흉내 → 메일 서버,iCAT v1,1배,1,1.966355,1.621,2.027,,정상,result/mix-20260911/mixO-online-rep1
명시 계측,거래 DB 흉내 → 메일 서버,iCAT v1,1배,1,1.492408,1.794,1.428,,시험 실행,result/mix-20260911/mixO-online-rep1-smoke
명시 계측,거래 DB 흉내 → 메일 서버,iCAT v1,1배,2,1.915417,1.595,1.969,,정상,result/mix-20260911/mixO-online-rep2
명시 계측,거래 DB 흉내 → 메일 서버,iCAT v1,1배,3,1.957331,1.578,2.020,,정상,result/mix-20260911/mixO-online-rep3
명시 계측,거래 DB 흉내 → 메일 서버,iCAT v4,3배,1,1.863989,1.272,1.959,,정상,result/mix-20260911/mixO-onlinev4-rep1-x3
명시 계측,거래 DB 흉내 → 메일 서버,iCAT v4,3배,2,1.838886,1.259,1.940,,정상,result/mix-20260911/mixO-onlinev4-rep2-x3
명시 계측,거래 DB 흉내 → 메일 서버,iCAT v4,3배,3,1.875547,1.274,1.978,,정상,result/mix-20260911/mixO-onlinev4-rep3-x3
명시 계측,SQLite → 거래 DB 흉내,고정 15번,1배,1,1.257254,1.325,1.251,,정상,result/mix-20260911/mixP-arm15-rep1
명시 계측,SQLite → 거래 DB 흉내,고정 16번,1배,1,1.198506,1.284,1.190,,정상,result/mix-20260911/mixP-arm16-rep1
명시 계측,SQLite → 거래 DB 흉내,고정 17번,1배,1,1.158783,1.264,1.149,,정상,result/mix-20260911/mixP-arm17-rep1
명시 계측,SQLite → 거래 DB 흉내,고정 17번,3배,1,1.122784,1.185,1.120,,정상,result/mix-20260911/mixP-arm17-rep1-x3
명시 계측,SQLite → 거래 DB 흉내,고정 30번,1배,1,1.272641,1.330,1.267,,정상,result/mix-20260911/mixP-arm30-rep1
명시 계측,SQLite → 거래 DB 흉내,고정 31번,1배,1,1.207811,1.296,1.199,,정상,result/mix-20260911/mixP-arm31-rep1
명시 계측,SQLite → 거래 DB 흉내,고정 31번,3배,1,1.189821,1.206,1.189,,정상,result/mix-20260911/mixP-arm31-rep1-x3
명시 계측,SQLite → 거래 DB 흉내,고정 32번,1배,1,1.154711,1.264,1.145,,정상,result/mix-20260911/mixP-arm32-rep1
명시 계측,SQLite → 거래 DB 흉내,고정 32번,3배,1,1.121530,1.184,1.119,,정상,result/mix-20260911/mixP-arm32-rep1-x3
명시 계측,SQLite → 거래 DB 흉내,고정 34번,1배,1,1.213776,1.294,1.206,,정상,result/mix-20260911/mixP-arm34-rep1
명시 계측,SQLite → 거래 DB 흉내,고정 35번,1배,1,1.163480,1.264,1.154,,정상,result/mix-20260911/mixP-arm35-rep1
명시 계측,SQLite → 거래 DB 흉내,고정 45번,1배,1,1.288882,1.331,1.285,,정상,result/mix-20260911/mixP-arm45-rep1
명시 계측,SQLite → 거래 DB 흉내,고정 46번,1배,1,1.214927,1.293,1.208,,정상,result/mix-20260911/mixP-arm46-rep1
명시 계측,SQLite → 거래 DB 흉내,고정 46번,3배,1,1.174123,1.203,1.173,,정상,result/mix-20260911/mixP-arm46-rep1-x3
명시 계측,SQLite → 거래 DB 흉내,고정 49번,1배,1,1.213404,1.296,1.206,,정상,result/mix-20260911/mixP-arm49-rep1
명시 계측,SQLite → 거래 DB 흉내,고정 53번,1배,1,1.173758,1.304,1.164,,정상,result/mix-20260911/mixP-arm53-rep1
명시 계측,SQLite → 거래 DB 흉내,고정 56번,1배,1,1.200146,1.431,1.182,,정상,result/mix-20260911/mixP-arm56-rep1
명시 계측,SQLite → 거래 DB 흉내,고정 10번 (최악),1배,1,2.029021,1.523,2.078,,정상,result/mix-20260911/mixP-fixed10-rep1
명시 계측,SQLite → 거래 DB 흉내,고정 10번 (최악),1배,2,2.034396,1.557,2.073,,정상,result/mix-20260911/mixP-fixed10-rep2
명시 계측,SQLite → 거래 DB 흉내,고정 10번 (최악),1배,3,2.030128,1.492,2.080,,정상,result/mix-20260911/mixP-fixed10-rep3
명시 계측,SQLite → 거래 DB 흉내,고정 37번 (기본),1배,1,1.228948,1.377,1.215,,정상,result/mix-20260911/mixP-fixed37-rep1
명시 계측,SQLite → 거래 DB 흉내,고정 37번 (기본),3배,1,1.177614,1.266,1.174,,정상,result/mix-20260911/mixP-fixed37-rep1-x3
명시 계측,SQLite → 거래 DB 흉내,고정 37번 (기본),1배,2,1.240316,1.427,1.226,,정상,result/mix-20260911/mixP-fixed37-rep2
명시 계측,SQLite → 거래 DB 흉내,고정 37번 (기본),1배,3,1.223862,1.413,1.209,,정상,result/mix-20260911/mixP-fixed37-rep3
명시 계측,SQLite → 거래 DB 흉내,고정 47번 (최적),1배,1,1.168999,1.263,1.160,,정상,result/mix-20260911/mixP-fixed47-rep1
명시 계측,SQLite → 거래 DB 흉내,고정 47번 (최적),3배,1,1.135735,1.178,1.134,,정상,result/mix-20260911/mixP-fixed47-rep1-x3
명시 계측,SQLite → 거래 DB 흉내,고정 47번 (최적),1배,2,1.168128,1.261,1.160,,정상,result/mix-20260911/mixP-fixed47-rep2
명시 계측,SQLite → 거래 DB 흉내,고정 47번 (최적),1배,3,1.166150,1.275,1.156,,정상,result/mix-20260911/mixP-fixed47-rep3
명시 계측,SQLite → 거래 DB 흉내,고정 50번 (견고),1배,1,1.158681,1.264,1.148,,정상,result/mix-20260911/mixP-fixed50-rep1
명시 계측,SQLite → 거래 DB 흉내,고정 50번 (견고),3배,1,1.140444,1.180,1.139,,정상,result/mix-20260911/mixP-fixed50-rep1-x3
명시 계측,SQLite → 거래 DB 흉내,고정 50번 (견고),1배,2,1.155798,1.258,1.147,,정상,result/mix-20260911/mixP-fixed50-rep2
명시 계측,SQLite → 거래 DB 흉내,고정 50번 (견고),1배,3,1.155799,1.258,1.147,,정상,result/mix-20260911/mixP-fixed50-rep3
명시 계측,SQLite → 거래 DB 흉내,Greedy,1배,1,2.007478,1.485,2.054,,정상,result/mix-20260911/mixP-greedy-rep1
명시 계측,SQLite → 거래 DB 흉내,Greedy,1배,2,2.031987,1.469,2.079,,정상,result/mix-20260911/mixP-greedy-rep2
명시 계측,SQLite → 거래 DB 흉내,Greedy,1배,3,2.015445,1.482,2.060,,정상,result/mix-20260911/mixP-greedy-rep3
명시 계측,SQLite → 거래 DB 흉내,iCAT v1,1배,1,1.166080,1.358,1.148,,정상,result/mix-20260911/mixP-online-rep1
명시 계측,SQLite → 거래 DB 흉내,iCAT v1,1배,1,1.558807,1.795,1.549,,시험 실행,result/mix-20260911/mixP-online-rep1-smoke
명시 계측,SQLite → 거래 DB 흉내,iCAT v1,1배,2,1.177984,1.416,1.160,,정상,result/mix-20260911/mixP-online-rep2
명시 계측,SQLite → 거래 DB 흉내,iCAT v1,1배,3,1.169217,1.387,1.150,,정상,result/mix-20260911/mixP-online-rep3
명시 계측,SQLite → 거래 DB 흉내,iCAT v4,3배,1,1.121826,1.292,1.115,,정상,result/mix-20260911/mixP-onlinev4-rep1-x3
명시 계측,SQLite → 거래 DB 흉내,iCAT v4,3배,2,1.132961,1.241,1.128,,정상,result/mix-20260911/mixP-onlinev4-rep2-x3
명시 계측,빠른 → 5분 쉼 → 빠른,고정 15번,1배,1,1.823678,1.865,,1.782,정상,result/mix-20260911/mixQ-arm15-rep1
명시 계측,빠른 → 5분 쉼 → 빠른,고정 16번,1배,1,1.801675,1.831,,1.773,정상,result/mix-20260911/mixQ-arm16-rep1
명시 계측,빠른 → 5분 쉼 → 빠른,고정 17번,1배,1,1.843864,1.874,,1.814,정상,result/mix-20260911/mixQ-arm17-rep1
명시 계측,빠른 → 5분 쉼 → 빠른,고정 30번,1배,1,1.793819,1.834,,1.754,정상,result/mix-20260911/mixQ-arm30-rep1
명시 계측,빠른 → 5분 쉼 → 빠른,고정 31번,1배,1,1.760638,1.796,,1.726,정상,result/mix-20260911/mixQ-arm31-rep1
명시 계측,빠른 → 5분 쉼 → 빠른,고정 32번,1배,1,1.758746,1.797,,1.720,정상,result/mix-20260911/mixQ-arm32-rep1
명시 계측,빠른 → 5분 쉼 → 빠른,고정 34번,1배,1,1.807538,1.845,,1.770,정상,result/mix-20260911/mixQ-arm34-rep1
명시 계측,빠른 → 5분 쉼 → 빠른,고정 35번,1배,1,1.825125,1.848,,1.802,정상,result/mix-20260911/mixQ-arm35-rep1
명시 계측,빠른 → 5분 쉼 → 빠른,고정 45번,1배,1,1.782298,1.821,,1.744,정상,result/mix-20260911/mixQ-arm45-rep1
명시 계측,빠른 → 5분 쉼 → 빠른,고정 46번,1배,1,1.748614,1.783,,1.714,정상,result/mix-20260911/mixQ-arm46-rep1
명시 계측,빠른 → 5분 쉼 → 빠른,고정 49번,1배,1,1.793509,1.828,,1.759,정상,result/mix-20260911/mixQ-arm49-rep1
명시 계측,빠른 → 5분 쉼 → 빠른,고정 53번,1배,1,1.847890,1.882,,1.814,정상,result/mix-20260911/mixQ-arm53-rep1
명시 계측,빠른 → 5분 쉼 → 빠른,고정 56번,1배,1,1.911033,1.961,1.712,1.861,정상,result/mix-20260911/mixQ-arm56-rep1
명시 계측,빠른 → 5분 쉼 → 빠른,고정 10번 (최악),1배,1,2.257496,2.230,,2.285,정상,result/mix-20260911/mixQ-fixed10-rep1
명시 계측,빠른 → 5분 쉼 → 빠른,고정 10번 (최악),1배,2,2.257440,2.232,,2.283,정상,result/mix-20260911/mixQ-fixed10-rep2
명시 계측,빠른 → 5분 쉼 → 빠른,고정 10번 (최악),1배,3,2.259269,2.235,,2.283,정상,result/mix-20260911/mixQ-fixed10-rep3
명시 계측,빠른 → 5분 쉼 → 빠른,고정 37번 (기본),1배,1,1.891431,1.964,,1.819,정상,result/mix-20260911/mixQ-fixed37-rep1
명시 계측,빠른 → 5분 쉼 → 빠른,고정 37번 (기본),1배,2,1.856492,1.899,1.677,1.814,정상,result/mix-20260911/mixQ-fixed37-rep2
명시 계측,빠른 → 5분 쉼 → 빠른,고정 37번 (기본),1배,3,1.891928,1.965,,1.819,정상,result/mix-20260911/mixQ-fixed37-rep3
명시 계측,빠른 → 5분 쉼 → 빠른,고정 47번 (최적),1배,1,1.730566,1.760,,1.702,정상,result/mix-20260911/mixQ-fixed47-rep1
명시 계측,빠른 → 5분 쉼 → 빠른,고정 47번 (최적),1배,2,1.739501,1.776,,1.703,정상,result/mix-20260911/mixQ-fixed47-rep2
명시 계측,빠른 → 5분 쉼 → 빠른,고정 47번 (최적),1배,3,1.738235,1.775,,1.701,정상,result/mix-20260911/mixQ-fixed47-rep3
명시 계측,빠른 → 5분 쉼 → 빠른,고정 50번 (견고),1배,1,1.782105,1.813,,1.751,정상,result/mix-20260911/mixQ-fixed50-rep1
명시 계측,빠른 → 5분 쉼 → 빠른,고정 50번 (견고),3배,1,1.816683,1.814,,1.819,정상,result/mix-20260911/mixQ-fixed50-rep1-x3
명시 계측,빠른 → 5분 쉼 → 빠른,고정 50번 (견고),1배,2,1.757196,1.774,1.449,1.741,정상,result/mix-20260911/mixQ-fixed50-rep2
명시 계측,빠른 → 5분 쉼 → 빠른,고정 50번 (견고),1배,3,1.770024,1.792,,1.748,정상,result/mix-20260911/mixQ-fixed50-rep3
명시 계측,빠른 → 5분 쉼 → 빠른,Greedy,1배,1,2.245331,2.222,,2.268,정상,result/mix-20260911/mixQ-greedy-rep1
명시 계측,빠른 → 5분 쉼 → 빠른,Greedy,1배,2,2.243922,2.219,,2.269,정상,result/mix-20260911/mixQ-greedy-rep2
명시 계측,빠른 → 5분 쉼 → 빠른,Greedy,1배,3,2.245129,2.222,,2.268,정상,result/mix-20260911/mixQ-greedy-rep3
명시 계측,빠른 → 5분 쉼 → 빠른,iCAT v1,1배,1,1.936290,2.059,,1.813,정상,result/mix-20260911/mixQ-online-rep1
명시 계측,빠른 → 5분 쉼 → 빠른,iCAT v1,1배,1,1.933247,1.951,,1.915,시험 실행,result/mix-20260911/mixQ-online-rep1-smoke
명시 계측,빠른 → 5분 쉼 → 빠른,iCAT v1,1배,2,1.936372,2.060,,1.813,정상,result/mix-20260911/mixQ-online-rep2
명시 계측,빠른 → 5분 쉼 → 빠른,iCAT v1,1배,3,1.935793,2.059,,1.812,정상,result/mix-20260911/mixQ-online-rep3
명시 계측,빠른 → 5분 쉼 → 빠른,iCAT v4,3배,1,1.905589,1.957,,1.854,정상,result/mix-20260911/mixQ-onlinev4-rep1-x3
명시 계측,빠른 3영역 → SQLite → 빠른 3영역 (쓰기량 균등),고정 17번,3배,1,2.176407,1.872,1.371,3.293,정상,result/mix-20260911/mixR-arm17-rep1-x3
명시 계측,빠른 3영역 → SQLite → 빠른 3영역 (쓰기량 균등),고정 32번,3배,1,2.055255,1.796,1.515,2.857,정상,result/mix-20260911/mixR-arm32-rep1-x3
명시 계측,빠른 3영역 → SQLite → 빠른 3영역 (쓰기량 균등),고정 37번 (기본),3배,1,2.410071,1.977,1.499,3.760,정상,result/mix-20260911/mixR-fixed37-rep1-x3
명시 계측,빠른 3영역 → SQLite → 빠른 3영역 (쓰기량 균등),고정 47번 (최적),1배,1,1.760673,1.824,1.337,1.702,시험 실행,result/mix-20260911/mixR-fixed47-rep1-smoke
명시 계측,빠른 3영역 → SQLite → 빠른 3영역 (쓰기량 균등),고정 47번 (최적),3배,1,2.024388,1.773,1.512,2.788,정상,result/mix-20260911/mixR-fixed47-rep1-x3
명시 계측,빠른 3영역 → SQLite → 빠른 3영역 (쓰기량 균등),고정 50번 (견고),3배,1,2.073647,1.814,1.407,3.008,정상,result/mix-20260911/mixR-fixed50-rep1-x3
명시 계측,빠른 3영역 → SQLite → 빠른 3영역 (쓰기량 균등),고정 50번 (견고),3배,2,2.073417,1.814,1.402,3.009,정상,result/mix-20260911/mixR-fixed50-rep2-x3
명시 계측,빠른 3영역 → SQLite → 빠른 3영역 (쓰기량 균등),Greedy,3배,1,3.163588,2.271,3.069,4.153,정상,result/mix-20260911/mixR-greedy-rep1-x3
명시 계측,빠른 3영역 → SQLite → 빠른 3영역 (쓰기량 균등),iCAT v1,3배,1,2.287500,2.026,1.382,3.463,정상,result/mix-20260911/mixR-online-rep1-x3
명시 계측,빠른 3영역 → SQLite → 빠른 3영역 (쓰기량 균등),iCAT v3,3배,1,2.177111,1.935,1.425,3.168,정상,result/mix-20260911/mixR-onlinev3-rep1-x3
명시 계측,빠른 3영역 → SQLite → 빠른 3영역 (쓰기량 균등),iCAT v4,3배,1,2.057359,1.899,1.432,2.844,정상,result/mix-20260911/mixR-onlinev4-rep1-x3
명시 계측,빠른 3영역 → SQLite → 빠른 3영역 (쓰기량 균등),iCAT v4,3배,2,2.100669,1.902,1.503,2.900,정상,result/mix-20260911/mixR-onlinev4-rep2-x3
명시 계측,시험 실행,고정 47번 (최적),1배,1,1.844686,1.850,1.336,,시험 실행,result/mix-20260911/smoke-fixed47
명시 계측,시험 실행,iCAT v1,1배,1,2.034630,2.039,1.608,,시험 실행,result/mix-20260911/smoke-online
명시 계측,빠른 3영역,고정 15번,1배,1,1.877183,1.877,,,정상,result/mix-20260911/t4-arm15-rep1
명시 계측,빠른 3영역,고정 16번,1배,1,1.833378,1.833,,,정상,result/mix-20260911/t4-arm16-rep1
명시 계측,빠른 3영역,고정 17번,1배,1,1.872551,1.873,,,정상,result/mix-20260911/t4-arm17-rep1
명시 계측,빠른 3영역,고정 30번,1배,1,1.836403,1.836,,,정상,result/mix-20260911/t4-arm30-rep1
명시 계측,빠른 3영역,고정 31번,1배,1,1.796511,1.797,,,정상,result/mix-20260911/t4-arm31-rep1
명시 계측,빠른 3영역,고정 32번,1배,1,1.795500,1.796,,,정상,result/mix-20260911/t4-arm32-rep1
명시 계측,빠른 3영역,고정 33번,1배,1,1.915049,1.915,,,정상,result/mix-20260911/t4-arm33-rep1
명시 계측,빠른 3영역,고정 34번,1배,1,1.853144,1.853,,,정상,result/mix-20260911/t4-arm34-rep1
명시 계측,빠른 3영역,고정 35번,1배,1,1.843095,1.843,,,정상,result/mix-20260911/t4-arm35-rep1
명시 계측,빠른 3영역,고정 45번,1배,1,1.813325,1.813,,,정상,result/mix-20260911/t4-arm45-rep1
명시 계측,빠른 3영역,고정 46번,1배,1,1.784670,1.785,,,정상,result/mix-20260911/t4-arm46-rep1
명시 계측,빠른 3영역,고정 49번,1배,1,1.819802,1.820,,,정상,result/mix-20260911/t4-arm49-rep1
명시 계측,빠른 3영역,고정 37번 (기본),1배,1,1.973758,1.974,,,정상,result/mix-20260911/t4-fixed37-rep1
명시 계측,빠른 3영역,고정 47번 (최적),1배,1,1.773945,1.774,,,정상,result/mix-20260911/t4-fixed47-rep1
명시 계측,빠른 3영역,고정 47번 (최적),18배,1,1.772476,1.772,,,정상,result/mix-20260911/t4-fixed47-rep1-x18
명시 계측,빠른 3영역,고정 47번 (최적),3배,1,1.759892,1.760,,,정상,result/mix-20260911/t4-fixed47-rep1-x3
명시 계측,빠른 3영역,고정 47번 (최적),1배,2,1.773695,1.774,,,정상,result/mix-20260911/t4-fixed47-rep2
명시 계측,빠른 3영역,고정 47번 (최적),1배,3,1.773622,1.774,,,정상,result/mix-20260911/t4-fixed47-rep3
명시 계측,빠른 3영역,고정 50번 (견고),18배,1,1.814392,1.814,,,정상,result/mix-20260911/t4-fixed50-rep1-x18
명시 계측,빠른 3영역,Greedy,1배,1,2.245129,2.245,,,정상,result/mix-20260911/t4-greedy-rep1
명시 계측,빠른 3영역,iCAT v1,1배,1,2.000694,2.001,,,정상,result/mix-20260911/t4-online-rep1
명시 계측,빠른 3영역,iCAT v1,18배,1,1.883569,1.884,,,정상,result/mix-20260911/t4-online-rep1-x18
명시 계측,빠른 3영역,iCAT v1,3배,1,2.002105,2.002,,,정상,result/mix-20260911/t4-online-rep1-x3
명시 계측,빠른 3영역,iCAT v1,1배,2,2.001202,2.001,,,정상,result/mix-20260911/t4-online-rep2
명시 계측,빠른 3영역,iCAT v1,1배,3,2.001311,2.001,,,정상,result/mix-20260911/t4-online-rep3
명시 계측,빠른 3영역,iCAT v2,1배,1,2.117584,2.118,,,정상,result/mix-20260911/t4-onlinev2-rep1
명시 계측,빠른 3영역,iCAT v2,1배,1,1.969796,1.970,,,시험 실행,result/mix-20260911/t4-onlinev2-rep1-smoke
명시 계측,빠른 3영역,iCAT v2,18배,1,1.878457,1.878,,,정상,result/mix-20260911/t4-onlinev2-rep1-x18
명시 계측,빠른 3영역,iCAT v2,3배,1,2.003822,2.004,,,정상,result/mix-20260911/t4-onlinev2-rep1-x3
명시 계측,빠른 3영역,iCAT v2,1배,2,2.120724,2.121,,,정상,result/mix-20260911/t4-onlinev2-rep2
명시 계측,빠른 3영역,iCAT v2,18배,2,1.901853,1.902,,,정상,result/mix-20260911/t4-onlinev2-rep2-x18
명시 계측,빠른 3영역,iCAT v2,1배,3,2.083750,2.084,,,정상,result/mix-20260911/t4-onlinev2-rep3
명시 계측,빠른 3영역,iCAT v3,1배,1,1.963025,1.963,,,정상,result/mix-20260911/t4-onlinev3-rep1
명시 계측,빠른 3영역,iCAT v3,18배,1,1.848343,1.848,,,정상,result/mix-20260911/t4-onlinev3-rep1-x18
명시 계측,빠른 3영역,iCAT v3,3배,1,1.938565,1.939,,,정상,result/mix-20260911/t4-onlinev3-rep1-x3
명시 계측,빠른 3영역,iCAT v3,3배,2,1.938584,1.939,,,정상,result/mix-20260911/t4-onlinev3-rep2-x3
명시 계측,빠른 3영역,iCAT v3,3배,3,1.939086,1.939,,,정상,result/mix-20260911/t4-onlinev3-rep3-x3
명시 계측,빠른 3영역,v3 + k=2 되돌림,18배,1,1.904842,1.905,,,정상,result/mix-20260911/t4-onlinev3k2-rep1-x18
명시 계측,빠른 3영역,v3 + 탐색 되돌림,18배,1,1.875439,1.875,,,정상,result/mix-20260911/t4-onlinev3probe-rep1-x18
명시 계측,빠른 3영역,iCAT v4,1배,1,1.914772,1.915,,,시험 실행,result/mix-20260911/t4-onlinev4-rep1-smoke
명시 계측,빠른 3영역,iCAT v4,60배,1,1.807216,1.807,,,정상,result/mix-20260911/t4-onlinev4-rep1-x60
명시 계측,빠른 3영역,고정 47번 (최적),6배 (1시간),1,1.772849,1.773,,,정상,result/mix-20260911/t4long-fixed47-rep1
명시 계측,빠른 3영역,고정 50번 (견고),6배 (1시간),1,1.811610,1.812,,,정상,result/mix-20260911/t4long-fixed50-rep1
명시 계측,빠른 3영역,Greedy,6배 (1시간),1,2.256300,2.256,,,정상,result/mix-20260911/t4long-greedy-rep1
명시 계측,빠른 3영역,iCAT v1,6배 (1시간),1,1.963771,1.964,,,정상,result/mix-20260911/t4long-online-rep1
명시 계측,빠른 3영역,iCAT v2,6배 (1시간),1,1.951222,1.951,,,정상,result/mix-20260911/t4long-onlinev2-rep1
명시 계측,빠른 3영역,iCAT v2,6배 (1시간),2,1.964864,1.965,,,정상,result/mix-20260911/t4long-onlinev2-rep2
명시 계측,빠른 3영역,iCAT v2,6배 (1시간),3,1.957937,1.958,,,정상,result/mix-20260911/t4long-onlinev2-rep3
명시 계측,빠른 3영역,iCAT v3,6배 (1시간),1,1.905943,1.906,,,정상,result/mix-20260911/t4long-onlinev3-rep1
명시 계측,빠른 3영역,iCAT v3,6배 (1시간),2,1.899784,1.900,,,정상,result/mix-20260911/t4long-onlinev3-rep2
원저자 방식,빠른 3영역,고정 0번,1배,1,2.1798,,,,정상,result/sweep-20260915/test4-arm00.console.txt
원저자 방식,빠른 3영역,고정 1번,1배,1,2.1952,,,,정상,result/sweep-20260915/test4-arm01.console.txt
원저자 방식,빠른 3영역,고정 2번,1배,1,2.1950,,,,정상,result/sweep-20260915/test4-arm02.console.txt
원저자 방식,빠른 3영역,고정 3번,1배,1,2.2213,,,,정상,result/sweep-20260915/test4-arm03.console.txt
원저자 방식,빠른 3영역,고정 4번,1배,1,2.2287,,,,정상,result/sweep-20260915/test4-arm04.console.txt
원저자 방식,빠른 3영역,고정 5번,1배,1,2.2278,,,,정상,result/sweep-20260915/test4-arm05.console.txt
원저자 방식,빠른 3영역,고정 6번,1배,1,2.2311,,,,정상,result/sweep-20260915/test4-arm06.console.txt
원저자 방식,빠른 3영역,고정 7번,1배,1,2.2305,,,,정상,result/sweep-20260915/test4-arm07.console.txt
원저자 방식,빠른 3영역,고정 8번,1배,1,2.2268,,,,정상,result/sweep-20260915/test4-arm08.console.txt
원저자 방식,빠른 3영역,고정 9번,1배,1,2.1944,,,,정상,result/sweep-20260915/test4-arm09.console.txt
원저자 방식,빠른 3영역,고정 10번,1배,1,2.2070,,,,정상,result/sweep-20260915/test4-arm10.console.txt
원저자 방식,빠른 3영역,고정 11번,1배,1,2.2106,,,,정상,result/sweep-20260915/test4-arm11.console.txt
원저자 방식,빠른 3영역,고정 12번,1배,1,2.2321,,,,정상,result/sweep-20260915/test4-arm12.console.txt
원저자 방식,빠른 3영역,고정 13번,1배,1,2.2087,,,,정상,result/sweep-20260915/test4-arm13.console.txt
원저자 방식,빠른 3영역,고정 14번,1배,1,2.1550,,,,정상,result/sweep-20260915/test4-arm14.console.txt
원저자 방식,빠른 3영역,고정 15번,1배,1,1.8459,,,,정상,result/sweep-20260915/test4-arm15.console.txt
원저자 방식,빠른 3영역,고정 16번,1배,1,1.7967,,,,정상,result/sweep-20260915/test4-arm16.console.txt
원저자 방식,빠른 3영역,고정 17번,1배,1,1.8434,,,,정상,result/sweep-20260915/test4-arm17.console.txt
원저자 방식,빠른 3영역,고정 18번,1배,1,1.9480,,,,정상,result/sweep-20260915/test4-arm18.console.txt
원저자 방식,빠른 3영역,고정 19번,1배,1,1.8973,,,,정상,result/sweep-20260915/test4-arm19.console.txt
원저자 방식,빠른 3영역,고정 20번,1배,1,1.8957,,,,정상,result/sweep-20260915/test4-arm20.console.txt
원저자 방식,빠른 3영역,고정 21번,1배,1,2.0921,,,,정상,result/sweep-20260915/test4-arm21.console.txt
원저자 방식,빠른 3영역,고정 22번,1배,1,2.0557,,,,정상,result/sweep-20260915/test4-arm22.console.txt
원저자 방식,빠른 3영역,고정 23번,1배,1,1.9680,,,,정상,result/sweep-20260915/test4-arm23.console.txt
원저자 방식,빠른 3영역,고정 24번,1배,1,2.1597,,,,정상,result/sweep-20260915/test4-arm24.console.txt
원저자 방식,빠른 3영역,고정 25번,1배,1,2.1432,,,,정상,result/sweep-20260915/test4-arm25.console.txt
원저자 방식,빠른 3영역,고정 26번,1배,1,2.1291,,,,정상,result/sweep-20260915/test4-arm26.console.txt
원저자 방식,빠른 3영역,고정 27번,1배,1,2.1984,,,,정상,result/sweep-20260915/test4-arm27.console.txt
원저자 방식,빠른 3영역,고정 28번,1배,1,2.1492,,,,정상,result/sweep-20260915/test4-arm28.console.txt
원저자 방식,빠른 3영역,고정 29번,1배,1,2.1851,,,,정상,result/sweep-20260915/test4-arm29.console.txt
원저자 방식,빠른 3영역,고정 30번,1배,1,1.8082,,,,정상,result/sweep-20260915/test4-arm30.console.txt
원저자 방식,빠른 3영역,고정 31번,1배,1,1.7439,,,,정상,result/sweep-20260915/test4-arm31.console.txt
원저자 방식,빠른 3영역,고정 32번,1배,1,1.7685,,,,정상,result/sweep-20260915/test4-arm32.console.txt
원저자 방식,빠른 3영역,고정 33번,1배,1,1.8723,,,,정상,result/sweep-20260915/test4-arm33.console.txt
원저자 방식,빠른 3영역,고정 34번,1배,1,1.7857,,,,정상,result/sweep-20260915/test4-arm34.console.txt
원저자 방식,빠른 3영역,고정 35번,1배,1,1.8198,,,,정상,result/sweep-20260915/test4-arm35.console.txt
원저자 방식,빠른 3영역,고정 36번,1배,1,1.9963,,,,정상,result/sweep-20260915/test4-arm36.console.txt
원저자 방식,빠른 3영역,고정 37번,1배,1,1.9375,,,,정상,result/sweep-20260915/test4-arm37.console.txt
원저자 방식,빠른 3영역,고정 38번,1배,1,1.8918,,,,정상,result/sweep-20260915/test4-arm38.console.txt
원저자 방식,빠른 3영역,고정 39번,1배,1,2.1228,,,,정상,result/sweep-20260915/test4-arm39.console.txt
원저자 방식,빠른 3영역,고정 40번,1배,1,2.0810,,,,정상,result/sweep-20260915/test4-arm40.console.txt
원저자 방식,빠른 3영역,고정 41번,1배,1,2.0505,,,,정상,result/sweep-20260915/test4-arm41.console.txt
원저자 방식,빠른 3영역,고정 42번,1배,1,2.1785,,,,정상,result/sweep-20260915/test4-arm42.console.txt
원저자 방식,빠른 3영역,고정 43번,1배,1,2.1572,,,,정상,result/sweep-20260915/test4-arm43.console.txt
원저자 방식,빠른 3영역,고정 44번,1배,1,2.1156,,,,정상,result/sweep-20260915/test4-arm44.console.txt
원저자 방식,빠른 3영역,고정 45번,1배,1,1.7991,,,,정상,result/sweep-20260915/test4-arm45.console.txt
원저자 방식,빠른 3영역,고정 46번,1배,1,1.7551,,,,정상,result/sweep-20260915/test4-arm46.console.txt
원저자 방식,빠른 3영역,고정 47번,1배,1,1.7455,,,,정상,result/sweep-20260915/test4-arm47.console.txt
원저자 방식,빠른 3영역,고정 48번,1배,1,1.8480,,,,정상,result/sweep-20260915/test4-arm48.console.txt
원저자 방식,빠른 3영역,고정 49번,1배,1,1.8025,,,,정상,result/sweep-20260915/test4-arm49.console.txt
원저자 방식,빠른 3영역,고정 50번,1배,1,1.7859,,,,정상,result/sweep-20260915/test4-arm50.console.txt
원저자 방식,빠른 3영역,고정 51번,1배,1,1.9758,,,,정상,result/sweep-20260915/test4-arm51.console.txt
원저자 방식,빠른 3영역,고정 52번,1배,1,1.8717,,,,정상,result/sweep-20260915/test4-arm52.console.txt
원저자 방식,빠른 3영역,고정 53번,1배,1,1.8517,,,,정상,result/sweep-20260915/test4-arm53.console.txt
원저자 방식,빠른 3영역,고정 54번,1배,1,2.0932,,,,정상,result/sweep-20260915/test4-arm54.console.txt
원저자 방식,빠른 3영역,고정 55번,1배,1,1.9736,,,,정상,result/sweep-20260915/test4-arm55.console.txt
원저자 방식,빠른 3영역,고정 56번,1배,1,1.9850,,,,정상,result/sweep-20260915/test4-arm56.console.txt
원저자 방식,빠른 3영역,고정 57번,1배,1,2.1563,,,,정상,result/sweep-20260915/test4-arm57.console.txt
원저자 방식,빠른 3영역,고정 58번,1배,1,2.1317,,,,정상,result/sweep-20260915/test4-arm58.console.txt
원저자 방식,빠른 3영역,고정 59번,1배,1,2.1072,,,,정상,result/sweep-20260915/test4-arm59.console.txt
원저자 방식,아주 느린 3영역,고정 0번,1배,1,1.6209,,,,정상,result/sweep-slow16-20260921/slow16-arm00.console.txt
원저자 방식,아주 느린 3영역,고정 1번,1배,1,1.7171,,,,정상,result/sweep-slow16-20260921/slow16-arm01.console.txt
원저자 방식,아주 느린 3영역,고정 2번,1배,1,1.8924,,,,정상,result/sweep-slow16-20260921/slow16-arm02.console.txt
원저자 방식,아주 느린 3영역,고정 3번,1배,1,1.6732,,,,정상,result/sweep-slow16-20260921/slow16-arm03.console.txt
원저자 방식,아주 느린 3영역,고정 4번,1배,1,1.6900,,,,정상,result/sweep-slow16-20260921/slow16-arm04.console.txt
원저자 방식,아주 느린 3영역,고정 5번,1배,1,1.7546,,,,정상,result/sweep-slow16-20260921/slow16-arm05.console.txt
원저자 방식,아주 느린 3영역,고정 17번,1배,1,1.5881,,,,정상,result/sweep-slow16-20260921/slow16-arm17.console.txt
원저자 방식,아주 느린 3영역,고정 20번,1배,1,1.5788,,,,정상,result/sweep-slow16-20260921/slow16-arm20.console.txt
원저자 방식,아주 느린 3영역,고정 23번,1배,1,1.6168,,,,정상,result/sweep-slow16-20260921/slow16-arm23.console.txt
원저자 방식,아주 느린 3영역,고정 26번,1배,1,1.6475,,,,정상,result/sweep-slow16-20260921/slow16-arm26.console.txt
원저자 방식,아주 느린 3영역,고정 29번,1배,1,1.6723,,,,정상,result/sweep-slow16-20260921/slow16-arm29.console.txt
원저자 방식,아주 느린 3영역,고정 31번,1배,1,1.5926,,,,정상,result/sweep-slow16-20260921/slow16-arm31.console.txt
원저자 방식,아주 느린 3영역,고정 34번,1배,1,1.5825,,,,정상,result/sweep-slow16-20260921/slow16-arm34.console.txt
원저자 방식,아주 느린 3영역,고정 37번,1배,1,1.5808,,,,정상,result/sweep-slow16-20260921/slow16-arm37.console.txt
원저자 방식,아주 느린 3영역,고정 40번,1배,1,1.5876,,,,정상,result/sweep-slow16-20260921/slow16-arm40.console.txt
원저자 방식,아주 느린 3영역,고정 43번,1배,1,1.5908,,,,정상,result/sweep-slow16-20260921/slow16-arm43.console.txt
원저자 방식,아주 느린 3영역,고정 47번,1배,1,1.5885,,,,정상,result/sweep-slow16-20260921/slow16-arm47.console.txt
원저자 방식,아주 느린 3영역,고정 50번,1배,1,1.5825,,,,정상,result/sweep-slow16-20260921/slow16-arm50.console.txt
원저자 방식,아주 느린 3영역,고정 53번,1배,1,1.5811,,,,정상,result/sweep-slow16-20260921/slow16-arm53.console.txt
원저자 방식,아주 느린 3영역,고정 56번,1배,1,1.5771,,,,정상,result/sweep-slow16-20260921/slow16-arm56.console.txt
원저자 방식,아주 느린 3영역,고정 59번,1배,1,1.5927,,,,정상,result/sweep-slow16-20260921/slow16-arm59.console.txt
원저자 방식,메일 서버 (15만 파일),고정 17번,1배,1,4.139,,,,정상,result/sweep-varmail-20260928/varmail-arm17.console.txt
원저자 방식,메일 서버 (15만 파일),고정 20번,1배,1,4.515,,,,정상,result/sweep-varmail-20260928/varmail-arm20.console.txt
원저자 방식,메일 서버 (15만 파일),고정 23번,1배,1,4.739,,,,정상,result/sweep-varmail-20260928/varmail-arm23.console.txt
원저자 방식,메일 서버 (15만 파일),고정 26번,1배,1,4.823,,,,정상,result/sweep-varmail-20260928/varmail-arm26.console.txt
원저자 방식,메일 서버 (15만 파일),고정 29번,1배,1,4.899,,,,정상,result/sweep-varmail-20260928/varmail-arm29.console.txt
원저자 방식,메일 서버 (15만 파일),고정 31번,1배,1,3.933,,,,정상,result/sweep-varmail-20260928/varmail-arm31.console.txt
원저자 방식,메일 서버 (15만 파일),고정 34번,1배,1,4.383,,,,정상,result/sweep-varmail-20260928/varmail-arm34.console.txt
원저자 방식,메일 서버 (15만 파일),고정 37번,1배,1,4.588,,,,정상,result/sweep-varmail-20260928/varmail-arm37.console.txt
원저자 방식,메일 서버 (15만 파일),고정 40번,1배,1,4.765,,,,정상,result/sweep-varmail-20260928/varmail-arm40.console.txt
원저자 방식,메일 서버 (15만 파일),고정 43번,1배,1,4.850,,,,정상,result/sweep-varmail-20260928/varmail-arm43.console.txt
원저자 방식,메일 서버 (15만 파일),고정 47번,1배,1,3.455,,,,정상,result/sweep-varmail-20260928/varmail-arm47.console.txt
원저자 방식,메일 서버 (15만 파일),고정 50번,1배,1,4.008,,,,정상,result/sweep-varmail-20260928/varmail-arm50.console.txt
원저자 방식,메일 서버 (15만 파일),고정 53번,1배,1,4.424,,,,정상,result/sweep-varmail-20260928/varmail-arm53.console.txt
원저자 방식,메일 서버 (15만 파일),고정 56번,1배,1,4.624,,,,정상,result/sweep-varmail-20260928/varmail-arm56.console.txt
원저자 방식,메일 서버 (15만 파일),고정 59번,1배,1,4.796,,,,정상,result/sweep-varmail-20260928/varmail-arm59.console.txt
원저자 방식,메일 서버 (15만 파일),Greedy,1배,1,4.769,,,,정상,result/sweep-varmail-20260928/varmail-gh-greedy.console.txt
원저자 방식,SQLite 읽기50/수정50,고정 0번,1배,1,1.494,,,,정상,result/sqlite/a-arm00.console.txt
원저자 방식,SQLite 읽기50/수정50,고정 1번,1배,1,1.488,,,,정상,result/sqlite/a-arm01.console.txt
원저자 방식,SQLite 읽기50/수정50,고정 2번,1배,1,1.484,,,,정상,result/sqlite/a-arm02.console.txt
원저자 방식,SQLite 읽기50/수정50,고정 3번,1배,1,1.507,,,,정상,result/sqlite/a-arm03.console.txt
원저자 방식,SQLite 읽기50/수정50,고정 4번,1배,1,1.508,,,,정상,result/sqlite/a-arm04.console.txt
원저자 방식,SQLite 읽기50/수정50,고정 5번,1배,1,1.507,,,,정상,result/sqlite/a-arm05.console.txt
원저자 방식,SQLite 읽기50/수정50,고정 6번,1배,1,1.511,,,,정상,result/sqlite/a-arm06.console.txt
원저자 방식,SQLite 읽기50/수정50,고정 7번,1배,1,1.510,,,,정상,result/sqlite/a-arm07.console.txt
원저자 방식,SQLite 읽기50/수정50,고정 8번,1배,1,1.510,,,,정상,result/sqlite/a-arm08.console.txt
원저자 방식,SQLite 읽기50/수정50,고정 9번,1배,1,1.510,,,,정상,result/sqlite/a-arm09.console.txt
원저자 방식,SQLite 읽기50/수정50,고정 10번,1배,1,1.512,,,,정상,result/sqlite/a-arm10.console.txt
원저자 방식,SQLite 읽기50/수정50,고정 11번,1배,1,1.510,,,,정상,result/sqlite/a-arm11.console.txt
원저자 방식,SQLite 읽기50/수정50,고정 12번,1배,1,1.511,,,,정상,result/sqlite/a-arm12.console.txt
원저자 방식,SQLite 읽기50/수정50,고정 13번,1배,1,1.511,,,,정상,result/sqlite/a-arm13.console.txt
원저자 방식,SQLite 읽기50/수정50,고정 14번,1배,1,1.510,,,,정상,result/sqlite/a-arm14.console.txt
원저자 방식,SQLite 읽기50/수정50,고정 15번,1배,1,1.285,,,,정상,result/sqlite/a-arm15.console.txt
원저자 방식,SQLite 읽기50/수정50,고정 16번,1배,1,1.202,,,,정상,result/sqlite/a-arm16.console.txt
원저자 방식,SQLite 읽기50/수정50,고정 17번,1배,1,1.158,,,,정상,result/sqlite/a-arm17.console.txt
원저자 방식,SQLite 읽기50/수정50,고정 18번,1배,1,1.327,,,,정상,result/sqlite/a-arm18.console.txt
원저자 방식,SQLite 읽기50/수정50,고정 19번,1배,1,1.232,,,,정상,result/sqlite/a-arm19.console.txt
원저자 방식,SQLite 읽기50/수정50,고정 20번,1배,1,1.166,,,,정상,result/sqlite/a-arm20.console.txt
원저자 방식,SQLite 읽기50/수정50,고정 21번,1배,1,1.387,,,,정상,result/sqlite/a-arm21.console.txt
원저자 방식,SQLite 읽기50/수정50,고정 22번,1배,1,1.281,,,,정상,result/sqlite/a-arm22.console.txt
원저자 방식,SQLite 읽기50/수정50,고정 23번,1배,1,1.184,,,,정상,result/sqlite/a-arm23.console.txt
원저자 방식,SQLite 읽기50/수정50,고정 24번,1배,1,1.464,,,,정상,result/sqlite/a-arm24.console.txt
원저자 방식,SQLite 읽기50/수정50,고정 25번,1배,1,1.377,,,,정상,result/sqlite/a-arm25.console.txt
원저자 방식,SQLite 읽기50/수정50,고정 26번,1배,1,1.237,,,,정상,result/sqlite/a-arm26.console.txt
원저자 방식,SQLite 읽기50/수정50,고정 27번,1배,1,1.502,,,,정상,result/sqlite/a-arm27.console.txt
원저자 방식,SQLite 읽기50/수정50,고정 28번,1배,1,1.493,,,,정상,result/sqlite/a-arm28.console.txt
원저자 방식,SQLite 읽기50/수정50,고정 29번,1배,1,1.481,,,,정상,result/sqlite/a-arm29.console.txt
원저자 방식,SQLite 읽기50/수정50,고정 30번,1배,1,1.311,,,,정상,result/sqlite/a-arm30.console.txt
원저자 방식,SQLite 읽기50/수정50,고정 31번,1배,1,1.210,,,,정상,result/sqlite/a-arm31.console.txt
원저자 방식,SQLite 읽기50/수정50,고정 32번,1배,1,1.159,,,,정상,result/sqlite/a-arm32.console.txt
원저자 방식,SQLite 읽기50/수정50,고정 33번,1배,1,1.316,,,,정상,result/sqlite/a-arm33.console.txt
원저자 방식,SQLite 읽기50/수정50,고정 34번,1배,1,1.225,,,,정상,result/sqlite/a-arm34.console.txt
원저자 방식,SQLite 읽기50/수정50,고정 35번,1배,1,1.164,,,,정상,result/sqlite/a-arm35.console.txt
원저자 방식,SQLite 읽기50/수정50,고정 36번,1배,1,1.370,,,,정상,result/sqlite/a-arm36.console.txt
원저자 방식,SQLite 읽기50/수정50,고정 37번,1배,1,1.264,,,,정상,result/sqlite/a-arm37.console.txt
원저자 방식,SQLite 읽기50/수정50,고정 38번,1배,1,1.177,,,,정상,result/sqlite/a-arm38.console.txt
원저자 방식,SQLite 읽기50/수정50,고정 39번,1배,1,1.439,,,,정상,result/sqlite/a-arm39.console.txt
원저자 방식,SQLite 읽기50/수정50,고정 40번,1배,1,1.330,,,,정상,result/sqlite/a-arm40.console.txt
원저자 방식,SQLite 읽기50/수정50,고정 41번,1배,1,1.208,,,,정상,result/sqlite/a-arm41.console.txt
원저자 방식,SQLite 읽기50/수정50,고정 42번,1배,1,1.483,,,,정상,result/sqlite/a-arm42.console.txt
원저자 방식,SQLite 읽기50/수정50,고정 43번,1배,1,1.460,,,,정상,result/sqlite/a-arm43.console.txt
원저자 방식,SQLite 읽기50/수정50,고정 44번,1배,1,1.307,,,,정상,result/sqlite/a-arm44.console.txt
원저자 방식,SQLite 읽기50/수정50,고정 45번,1배,1,1.311,,,,정상,result/sqlite/a-arm45.console.txt
원저자 방식,SQLite 읽기50/수정50,고정 46번,1배,1,1.220,,,,정상,result/sqlite/a-arm46.console.txt
원저자 방식,SQLite 읽기50/수정50,고정 47번,1배,1,1.157,,,,정상,result/sqlite/a-arm47.console.txt
원저자 방식,SQLite 읽기50/수정50,고정 48번,1배,1,1.333,,,,정상,result/sqlite/a-arm48.console.txt
원저자 방식,SQLite 읽기50/수정50,고정 49번,1배,1,1.232,,,,정상,result/sqlite/a-arm49.console.txt
원저자 방식,SQLite 읽기50/수정50,고정 50번,1배,1,1.162,,,,정상,result/sqlite/a-arm50.console.txt
원저자 방식,SQLite 읽기50/수정50,고정 51번,1배,1,1.354,,,,정상,result/sqlite/a-arm51.console.txt
원저자 방식,SQLite 읽기50/수정50,고정 52번,1배,1,1.268,,,,정상,result/sqlite/a-arm52.console.txt
원저자 방식,SQLite 읽기50/수정50,고정 53번,1배,1,1.174,,,,정상,result/sqlite/a-arm53.console.txt
원저자 방식,SQLite 읽기50/수정50,고정 54번,1배,1,1.419,,,,정상,result/sqlite/a-arm54.console.txt
원저자 방식,SQLite 읽기50/수정50,고정 55번,1배,1,1.331,,,,정상,result/sqlite/a-arm55.console.txt
원저자 방식,SQLite 읽기50/수정50,고정 56번,1배,1,1.202,,,,정상,result/sqlite/a-arm56.console.txt
원저자 방식,SQLite 읽기50/수정50,고정 57번,1배,1,1.471,,,,정상,result/sqlite/a-arm57.console.txt
원저자 방식,SQLite 읽기50/수정50,고정 58번,1배,1,1.431,,,,정상,result/sqlite/a-arm58.console.txt
원저자 방식,SQLite 읽기50/수정50,고정 59번,1배,1,1.288,,,,정상,result/sqlite/a-arm59.console.txt
원저자 방식,거래 DB 흉내,고정 0번,1배,1,1.579,,,,정상,result/filebench/oltp-arm00.console.txt
원저자 방식,거래 DB 흉내,고정 1번,1배,1,1.678,,,,정상,result/filebench/oltp-arm01.console.txt
원저자 방식,거래 DB 흉내,고정 2번,1배,1,1.672,,,,정상,result/filebench/oltp-arm02.console.txt
원저자 방식,거래 DB 흉내,고정 3번,1배,1,1.580,,,,정상,result/filebench/oltp-arm03.console.txt
원저자 방식,거래 DB 흉내,고정 4번,1배,1,1.663,,,,정상,result/filebench/oltp-arm04.console.txt
원저자 방식,거래 DB 흉내,고정 5번,1배,1,1.641,,,,정상,result/filebench/oltp-arm05.console.txt
원저자 방식,거래 DB 흉내,고정 6번,1배,1,1.668,,,,정상,result/filebench/oltp-arm06.console.txt
원저자 방식,거래 DB 흉내,고정 7번,1배,1,1.662,,,,정상,result/filebench/oltp-arm07.console.txt
원저자 방식,거래 DB 흉내,고정 8번,1배,1,1.674,,,,정상,result/filebench/oltp-arm08.console.txt
원저자 방식,거래 DB 흉내,고정 9번,1배,1,1.588,,,,정상,result/filebench/oltp-arm09.console.txt
원저자 방식,거래 DB 흉내,고정 10번,1배,1,1.611,,,,정상,result/filebench/oltp-arm10.console.txt
원저자 방식,거래 DB 흉내,고정 11번,1배,1,1.666,,,,정상,result/filebench/oltp-arm11.console.txt
원저자 방식,거래 DB 흉내,고정 12번,1배,1,1.671,,,,정상,result/filebench/oltp-arm12.console.txt
원저자 방식,거래 DB 흉내,고정 13번,1배,1,1.675,,,,정상,result/filebench/oltp-arm13.console.txt
원저자 방식,거래 DB 흉내,고정 14번,1배,1,1.569,,,,정상,result/filebench/oltp-arm14.console.txt
원저자 방식,거래 DB 흉내,고정 15번,1배,1,1.429,,,,정상,result/filebench/oltp-arm15.console.txt
원저자 방식,거래 DB 흉내,고정 16번,1배,1,1.461,,,,정상,result/filebench/oltp-arm16.console.txt
원저자 방식,거래 DB 흉내,고정 17번,1배,1,1.448,,,,정상,result/filebench/oltp-arm17.console.txt
원저자 방식,거래 DB 흉내,고정 18번,1배,1,1.575,,,,정상,result/filebench/oltp-arm18.console.txt
원저자 방식,거래 DB 흉내,고정 19번,1배,1,1.554,,,,정상,result/filebench/oltp-arm19.console.txt
원저자 방식,거래 DB 흉내,고정 20번,1배,1,1.495,,,,정상,result/filebench/oltp-arm20.console.txt
원저자 방식,거래 DB 흉내,고정 21번,1배,1,1.602,,,,정상,result/filebench/oltp-arm21.console.txt
원저자 방식,거래 DB 흉내,고정 22번,1배,1,1.660,,,,정상,result/filebench/oltp-arm22.console.txt
원저자 방식,거래 DB 흉내,고정 23번,1배,1,1.439,,,,정상,result/filebench/oltp-arm23.console.txt
원저자 방식,거래 DB 흉내,고정 24번,1배,1,1.657,,,,정상,result/filebench/oltp-arm24.console.txt
원저자 방식,거래 DB 흉내,고정 25번,1배,1,1.654,,,,정상,result/filebench/oltp-arm25.console.txt
원저자 방식,거래 DB 흉내,고정 26번,1배,1,1.676,,,,정상,result/filebench/oltp-arm26.console.txt
원저자 방식,거래 DB 흉내,고정 27번,1배,1,1.671,,,,정상,result/filebench/oltp-arm27.console.txt
원저자 방식,거래 DB 흉내,고정 28번,1배,1,1.682,,,,정상,result/filebench/oltp-arm28.console.txt
원저자 방식,거래 DB 흉내,고정 29번,1배,1,1.669,,,,정상,result/filebench/oltp-arm29.console.txt
원저자 방식,거래 DB 흉내,고정 30번,1배,1,1.539,,,,정상,result/filebench/oltp-arm30.console.txt
원저자 방식,거래 DB 흉내,고정 31번,1배,1,1.434,,,,정상,result/filebench/oltp-arm31.console.txt
원저자 방식,거래 DB 흉내,고정 32번,1배,1,1.430,,,,정상,result/filebench/oltp-arm32.console.txt
원저자 방식,거래 DB 흉내,고정 33번,1배,1,1.503,,,,정상,result/filebench/oltp-arm33.console.txt
원저자 방식,거래 DB 흉내,고정 34번,1배,1,1.420,,,,정상,result/filebench/oltp-arm34.console.txt
원저자 방식,거래 DB 흉내,고정 35번,1배,1,1.457,,,,정상,result/filebench/oltp-arm35.console.txt
원저자 방식,거래 DB 흉내,고정 36번,1배,1,1.605,,,,정상,result/filebench/oltp-arm36.console.txt
원저자 방식,거래 DB 흉내,고정 37번,1배,1,1.524,,,,정상,result/filebench/oltp-arm37.console.txt
원저자 방식,거래 DB 흉내,고정 38번,1배,1,1.460,,,,정상,result/filebench/oltp-arm38.console.txt
원저자 방식,거래 DB 흉내,고정 39번,1배,1,1.604,,,,정상,result/filebench/oltp-arm39.console.txt
원저자 방식,거래 DB 흉내,고정 40번,1배,1,1.648,,,,정상,result/filebench/oltp-arm40.console.txt
원저자 방식,거래 DB 흉내,고정 41번,1배,1,1.649,,,,정상,result/filebench/oltp-arm41.console.txt
원저자 방식,거래 DB 흉내,고정 42번,1배,1,1.670,,,,정상,result/filebench/oltp-arm42.console.txt
원저자 방식,거래 DB 흉내,고정 43번,1배,1,1.656,,,,정상,result/filebench/oltp-arm43.console.txt
원저자 방식,거래 DB 흉내,고정 44번,1배,1,1.679,,,,정상,result/filebench/oltp-arm44.console.txt
원저자 방식,거래 DB 흉내,고정 45번,1배,1,1.510,,,,정상,result/filebench/oltp-arm45.console.txt
원저자 방식,거래 DB 흉내,고정 46번,1배,1,1.399,,,,정상,result/filebench/oltp-arm46-rep1.console.txt
원저자 방식,거래 DB 흉내,고정 46번,1배,2,1.389,,,,정상,result/filebench/oltp-arm46-rep2.console.txt
원저자 방식,거래 DB 흉내,고정 46번,1배,3,1.502,,,,정상,result/filebench/oltp-arm46-rep3.console.txt
원저자 방식,거래 DB 흉내,고정 46번,1배,1,1.332,,,,정상,result/filebench/oltp-arm46.console.txt
원저자 방식,거래 DB 흉내,고정 47번,1배,1,1.417,,,,정상,result/filebench/oltp-arm47-rep1.console.txt
원저자 방식,거래 DB 흉내,고정 47번,1배,2,1.461,,,,정상,result/filebench/oltp-arm47-rep2.console.txt
원저자 방식,거래 DB 흉내,고정 47번,1배,3,1.482,,,,정상,result/filebench/oltp-arm47-rep3.console.txt
원저자 방식,거래 DB 흉내,고정 47번,1배,1,1.518,,,,정상,result/filebench/oltp-arm47.console.txt
원저자 방식,거래 DB 흉내,고정 48번,1배,1,1.528,,,,정상,result/filebench/oltp-arm48.console.txt
원저자 방식,거래 DB 흉내,고정 49번,1배,1,1.456,,,,정상,result/filebench/oltp-arm49-rep1.console.txt
원저자 방식,거래 DB 흉내,고정 49번,1배,2,1.477,,,,정상,result/filebench/oltp-arm49-rep2.console.txt
원저자 방식,거래 DB 흉내,고정 49번,1배,3,1.400,,,,정상,result/filebench/oltp-arm49-rep3.console.txt
원저자 방식,거래 DB 흉내,고정 49번,1배,1,1.505,,,,정상,result/filebench/oltp-arm49.console.txt
원저자 방식,거래 DB 흉내,고정 50번,1배,1,1.411,,,,정상,result/filebench/oltp-arm50-rep1.console.txt
원저자 방식,거래 DB 흉내,고정 50번,1배,2,1.408,,,,정상,result/filebench/oltp-arm50-rep2.console.txt
원저자 방식,거래 DB 흉내,고정 50번,1배,3,1.527,,,,정상,result/filebench/oltp-arm50-rep3.console.txt
원저자 방식,거래 DB 흉내,고정 50번,1배,1,1.471,,,,정상,result/filebench/oltp-arm50.console.txt
원저자 방식,거래 DB 흉내,고정 51번,1배,1,1.576,,,,정상,result/filebench/oltp-arm51.console.txt
원저자 방식,거래 DB 흉내,고정 52번,1배,1,1.538,,,,정상,result/filebench/oltp-arm52.console.txt
원저자 방식,거래 DB 흉내,고정 53번,1배,1,1.554,,,,정상,result/filebench/oltp-arm53.console.txt
원저자 방식,거래 DB 흉내,고정 54번,1배,1,1.623,,,,정상,result/filebench/oltp-arm54.console.txt
원저자 방식,거래 DB 흉내,고정 55번,1배,1,1.612,,,,정상,result/filebench/oltp-arm55.console.txt
원저자 방식,거래 DB 흉내,고정 56번,1배,1,1.570,,,,정상,result/filebench/oltp-arm56.console.txt
원저자 방식,거래 DB 흉내,고정 57번,1배,1,1.685,,,,정상,result/filebench/oltp-arm57.console.txt
원저자 방식,거래 DB 흉내,고정 58번,1배,1,1.687,,,,정상,result/filebench/oltp-arm58.console.txt
원저자 방식,거래 DB 흉내,고정 59번,1배,1,1.692,,,,정상,result/filebench/oltp-arm59.console.txt
