policy,status,waf,measured_rank,rank_min,rank_max,measured_pool_size,target_pool_size,source,hostname,machine_id
arm00,validated_saved_evidence,3.269210600331783,1,1,56,5,60,/home/oy/iCAT/result/mixX-cat60-90min-20261009/mixX-arm00-rep1,oy-B550M-DS3H,f4f3e77cb5bf4a08ab288227cf288de0
arm01,validated_saved_evidence,3.3152073152468438,2,2,57,5,60,/home/oy/iCAT/result/mixX-cat60-90min-20261009/mixX-arm01-rep1,oy-B550M-DS3H,f4f3e77cb5bf4a08ab288227cf288de0
arm02,validated_saved_evidence,3.398911042238103,3,3,58,5,60,/home/oy/iCAT/result/mixX-cat60-90min-20261009/mixX-arm02-rep1,oy-B550M-DS3H,f4f3e77cb5bf4a08ab288227cf288de0
arm03,validated_saved_evidence,3.5388845748311972,4,4,59,5,60,/home/oy/iCAT/result/mixX-cat60-90min-20261009/resume-20261011/mixX-arm03-rep1,oy-B550M-DS3H,f4f3e77cb5bf4a08ab288227cf288de0
arm04,validated_saved_evidence,3.608264572870386,5,5,60,5,60,/home/oy/iCAT/result/mixX-cat60-90min-20261009/resume-20261011/mixX-arm04-rep1,oy-B550M-DS3H,f4f3e77cb5bf4a08ab288227cf288de0
arm05,pending,,,,,5,60,/home/oy/iCAT/result/mixX-cat60-90min-20261009/resume-20261011/mixX-arm05-rep1,oy-B550M-DS3H,f4f3e77cb5bf4a08ab288227cf288de0
arm06,pending,,,,,5,60,/home/oy/iCAT/result/mixX-cat60-90min-20261009/resume-20261011/mixX-arm06-rep1,oy-B550M-DS3H,f4f3e77cb5bf4a08ab288227cf288de0
arm07,pending,,,,,5,60,/home/oy/iCAT/result/mixX-cat60-90min-20261009/resume-20261011/mixX-arm07-rep1,oy-B550M-DS3H,f4f3e77cb5bf4a08ab288227cf288de0
arm08,pending,,,,,5,60,/home/oy/iCAT/result/mixX-cat60-90min-20261009/resume-20261011/mixX-arm08-rep1,oy-B550M-DS3H,f4f3e77cb5bf4a08ab288227cf288de0
arm09,pending,,,,,5,60,/home/oy/iCAT/result/mixX-cat60-90min-20261009/resume-20261011/mixX-arm09-rep1,oy-B550M-DS3H,f4f3e77cb5bf4a08ab288227cf288de0
arm10,pending,,,,,5,60,/home/oy/iCAT/result/mixX-cat60-90min-20261009/resume-20261011/mixX-arm10-rep1,oy-B550M-DS3H,f4f3e77cb5bf4a08ab288227cf288de0
arm11,pending,,,,,5,60,/home/oy/iCAT/result/mixX-cat60-90min-20261009/resume-20261011/mixX-arm11-rep1,oy-B550M-DS3H,f4f3e77cb5bf4a08ab288227cf288de0
arm12,pending,,,,,5,60,/home/oy/iCAT/result/mixX-cat60-90min-20261009/resume-20261011/mixX-arm12-rep1,oy-B550M-DS3H,f4f3e77cb5bf4a08ab288227cf288de0
arm13,pending,,,,,5,60,/home/oy/iCAT/result/mixX-cat60-90min-20261009/resume-20261011/mixX-arm13-rep1,oy-B550M-DS3H,f4f3e77cb5bf4a08ab288227cf288de0
arm14,pending,,,,,5,60,/home/oy/iCAT/result/mixX-cat60-90min-20261009/resume-20261011/mixX-arm14-rep1,oy-B550M-DS3H,f4f3e77cb5bf4a08ab288227cf288de0
arm15,pending,,,,,5,60,/home/oy/iCAT/result/mixX-cat60-90min-20261009/resume-20261011/mixX-arm15-rep1,oy-B550M-DS3H,f4f3e77cb5bf4a08ab288227cf288de0
arm16,pending,,,,,5,60,/home/oy/iCAT/result/mixX-cat60-90min-20261009/resume-20261011/mixX-arm16-rep1,oy-B550M-DS3H,f4f3e77cb5bf4a08ab288227cf288de0
arm17,pending,,,,,5,60,/home/oy/iCAT/result/mixX-cat60-90min-20261009/resume-20261011/mixX-arm17-rep1,oy-B550M-DS3H,f4f3e77cb5bf4a08ab288227cf288de0
arm18,pending,,,,,5,60,/home/oy/iCAT/result/mixX-cat60-90min-20261009/resume-20261011/mixX-arm18-rep1,oy-B550M-DS3H,f4f3e77cb5bf4a08ab288227cf288de0
arm19,pending,,,,,5,60,/home/oy/iCAT/result/mixX-cat60-90min-20261009/resume-20261011/mixX-arm19-rep1,oy-B550M-DS3H,f4f3e77cb5bf4a08ab288227cf288de0
arm20,pending,,,,,5,60,/home/oy/iCAT/result/mixX-cat60-90min-20261009/resume-20261011/mixX-arm20-rep1,oy-B550M-DS3H,f4f3e77cb5bf4a08ab288227cf288de0
arm21,pending,,,,,5,60,/home/oy/iCAT/result/mixX-cat60-90min-20261009/resume-20261011/mixX-arm21-rep1,oy-B550M-DS3H,f4f3e77cb5bf4a08ab288227cf288de0
arm22,pending,,,,,5,60,/home/oy/iCAT/result/mixX-cat60-90min-20261009/resume-20261011/mixX-arm22-rep1,oy-B550M-DS3H,f4f3e77cb5bf4a08ab288227cf288de0
arm23,pending,,,,,5,60,/home/oy/iCAT/result/mixX-cat60-90min-20261009/resume-20261011/mixX-arm23-rep1,oy-B550M-DS3H,f4f3e77cb5bf4a08ab288227cf288de0
arm24,pending,,,,,5,60,/home/oy/iCAT/result/mixX-cat60-90min-20261009/resume-20261011/mixX-arm24-rep1,oy-B550M-DS3H,f4f3e77cb5bf4a08ab288227cf288de0
arm25,pending,,,,,5,60,/home/oy/iCAT/result/mixX-cat60-90min-20261009/resume-20261011/mixX-arm25-rep1,oy-B550M-DS3H,f4f3e77cb5bf4a08ab288227cf288de0
arm26,pending,,,,,5,60,/home/oy/iCAT/result/mixX-cat60-90min-20261009/resume-20261011/mixX-arm26-rep1,oy-B550M-DS3H,f4f3e77cb5bf4a08ab288227cf288de0
arm27,pending,,,,,5,60,/home/oy/iCAT/result/mixX-cat60-90min-20261009/resume-20261011/mixX-arm27-rep1,oy-B550M-DS3H,f4f3e77cb5bf4a08ab288227cf288de0
arm28,pending,,,,,5,60,/home/oy/iCAT/result/mixX-cat60-90min-20261009/resume-20261011/mixX-arm28-rep1,oy-B550M-DS3H,f4f3e77cb5bf4a08ab288227cf288de0
arm29,pending,,,,,5,60,/home/oy/iCAT/result/mixX-cat60-90min-20261009/resume-20261011/mixX-arm29-rep1,oy-B550M-DS3H,f4f3e77cb5bf4a08ab288227cf288de0
arm30,assigned_other_host,,,,,5,60,/home/oy/iCAT/result/mixX-cat60-90min-20261009/resume-20261011/mixX-arm30-rep1,oy-B550M-DS3H,f4f3e77cb5bf4a08ab288227cf288de0
arm31,assigned_other_host,,,,,5,60,/home/oy/iCAT/result/mixX-cat60-90min-20261009/resume-20261011/mixX-arm31-rep1,oy-B550M-DS3H,f4f3e77cb5bf4a08ab288227cf288de0
arm32,assigned_other_host,,,,,5,60,/home/oy/iCAT/result/mixX-cat60-90min-20261009/resume-20261011/mixX-arm32-rep1,oy-B550M-DS3H,f4f3e77cb5bf4a08ab288227cf288de0
arm33,assigned_other_host,,,,,5,60,/home/oy/iCAT/result/mixX-cat60-90min-20261009/resume-20261011/mixX-arm33-rep1,oy-B550M-DS3H,f4f3e77cb5bf4a08ab288227cf288de0
arm34,assigned_other_host,,,,,5,60,/home/oy/iCAT/result/mixX-cat60-90min-20261009/resume-20261011/mixX-arm34-rep1,oy-B550M-DS3H,f4f3e77cb5bf4a08ab288227cf288de0
arm35,assigned_other_host,,,,,5,60,/home/oy/iCAT/result/mixX-cat60-90min-20261009/resume-20261011/mixX-arm35-rep1,oy-B550M-DS3H,f4f3e77cb5bf4a08ab288227cf288de0
arm36,assigned_other_host,,,,,5,60,/home/oy/iCAT/result/mixX-cat60-90min-20261009/resume-20261011/mixX-arm36-rep1,oy-B550M-DS3H,f4f3e77cb5bf4a08ab288227cf288de0
arm37,assigned_other_host,,,,,5,60,/home/oy/iCAT/result/mixX-cat60-90min-20261009/resume-20261011/mixX-arm37-rep1,oy-B550M-DS3H,f4f3e77cb5bf4a08ab288227cf288de0
arm38,assigned_other_host,,,,,5,60,/home/oy/iCAT/result/mixX-cat60-90min-20261009/resume-20261011/mixX-arm38-rep1,oy-B550M-DS3H,f4f3e77cb5bf4a08ab288227cf288de0
arm39,assigned_other_host,,,,,5,60,/home/oy/iCAT/result/mixX-cat60-90min-20261009/resume-20261011/mixX-arm39-rep1,oy-B550M-DS3H,f4f3e77cb5bf4a08ab288227cf288de0
arm40,assigned_other_host,,,,,5,60,/home/oy/iCAT/result/mixX-cat60-90min-20261009/resume-20261011/mixX-arm40-rep1,oy-B550M-DS3H,f4f3e77cb5bf4a08ab288227cf288de0
arm41,assigned_other_host,,,,,5,60,/home/oy/iCAT/result/mixX-cat60-90min-20261009/resume-20261011/mixX-arm41-rep1,oy-B550M-DS3H,f4f3e77cb5bf4a08ab288227cf288de0
arm42,assigned_other_host,,,,,5,60,/home/oy/iCAT/result/mixX-cat60-90min-20261009/resume-20261011/mixX-arm42-rep1,oy-B550M-DS3H,f4f3e77cb5bf4a08ab288227cf288de0
arm43,assigned_other_host,,,,,5,60,/home/oy/iCAT/result/mixX-cat60-90min-20261009/resume-20261011/mixX-arm43-rep1,oy-B550M-DS3H,f4f3e77cb5bf4a08ab288227cf288de0
arm44,assigned_other_host,,,,,5,60,/home/oy/iCAT/result/mixX-cat60-90min-20261009/resume-20261011/mixX-arm44-rep1,oy-B550M-DS3H,f4f3e77cb5bf4a08ab288227cf288de0
arm45,assigned_other_host,,,,,5,60,/home/oy/iCAT/result/mixX-cat60-90min-20261009/resume-20261011/mixX-arm45-rep1,oy-B550M-DS3H,f4f3e77cb5bf4a08ab288227cf288de0
arm46,assigned_other_host,,,,,5,60,/home/oy/iCAT/result/mixX-cat60-90min-20261009/resume-20261011/mixX-arm46-rep1,oy-B550M-DS3H,f4f3e77cb5bf4a08ab288227cf288de0
arm47,assigned_other_host,,,,,5,60,/home/oy/iCAT/result/mixX-cat60-90min-20261009/resume-20261011/mixX-arm47-rep1,oy-B550M-DS3H,f4f3e77cb5bf4a08ab288227cf288de0
arm48,assigned_other_host,,,,,5,60,/home/oy/iCAT/result/mixX-cat60-90min-20261009/resume-20261011/mixX-arm48-rep1,oy-B550M-DS3H,f4f3e77cb5bf4a08ab288227cf288de0
arm49,assigned_other_host,,,,,5,60,/home/oy/iCAT/result/mixX-cat60-90min-20261009/resume-20261011/mixX-arm49-rep1,oy-B550M-DS3H,f4f3e77cb5bf4a08ab288227cf288de0
arm50,assigned_other_host,,,,,5,60,/home/oy/iCAT/result/mixX-cat60-90min-20261009/resume-20261011/mixX-arm50-rep1,oy-B550M-DS3H,f4f3e77cb5bf4a08ab288227cf288de0
arm51,assigned_other_host,,,,,5,60,/home/oy/iCAT/result/mixX-cat60-90min-20261009/resume-20261011/mixX-arm51-rep1,oy-B550M-DS3H,f4f3e77cb5bf4a08ab288227cf288de0
arm52,assigned_other_host,,,,,5,60,/home/oy/iCAT/result/mixX-cat60-90min-20261009/resume-20261011/mixX-arm52-rep1,oy-B550M-DS3H,f4f3e77cb5bf4a08ab288227cf288de0
arm53,assigned_other_host,,,,,5,60,/home/oy/iCAT/result/mixX-cat60-90min-20261009/resume-20261011/mixX-arm53-rep1,oy-B550M-DS3H,f4f3e77cb5bf4a08ab288227cf288de0
arm54,assigned_other_host,,,,,5,60,/home/oy/iCAT/result/mixX-cat60-90min-20261009/resume-20261011/mixX-arm54-rep1,oy-B550M-DS3H,f4f3e77cb5bf4a08ab288227cf288de0
arm55,assigned_other_host,,,,,5,60,/home/oy/iCAT/result/mixX-cat60-90min-20261009/resume-20261011/mixX-arm55-rep1,oy-B550M-DS3H,f4f3e77cb5bf4a08ab288227cf288de0
arm56,assigned_other_host,,,,,5,60,/home/oy/iCAT/result/mixX-cat60-90min-20261009/resume-20261011/mixX-arm56-rep1,oy-B550M-DS3H,f4f3e77cb5bf4a08ab288227cf288de0
arm57,assigned_other_host,,,,,5,60,/home/oy/iCAT/result/mixX-cat60-90min-20261009/resume-20261011/mixX-arm57-rep1,oy-B550M-DS3H,f4f3e77cb5bf4a08ab288227cf288de0
arm58,assigned_other_host,,,,,5,60,/home/oy/iCAT/result/mixX-cat60-90min-20261009/resume-20261011/mixX-arm58-rep1,oy-B550M-DS3H,f4f3e77cb5bf4a08ab288227cf288de0
arm59,assigned_other_host,,,,,5,60,/home/oy/iCAT/result/mixX-cat60-90min-20261009/resume-20261011/mixX-arm59-rep1,oy-B550M-DS3H,f4f3e77cb5bf4a08ab288227cf288de0
