policy,slot,workload,waf,rank_min,rank_max,measured_pool_size,target_pool_size,status,source
arm00,S01,FIO-Fast,2.265303053094868,1,60,1,60,validated,/home/oy/iCAT/result/mixX-cat60-90min-20261009/mixX-arm00-rep1
arm00,S02,Varmail,4.227692835693549,1,60,1,60,validated,/home/oy/iCAT/result/mixX-cat60-90min-20261009/mixX-arm00-rep1
arm00,S03,OLTP,2.019680089868679,1,60,1,60,validated,/home/oy/iCAT/result/mixX-cat60-90min-20261009/mixX-arm00-rep1
arm01,S01,FIO-Fast,,,,1,60,unmeasured_or_invalid,/home/oy/iCAT/result/mixX-cat60-90min-20261009/mixX-arm01-rep1
arm01,S02,Varmail,,,,1,60,unmeasured_or_invalid,/home/oy/iCAT/result/mixX-cat60-90min-20261009/mixX-arm01-rep1
arm01,S03,OLTP,,,,1,60,unmeasured_or_invalid,/home/oy/iCAT/result/mixX-cat60-90min-20261009/mixX-arm01-rep1
arm02,S01,FIO-Fast,,,,1,60,unmeasured_or_invalid,/home/oy/iCAT/result/mixX-cat60-90min-20261009/mixX-arm02-rep1
arm02,S02,Varmail,,,,1,60,unmeasured_or_invalid,/home/oy/iCAT/result/mixX-cat60-90min-20261009/mixX-arm02-rep1
arm02,S03,OLTP,,,,1,60,unmeasured_or_invalid,/home/oy/iCAT/result/mixX-cat60-90min-20261009/mixX-arm02-rep1
arm03,S01,FIO-Fast,,,,1,60,unmeasured_or_invalid,/home/oy/iCAT/result/mixX-cat60-90min-20261009/mixX-arm03-rep1
arm03,S02,Varmail,,,,1,60,unmeasured_or_invalid,/home/oy/iCAT/result/mixX-cat60-90min-20261009/mixX-arm03-rep1
arm03,S03,OLTP,,,,1,60,unmeasured_or_invalid,/home/oy/iCAT/result/mixX-cat60-90min-20261009/mixX-arm03-rep1
arm04,S01,FIO-Fast,,,,1,60,unmeasured_or_invalid,/home/oy/iCAT/result/mixX-cat60-90min-20261009/mixX-arm04-rep1
arm04,S02,Varmail,,,,1,60,unmeasured_or_invalid,/home/oy/iCAT/result/mixX-cat60-90min-20261009/mixX-arm04-rep1
arm04,S03,OLTP,,,,1,60,unmeasured_or_invalid,/home/oy/iCAT/result/mixX-cat60-90min-20261009/mixX-arm04-rep1
arm05,S01,FIO-Fast,,,,1,60,unmeasured_or_invalid,/home/oy/iCAT/result/mixX-cat60-90min-20261009/mixX-arm05-rep1
arm05,S02,Varmail,,,,1,60,unmeasured_or_invalid,/home/oy/iCAT/result/mixX-cat60-90min-20261009/mixX-arm05-rep1
arm05,S03,OLTP,,,,1,60,unmeasured_or_invalid,/home/oy/iCAT/result/mixX-cat60-90min-20261009/mixX-arm05-rep1
arm06,S01,FIO-Fast,,,,1,60,unmeasured_or_invalid,/home/oy/iCAT/result/mixX-cat60-90min-20261009/mixX-arm06-rep1
arm06,S02,Varmail,,,,1,60,unmeasured_or_invalid,/home/oy/iCAT/result/mixX-cat60-90min-20261009/mixX-arm06-rep1
arm06,S03,OLTP,,,,1,60,unmeasured_or_invalid,/home/oy/iCAT/result/mixX-cat60-90min-20261009/mixX-arm06-rep1
arm07,S01,FIO-Fast,,,,1,60,unmeasured_or_invalid,/home/oy/iCAT/result/mixX-cat60-90min-20261009/mixX-arm07-rep1
arm07,S02,Varmail,,,,1,60,unmeasured_or_invalid,/home/oy/iCAT/result/mixX-cat60-90min-20261009/mixX-arm07-rep1
arm07,S03,OLTP,,,,1,60,unmeasured_or_invalid,/home/oy/iCAT/result/mixX-cat60-90min-20261009/mixX-arm07-rep1
arm08,S01,FIO-Fast,,,,1,60,unmeasured_or_invalid,/home/oy/iCAT/result/mixX-cat60-90min-20261009/mixX-arm08-rep1
arm08,S02,Varmail,,,,1,60,unmeasured_or_invalid,/home/oy/iCAT/result/mixX-cat60-90min-20261009/mixX-arm08-rep1
arm08,S03,OLTP,,,,1,60,unmeasured_or_invalid,/home/oy/iCAT/result/mixX-cat60-90min-20261009/mixX-arm08-rep1
arm09,S01,FIO-Fast,,,,1,60,unmeasured_or_invalid,/home/oy/iCAT/result/mixX-cat60-90min-20261009/mixX-arm09-rep1
arm09,S02,Varmail,,,,1,60,unmeasured_or_invalid,/home/oy/iCAT/result/mixX-cat60-90min-20261009/mixX-arm09-rep1
arm09,S03,OLTP,,,,1,60,unmeasured_or_invalid,/home/oy/iCAT/result/mixX-cat60-90min-20261009/mixX-arm09-rep1
arm10,S01,FIO-Fast,,,,1,60,unmeasured_or_invalid,/home/oy/iCAT/result/mixX-cat60-90min-20261009/mixX-arm10-rep1
arm10,S02,Varmail,,,,1,60,unmeasured_or_invalid,/home/oy/iCAT/result/mixX-cat60-90min-20261009/mixX-arm10-rep1
arm10,S03,OLTP,,,,1,60,unmeasured_or_invalid,/home/oy/iCAT/result/mixX-cat60-90min-20261009/mixX-arm10-rep1
arm11,S01,FIO-Fast,,,,1,60,unmeasured_or_invalid,/home/oy/iCAT/result/mixX-cat60-90min-20261009/mixX-arm11-rep1
arm11,S02,Varmail,,,,1,60,unmeasured_or_invalid,/home/oy/iCAT/result/mixX-cat60-90min-20261009/mixX-arm11-rep1
arm11,S03,OLTP,,,,1,60,unmeasured_or_invalid,/home/oy/iCAT/result/mixX-cat60-90min-20261009/mixX-arm11-rep1
arm12,S01,FIO-Fast,,,,1,60,unmeasured_or_invalid,/home/oy/iCAT/result/mixX-cat60-90min-20261009/mixX-arm12-rep1
arm12,S02,Varmail,,,,1,60,unmeasured_or_invalid,/home/oy/iCAT/result/mixX-cat60-90min-20261009/mixX-arm12-rep1
arm12,S03,OLTP,,,,1,60,unmeasured_or_invalid,/home/oy/iCAT/result/mixX-cat60-90min-20261009/mixX-arm12-rep1
arm13,S01,FIO-Fast,,,,1,60,unmeasured_or_invalid,/home/oy/iCAT/result/mixX-cat60-90min-20261009/mixX-arm13-rep1
arm13,S02,Varmail,,,,1,60,unmeasured_or_invalid,/home/oy/iCAT/result/mixX-cat60-90min-20261009/mixX-arm13-rep1
arm13,S03,OLTP,,,,1,60,unmeasured_or_invalid,/home/oy/iCAT/result/mixX-cat60-90min-20261009/mixX-arm13-rep1
arm14,S01,FIO-Fast,,,,1,60,unmeasured_or_invalid,/home/oy/iCAT/result/mixX-cat60-90min-20261009/mixX-arm14-rep1
arm14,S02,Varmail,,,,1,60,unmeasured_or_invalid,/home/oy/iCAT/result/mixX-cat60-90min-20261009/mixX-arm14-rep1
arm14,S03,OLTP,,,,1,60,unmeasured_or_invalid,/home/oy/iCAT/result/mixX-cat60-90min-20261009/mixX-arm14-rep1
arm15,S01,FIO-Fast,,,,1,60,unmeasured_or_invalid,/home/oy/iCAT/result/mixX-cat60-90min-20261009/mixX-arm15-rep1
arm15,S02,Varmail,,,,1,60,unmeasured_or_invalid,/home/oy/iCAT/result/mixX-cat60-90min-20261009/mixX-arm15-rep1
arm15,S03,OLTP,,,,1,60,unmeasured_or_invalid,/home/oy/iCAT/result/mixX-cat60-90min-20261009/mixX-arm15-rep1
arm16,S01,FIO-Fast,,,,1,60,unmeasured_or_invalid,/home/oy/iCAT/result/mixX-cat60-90min-20261009/mixX-arm16-rep1
arm16,S02,Varmail,,,,1,60,unmeasured_or_invalid,/home/oy/iCAT/result/mixX-cat60-90min-20261009/mixX-arm16-rep1
arm16,S03,OLTP,,,,1,60,unmeasured_or_invalid,/home/oy/iCAT/result/mixX-cat60-90min-20261009/mixX-arm16-rep1
arm17,S01,FIO-Fast,,,,1,60,unmeasured_or_invalid,/home/oy/iCAT/result/mixX-cat60-90min-20261009/mixX-arm17-rep1
arm17,S02,Varmail,,,,1,60,unmeasured_or_invalid,/home/oy/iCAT/result/mixX-cat60-90min-20261009/mixX-arm17-rep1
arm17,S03,OLTP,,,,1,60,unmeasured_or_invalid,/home/oy/iCAT/result/mixX-cat60-90min-20261009/mixX-arm17-rep1
arm18,S01,FIO-Fast,,,,1,60,unmeasured_or_invalid,/home/oy/iCAT/result/mixX-cat60-90min-20261009/mixX-arm18-rep1
arm18,S02,Varmail,,,,1,60,unmeasured_or_invalid,/home/oy/iCAT/result/mixX-cat60-90min-20261009/mixX-arm18-rep1
arm18,S03,OLTP,,,,1,60,unmeasured_or_invalid,/home/oy/iCAT/result/mixX-cat60-90min-20261009/mixX-arm18-rep1
arm19,S01,FIO-Fast,,,,1,60,unmeasured_or_invalid,/home/oy/iCAT/result/mixX-cat60-90min-20261009/mixX-arm19-rep1
arm19,S02,Varmail,,,,1,60,unmeasured_or_invalid,/home/oy/iCAT/result/mixX-cat60-90min-20261009/mixX-arm19-rep1
arm19,S03,OLTP,,,,1,60,unmeasured_or_invalid,/home/oy/iCAT/result/mixX-cat60-90min-20261009/mixX-arm19-rep1
arm20,S01,FIO-Fast,,,,1,60,unmeasured_or_invalid,/home/oy/iCAT/result/mixX-cat60-90min-20261009/mixX-arm20-rep1
arm20,S02,Varmail,,,,1,60,unmeasured_or_invalid,/home/oy/iCAT/result/mixX-cat60-90min-20261009/mixX-arm20-rep1
arm20,S03,OLTP,,,,1,60,unmeasured_or_invalid,/home/oy/iCAT/result/mixX-cat60-90min-20261009/mixX-arm20-rep1
arm21,S01,FIO-Fast,,,,1,60,unmeasured_or_invalid,/home/oy/iCAT/result/mixX-cat60-90min-20261009/mixX-arm21-rep1
arm21,S02,Varmail,,,,1,60,unmeasured_or_invalid,/home/oy/iCAT/result/mixX-cat60-90min-20261009/mixX-arm21-rep1
arm21,S03,OLTP,,,,1,60,unmeasured_or_invalid,/home/oy/iCAT/result/mixX-cat60-90min-20261009/mixX-arm21-rep1
arm22,S01,FIO-Fast,,,,1,60,unmeasured_or_invalid,/home/oy/iCAT/result/mixX-cat60-90min-20261009/mixX-arm22-rep1
arm22,S02,Varmail,,,,1,60,unmeasured_or_invalid,/home/oy/iCAT/result/mixX-cat60-90min-20261009/mixX-arm22-rep1
arm22,S03,OLTP,,,,1,60,unmeasured_or_invalid,/home/oy/iCAT/result/mixX-cat60-90min-20261009/mixX-arm22-rep1
arm23,S01,FIO-Fast,,,,1,60,unmeasured_or_invalid,/home/oy/iCAT/result/mixX-cat60-90min-20261009/mixX-arm23-rep1
arm23,S02,Varmail,,,,1,60,unmeasured_or_invalid,/home/oy/iCAT/result/mixX-cat60-90min-20261009/mixX-arm23-rep1
arm23,S03,OLTP,,,,1,60,unmeasured_or_invalid,/home/oy/iCAT/result/mixX-cat60-90min-20261009/mixX-arm23-rep1
arm24,S01,FIO-Fast,,,,1,60,unmeasured_or_invalid,/home/oy/iCAT/result/mixX-cat60-90min-20261009/mixX-arm24-rep1
arm24,S02,Varmail,,,,1,60,unmeasured_or_invalid,/home/oy/iCAT/result/mixX-cat60-90min-20261009/mixX-arm24-rep1
arm24,S03,OLTP,,,,1,60,unmeasured_or_invalid,/home/oy/iCAT/result/mixX-cat60-90min-20261009/mixX-arm24-rep1
arm25,S01,FIO-Fast,,,,1,60,unmeasured_or_invalid,/home/oy/iCAT/result/mixX-cat60-90min-20261009/mixX-arm25-rep1
arm25,S02,Varmail,,,,1,60,unmeasured_or_invalid,/home/oy/iCAT/result/mixX-cat60-90min-20261009/mixX-arm25-rep1
arm25,S03,OLTP,,,,1,60,unmeasured_or_invalid,/home/oy/iCAT/result/mixX-cat60-90min-20261009/mixX-arm25-rep1
arm26,S01,FIO-Fast,,,,1,60,unmeasured_or_invalid,/home/oy/iCAT/result/mixX-cat60-90min-20261009/mixX-arm26-rep1
arm26,S02,Varmail,,,,1,60,unmeasured_or_invalid,/home/oy/iCAT/result/mixX-cat60-90min-20261009/mixX-arm26-rep1
arm26,S03,OLTP,,,,1,60,unmeasured_or_invalid,/home/oy/iCAT/result/mixX-cat60-90min-20261009/mixX-arm26-rep1
arm27,S01,FIO-Fast,,,,1,60,unmeasured_or_invalid,/home/oy/iCAT/result/mixX-cat60-90min-20261009/mixX-arm27-rep1
arm27,S02,Varmail,,,,1,60,unmeasured_or_invalid,/home/oy/iCAT/result/mixX-cat60-90min-20261009/mixX-arm27-rep1
arm27,S03,OLTP,,,,1,60,unmeasured_or_invalid,/home/oy/iCAT/result/mixX-cat60-90min-20261009/mixX-arm27-rep1
arm28,S01,FIO-Fast,,,,1,60,unmeasured_or_invalid,/home/oy/iCAT/result/mixX-cat60-90min-20261009/mixX-arm28-rep1
arm28,S02,Varmail,,,,1,60,unmeasured_or_invalid,/home/oy/iCAT/result/mixX-cat60-90min-20261009/mixX-arm28-rep1
arm28,S03,OLTP,,,,1,60,unmeasured_or_invalid,/home/oy/iCAT/result/mixX-cat60-90min-20261009/mixX-arm28-rep1
arm29,S01,FIO-Fast,,,,1,60,unmeasured_or_invalid,/home/oy/iCAT/result/mixX-cat60-90min-20261009/mixX-arm29-rep1
arm29,S02,Varmail,,,,1,60,unmeasured_or_invalid,/home/oy/iCAT/result/mixX-cat60-90min-20261009/mixX-arm29-rep1
arm29,S03,OLTP,,,,1,60,unmeasured_or_invalid,/home/oy/iCAT/result/mixX-cat60-90min-20261009/mixX-arm29-rep1
arm30,S01,FIO-Fast,,,,1,60,unmeasured_or_invalid,/home/oy/iCAT/result/mixX-cat60-90min-20261009/mixX-arm30-rep1
arm30,S02,Varmail,,,,1,60,unmeasured_or_invalid,/home/oy/iCAT/result/mixX-cat60-90min-20261009/mixX-arm30-rep1
arm30,S03,OLTP,,,,1,60,unmeasured_or_invalid,/home/oy/iCAT/result/mixX-cat60-90min-20261009/mixX-arm30-rep1
arm31,S01,FIO-Fast,,,,1,60,unmeasured_or_invalid,/home/oy/iCAT/result/mixX-cat60-90min-20261009/mixX-arm31-rep1
arm31,S02,Varmail,,,,1,60,unmeasured_or_invalid,/home/oy/iCAT/result/mixX-cat60-90min-20261009/mixX-arm31-rep1
arm31,S03,OLTP,,,,1,60,unmeasured_or_invalid,/home/oy/iCAT/result/mixX-cat60-90min-20261009/mixX-arm31-rep1
arm32,S01,FIO-Fast,,,,1,60,unmeasured_or_invalid,/home/oy/iCAT/result/mixX-cat60-90min-20261009/mixX-arm32-rep1
arm32,S02,Varmail,,,,1,60,unmeasured_or_invalid,/home/oy/iCAT/result/mixX-cat60-90min-20261009/mixX-arm32-rep1
arm32,S03,OLTP,,,,1,60,unmeasured_or_invalid,/home/oy/iCAT/result/mixX-cat60-90min-20261009/mixX-arm32-rep1
arm33,S01,FIO-Fast,,,,1,60,unmeasured_or_invalid,/home/oy/iCAT/result/mixX-cat60-90min-20261009/mixX-arm33-rep1
arm33,S02,Varmail,,,,1,60,unmeasured_or_invalid,/home/oy/iCAT/result/mixX-cat60-90min-20261009/mixX-arm33-rep1
arm33,S03,OLTP,,,,1,60,unmeasured_or_invalid,/home/oy/iCAT/result/mixX-cat60-90min-20261009/mixX-arm33-rep1
arm34,S01,FIO-Fast,,,,1,60,unmeasured_or_invalid,/home/oy/iCAT/result/mixX-cat60-90min-20261009/mixX-arm34-rep1
arm34,S02,Varmail,,,,1,60,unmeasured_or_invalid,/home/oy/iCAT/result/mixX-cat60-90min-20261009/mixX-arm34-rep1
arm34,S03,OLTP,,,,1,60,unmeasured_or_invalid,/home/oy/iCAT/result/mixX-cat60-90min-20261009/mixX-arm34-rep1
arm35,S01,FIO-Fast,,,,1,60,unmeasured_or_invalid,/home/oy/iCAT/result/mixX-cat60-90min-20261009/mixX-arm35-rep1
arm35,S02,Varmail,,,,1,60,unmeasured_or_invalid,/home/oy/iCAT/result/mixX-cat60-90min-20261009/mixX-arm35-rep1
arm35,S03,OLTP,,,,1,60,unmeasured_or_invalid,/home/oy/iCAT/result/mixX-cat60-90min-20261009/mixX-arm35-rep1
arm36,S01,FIO-Fast,,,,1,60,unmeasured_or_invalid,/home/oy/iCAT/result/mixX-cat60-90min-20261009/mixX-arm36-rep1
arm36,S02,Varmail,,,,1,60,unmeasured_or_invalid,/home/oy/iCAT/result/mixX-cat60-90min-20261009/mixX-arm36-rep1
arm36,S03,OLTP,,,,1,60,unmeasured_or_invalid,/home/oy/iCAT/result/mixX-cat60-90min-20261009/mixX-arm36-rep1
arm37,S01,FIO-Fast,,,,1,60,unmeasured_or_invalid,/home/oy/iCAT/result/mixX-cat60-90min-20261009/mixX-arm37-rep1
arm37,S02,Varmail,,,,1,60,unmeasured_or_invalid,/home/oy/iCAT/result/mixX-cat60-90min-20261009/mixX-arm37-rep1
arm37,S03,OLTP,,,,1,60,unmeasured_or_invalid,/home/oy/iCAT/result/mixX-cat60-90min-20261009/mixX-arm37-rep1
arm38,S01,FIO-Fast,,,,1,60,unmeasured_or_invalid,/home/oy/iCAT/result/mixX-cat60-90min-20261009/mixX-arm38-rep1
arm38,S02,Varmail,,,,1,60,unmeasured_or_invalid,/home/oy/iCAT/result/mixX-cat60-90min-20261009/mixX-arm38-rep1
arm38,S03,OLTP,,,,1,60,unmeasured_or_invalid,/home/oy/iCAT/result/mixX-cat60-90min-20261009/mixX-arm38-rep1
arm39,S01,FIO-Fast,,,,1,60,unmeasured_or_invalid,/home/oy/iCAT/result/mixX-cat60-90min-20261009/mixX-arm39-rep1
arm39,S02,Varmail,,,,1,60,unmeasured_or_invalid,/home/oy/iCAT/result/mixX-cat60-90min-20261009/mixX-arm39-rep1
arm39,S03,OLTP,,,,1,60,unmeasured_or_invalid,/home/oy/iCAT/result/mixX-cat60-90min-20261009/mixX-arm39-rep1
arm40,S01,FIO-Fast,,,,1,60,unmeasured_or_invalid,/home/oy/iCAT/result/mixX-cat60-90min-20261009/mixX-arm40-rep1
arm40,S02,Varmail,,,,1,60,unmeasured_or_invalid,/home/oy/iCAT/result/mixX-cat60-90min-20261009/mixX-arm40-rep1
arm40,S03,OLTP,,,,1,60,unmeasured_or_invalid,/home/oy/iCAT/result/mixX-cat60-90min-20261009/mixX-arm40-rep1
arm41,S01,FIO-Fast,,,,1,60,unmeasured_or_invalid,/home/oy/iCAT/result/mixX-cat60-90min-20261009/mixX-arm41-rep1
arm41,S02,Varmail,,,,1,60,unmeasured_or_invalid,/home/oy/iCAT/result/mixX-cat60-90min-20261009/mixX-arm41-rep1
arm41,S03,OLTP,,,,1,60,unmeasured_or_invalid,/home/oy/iCAT/result/mixX-cat60-90min-20261009/mixX-arm41-rep1
arm42,S01,FIO-Fast,,,,1,60,unmeasured_or_invalid,/home/oy/iCAT/result/mixX-cat60-90min-20261009/mixX-arm42-rep1
arm42,S02,Varmail,,,,1,60,unmeasured_or_invalid,/home/oy/iCAT/result/mixX-cat60-90min-20261009/mixX-arm42-rep1
arm42,S03,OLTP,,,,1,60,unmeasured_or_invalid,/home/oy/iCAT/result/mixX-cat60-90min-20261009/mixX-arm42-rep1
arm43,S01,FIO-Fast,,,,1,60,unmeasured_or_invalid,/home/oy/iCAT/result/mixX-cat60-90min-20261009/mixX-arm43-rep1
arm43,S02,Varmail,,,,1,60,unmeasured_or_invalid,/home/oy/iCAT/result/mixX-cat60-90min-20261009/mixX-arm43-rep1
arm43,S03,OLTP,,,,1,60,unmeasured_or_invalid,/home/oy/iCAT/result/mixX-cat60-90min-20261009/mixX-arm43-rep1
arm44,S01,FIO-Fast,,,,1,60,unmeasured_or_invalid,/home/oy/iCAT/result/mixX-cat60-90min-20261009/mixX-arm44-rep1
arm44,S02,Varmail,,,,1,60,unmeasured_or_invalid,/home/oy/iCAT/result/mixX-cat60-90min-20261009/mixX-arm44-rep1
arm44,S03,OLTP,,,,1,60,unmeasured_or_invalid,/home/oy/iCAT/result/mixX-cat60-90min-20261009/mixX-arm44-rep1
arm45,S01,FIO-Fast,,,,1,60,unmeasured_or_invalid,/home/oy/iCAT/result/mixX-cat60-90min-20261009/mixX-arm45-rep1
arm45,S02,Varmail,,,,1,60,unmeasured_or_invalid,/home/oy/iCAT/result/mixX-cat60-90min-20261009/mixX-arm45-rep1
arm45,S03,OLTP,,,,1,60,unmeasured_or_invalid,/home/oy/iCAT/result/mixX-cat60-90min-20261009/mixX-arm45-rep1
arm46,S01,FIO-Fast,,,,1,60,unmeasured_or_invalid,/home/oy/iCAT/result/mixX-cat60-90min-20261009/mixX-arm46-rep1
arm46,S02,Varmail,,,,1,60,unmeasured_or_invalid,/home/oy/iCAT/result/mixX-cat60-90min-20261009/mixX-arm46-rep1
arm46,S03,OLTP,,,,1,60,unmeasured_or_invalid,/home/oy/iCAT/result/mixX-cat60-90min-20261009/mixX-arm46-rep1
arm47,S01,FIO-Fast,,,,1,60,unmeasured_or_invalid,/home/oy/iCAT/result/mixX-cat60-90min-20261009/mixX-arm47-rep1
arm47,S02,Varmail,,,,1,60,unmeasured_or_invalid,/home/oy/iCAT/result/mixX-cat60-90min-20261009/mixX-arm47-rep1
arm47,S03,OLTP,,,,1,60,unmeasured_or_invalid,/home/oy/iCAT/result/mixX-cat60-90min-20261009/mixX-arm47-rep1
arm48,S01,FIO-Fast,,,,1,60,unmeasured_or_invalid,/home/oy/iCAT/result/mixX-cat60-90min-20261009/mixX-arm48-rep1
arm48,S02,Varmail,,,,1,60,unmeasured_or_invalid,/home/oy/iCAT/result/mixX-cat60-90min-20261009/mixX-arm48-rep1
arm48,S03,OLTP,,,,1,60,unmeasured_or_invalid,/home/oy/iCAT/result/mixX-cat60-90min-20261009/mixX-arm48-rep1
arm49,S01,FIO-Fast,,,,1,60,unmeasured_or_invalid,/home/oy/iCAT/result/mixX-cat60-90min-20261009/mixX-arm49-rep1
arm49,S02,Varmail,,,,1,60,unmeasured_or_invalid,/home/oy/iCAT/result/mixX-cat60-90min-20261009/mixX-arm49-rep1
arm49,S03,OLTP,,,,1,60,unmeasured_or_invalid,/home/oy/iCAT/result/mixX-cat60-90min-20261009/mixX-arm49-rep1
arm50,S01,FIO-Fast,,,,1,60,unmeasured_or_invalid,/home/oy/iCAT/result/mixX-cat60-90min-20261009/mixX-arm50-rep1
arm50,S02,Varmail,,,,1,60,unmeasured_or_invalid,/home/oy/iCAT/result/mixX-cat60-90min-20261009/mixX-arm50-rep1
arm50,S03,OLTP,,,,1,60,unmeasured_or_invalid,/home/oy/iCAT/result/mixX-cat60-90min-20261009/mixX-arm50-rep1
arm51,S01,FIO-Fast,,,,1,60,unmeasured_or_invalid,/home/oy/iCAT/result/mixX-cat60-90min-20261009/mixX-arm51-rep1
arm51,S02,Varmail,,,,1,60,unmeasured_or_invalid,/home/oy/iCAT/result/mixX-cat60-90min-20261009/mixX-arm51-rep1
arm51,S03,OLTP,,,,1,60,unmeasured_or_invalid,/home/oy/iCAT/result/mixX-cat60-90min-20261009/mixX-arm51-rep1
arm52,S01,FIO-Fast,,,,1,60,unmeasured_or_invalid,/home/oy/iCAT/result/mixX-cat60-90min-20261009/mixX-arm52-rep1
arm52,S02,Varmail,,,,1,60,unmeasured_or_invalid,/home/oy/iCAT/result/mixX-cat60-90min-20261009/mixX-arm52-rep1
arm52,S03,OLTP,,,,1,60,unmeasured_or_invalid,/home/oy/iCAT/result/mixX-cat60-90min-20261009/mixX-arm52-rep1
arm53,S01,FIO-Fast,,,,1,60,unmeasured_or_invalid,/home/oy/iCAT/result/mixX-cat60-90min-20261009/mixX-arm53-rep1
arm53,S02,Varmail,,,,1,60,unmeasured_or_invalid,/home/oy/iCAT/result/mixX-cat60-90min-20261009/mixX-arm53-rep1
arm53,S03,OLTP,,,,1,60,unmeasured_or_invalid,/home/oy/iCAT/result/mixX-cat60-90min-20261009/mixX-arm53-rep1
arm54,S01,FIO-Fast,,,,1,60,unmeasured_or_invalid,/home/oy/iCAT/result/mixX-cat60-90min-20261009/mixX-arm54-rep1
arm54,S02,Varmail,,,,1,60,unmeasured_or_invalid,/home/oy/iCAT/result/mixX-cat60-90min-20261009/mixX-arm54-rep1
arm54,S03,OLTP,,,,1,60,unmeasured_or_invalid,/home/oy/iCAT/result/mixX-cat60-90min-20261009/mixX-arm54-rep1
arm55,S01,FIO-Fast,,,,1,60,unmeasured_or_invalid,/home/oy/iCAT/result/mixX-cat60-90min-20261009/mixX-arm55-rep1
arm55,S02,Varmail,,,,1,60,unmeasured_or_invalid,/home/oy/iCAT/result/mixX-cat60-90min-20261009/mixX-arm55-rep1
arm55,S03,OLTP,,,,1,60,unmeasured_or_invalid,/home/oy/iCAT/result/mixX-cat60-90min-20261009/mixX-arm55-rep1
arm56,S01,FIO-Fast,,,,1,60,unmeasured_or_invalid,/home/oy/iCAT/result/mixX-cat60-90min-20261009/mixX-arm56-rep1
arm56,S02,Varmail,,,,1,60,unmeasured_or_invalid,/home/oy/iCAT/result/mixX-cat60-90min-20261009/mixX-arm56-rep1
arm56,S03,OLTP,,,,1,60,unmeasured_or_invalid,/home/oy/iCAT/result/mixX-cat60-90min-20261009/mixX-arm56-rep1
arm57,S01,FIO-Fast,,,,1,60,unmeasured_or_invalid,/home/oy/iCAT/result/mixX-cat60-90min-20261009/mixX-arm57-rep1
arm57,S02,Varmail,,,,1,60,unmeasured_or_invalid,/home/oy/iCAT/result/mixX-cat60-90min-20261009/mixX-arm57-rep1
arm57,S03,OLTP,,,,1,60,unmeasured_or_invalid,/home/oy/iCAT/result/mixX-cat60-90min-20261009/mixX-arm57-rep1
arm58,S01,FIO-Fast,,,,1,60,unmeasured_or_invalid,/home/oy/iCAT/result/mixX-cat60-90min-20261009/mixX-arm58-rep1
arm58,S02,Varmail,,,,1,60,unmeasured_or_invalid,/home/oy/iCAT/result/mixX-cat60-90min-20261009/mixX-arm58-rep1
arm58,S03,OLTP,,,,1,60,unmeasured_or_invalid,/home/oy/iCAT/result/mixX-cat60-90min-20261009/mixX-arm58-rep1
arm59,S01,FIO-Fast,,,,1,60,unmeasured_or_invalid,/home/oy/iCAT/result/mixX-cat60-90min-20261009/mixX-arm59-rep1
arm59,S02,Varmail,,,,1,60,unmeasured_or_invalid,/home/oy/iCAT/result/mixX-cat60-90min-20261009/mixX-arm59-rep1
arm59,S03,OLTP,,,,1,60,unmeasured_or_invalid,/home/oy/iCAT/result/mixX-cat60-90min-20261009/mixX-arm59-rep1
