policy,k,scale_pct,age_ratio,status,waf,measured_rank,rank_min,rank_max,measured_pool_size,target_pool_size,unmeasured_or_invalid,hostname,machine_id,seed,phase_seconds,measurement,actual_seconds,source,source_commit
arm00,2,25,4,validated,3.269210600331783,1,1,58,3,60,57,oy-B550M-DS3H,f4f3e77cb5bf4a08ab288227cf288de0,rep1,1800,manual FTLpageWAF,5414.0,/home/oy/iCAT/result/mixX-cat60-90min-20261009/mixX-arm00-rep1,5e569073f2e980708ebebccb5104810c6c95779a
arm01,2,25,7,validated,3.3152073152468438,2,2,59,3,60,57,oy-B550M-DS3H,f4f3e77cb5bf4a08ab288227cf288de0,rep1,1800,manual FTLpageWAF,5415.0,/home/oy/iCAT/result/mixX-cat60-90min-20261009/mixX-arm01-rep1,5e569073f2e980708ebebccb5104810c6c95779a
arm02,2,25,16,validated,3.398911042238103,3,3,60,3,60,57,oy-B550M-DS3H,f4f3e77cb5bf4a08ab288227cf288de0,rep1,1800,manual FTLpageWAF,5414.0,/home/oy/iCAT/result/mixX-cat60-90min-20261009/mixX-arm02-rep1,5e569073f2e980708ebebccb5104810c6c95779a
arm03,2,50,4,unmeasured_or_invalid,,,,,3,60,57,oy-B550M-DS3H,f4f3e77cb5bf4a08ab288227cf288de0,rep1,1800,manual FTLpageWAF,,/home/oy/iCAT/result/mixX-cat60-90min-20261009/mixX-arm03-rep1,5e569073f2e980708ebebccb5104810c6c95779a
arm04,2,50,7,unmeasured_or_invalid,,,,,3,60,57,oy-B550M-DS3H,f4f3e77cb5bf4a08ab288227cf288de0,rep1,1800,manual FTLpageWAF,,/home/oy/iCAT/result/mixX-cat60-90min-20261009/mixX-arm04-rep1,5e569073f2e980708ebebccb5104810c6c95779a
arm05,2,50,16,unmeasured_or_invalid,,,,,3,60,57,oy-B550M-DS3H,f4f3e77cb5bf4a08ab288227cf288de0,rep1,1800,manual FTLpageWAF,,/home/oy/iCAT/result/mixX-cat60-90min-20261009/mixX-arm05-rep1,5e569073f2e980708ebebccb5104810c6c95779a
arm06,2,100,4,unmeasured_or_invalid,,,,,3,60,57,oy-B550M-DS3H,f4f3e77cb5bf4a08ab288227cf288de0,rep1,1800,manual FTLpageWAF,,/home/oy/iCAT/result/mixX-cat60-90min-20261009/mixX-arm06-rep1,5e569073f2e980708ebebccb5104810c6c95779a
arm07,2,100,7,unmeasured_or_invalid,,,,,3,60,57,oy-B550M-DS3H,f4f3e77cb5bf4a08ab288227cf288de0,rep1,1800,manual FTLpageWAF,,/home/oy/iCAT/result/mixX-cat60-90min-20261009/mixX-arm07-rep1,5e569073f2e980708ebebccb5104810c6c95779a
arm08,2,100,16,unmeasured_or_invalid,,,,,3,60,57,oy-B550M-DS3H,f4f3e77cb5bf4a08ab288227cf288de0,rep1,1800,manual FTLpageWAF,,/home/oy/iCAT/result/mixX-cat60-90min-20261009/mixX-arm08-rep1,5e569073f2e980708ebebccb5104810c6c95779a
arm09,2,200,4,unmeasured_or_invalid,,,,,3,60,57,oy-B550M-DS3H,f4f3e77cb5bf4a08ab288227cf288de0,rep1,1800,manual FTLpageWAF,,/home/oy/iCAT/result/mixX-cat60-90min-20261009/mixX-arm09-rep1,5e569073f2e980708ebebccb5104810c6c95779a
arm10,2,200,7,unmeasured_or_invalid,,,,,3,60,57,oy-B550M-DS3H,f4f3e77cb5bf4a08ab288227cf288de0,rep1,1800,manual FTLpageWAF,,/home/oy/iCAT/result/mixX-cat60-90min-20261009/mixX-arm10-rep1,5e569073f2e980708ebebccb5104810c6c95779a
arm11,2,200,16,unmeasured_or_invalid,,,,,3,60,57,oy-B550M-DS3H,f4f3e77cb5bf4a08ab288227cf288de0,rep1,1800,manual FTLpageWAF,,/home/oy/iCAT/result/mixX-cat60-90min-20261009/mixX-arm11-rep1,5e569073f2e980708ebebccb5104810c6c95779a
arm12,2,400,4,unmeasured_or_invalid,,,,,3,60,57,oy-B550M-DS3H,f4f3e77cb5bf4a08ab288227cf288de0,rep1,1800,manual FTLpageWAF,,/home/oy/iCAT/result/mixX-cat60-90min-20261009/mixX-arm12-rep1,5e569073f2e980708ebebccb5104810c6c95779a
arm13,2,400,7,unmeasured_or_invalid,,,,,3,60,57,oy-B550M-DS3H,f4f3e77cb5bf4a08ab288227cf288de0,rep1,1800,manual FTLpageWAF,,/home/oy/iCAT/result/mixX-cat60-90min-20261009/mixX-arm13-rep1,5e569073f2e980708ebebccb5104810c6c95779a
arm14,2,400,16,unmeasured_or_invalid,,,,,3,60,57,oy-B550M-DS3H,f4f3e77cb5bf4a08ab288227cf288de0,rep1,1800,manual FTLpageWAF,,/home/oy/iCAT/result/mixX-cat60-90min-20261009/mixX-arm14-rep1,5e569073f2e980708ebebccb5104810c6c95779a
arm15,4,25,4,unmeasured_or_invalid,,,,,3,60,57,oy-B550M-DS3H,f4f3e77cb5bf4a08ab288227cf288de0,rep1,1800,manual FTLpageWAF,,/home/oy/iCAT/result/mixX-cat60-90min-20261009/mixX-arm15-rep1,5e569073f2e980708ebebccb5104810c6c95779a
arm16,4,25,7,unmeasured_or_invalid,,,,,3,60,57,oy-B550M-DS3H,f4f3e77cb5bf4a08ab288227cf288de0,rep1,1800,manual FTLpageWAF,,/home/oy/iCAT/result/mixX-cat60-90min-20261009/mixX-arm16-rep1,5e569073f2e980708ebebccb5104810c6c95779a
arm17,4,25,16,unmeasured_or_invalid,,,,,3,60,57,oy-B550M-DS3H,f4f3e77cb5bf4a08ab288227cf288de0,rep1,1800,manual FTLpageWAF,,/home/oy/iCAT/result/mixX-cat60-90min-20261009/mixX-arm17-rep1,5e569073f2e980708ebebccb5104810c6c95779a
arm18,4,50,4,unmeasured_or_invalid,,,,,3,60,57,oy-B550M-DS3H,f4f3e77cb5bf4a08ab288227cf288de0,rep1,1800,manual FTLpageWAF,,/home/oy/iCAT/result/mixX-cat60-90min-20261009/mixX-arm18-rep1,5e569073f2e980708ebebccb5104810c6c95779a
arm19,4,50,7,unmeasured_or_invalid,,,,,3,60,57,oy-B550M-DS3H,f4f3e77cb5bf4a08ab288227cf288de0,rep1,1800,manual FTLpageWAF,,/home/oy/iCAT/result/mixX-cat60-90min-20261009/mixX-arm19-rep1,5e569073f2e980708ebebccb5104810c6c95779a
arm20,4,50,16,unmeasured_or_invalid,,,,,3,60,57,oy-B550M-DS3H,f4f3e77cb5bf4a08ab288227cf288de0,rep1,1800,manual FTLpageWAF,,/home/oy/iCAT/result/mixX-cat60-90min-20261009/mixX-arm20-rep1,5e569073f2e980708ebebccb5104810c6c95779a
arm21,4,100,4,unmeasured_or_invalid,,,,,3,60,57,oy-B550M-DS3H,f4f3e77cb5bf4a08ab288227cf288de0,rep1,1800,manual FTLpageWAF,,/home/oy/iCAT/result/mixX-cat60-90min-20261009/mixX-arm21-rep1,5e569073f2e980708ebebccb5104810c6c95779a
arm22,4,100,7,unmeasured_or_invalid,,,,,3,60,57,oy-B550M-DS3H,f4f3e77cb5bf4a08ab288227cf288de0,rep1,1800,manual FTLpageWAF,,/home/oy/iCAT/result/mixX-cat60-90min-20261009/mixX-arm22-rep1,5e569073f2e980708ebebccb5104810c6c95779a
arm23,4,100,16,unmeasured_or_invalid,,,,,3,60,57,oy-B550M-DS3H,f4f3e77cb5bf4a08ab288227cf288de0,rep1,1800,manual FTLpageWAF,,/home/oy/iCAT/result/mixX-cat60-90min-20261009/mixX-arm23-rep1,5e569073f2e980708ebebccb5104810c6c95779a
arm24,4,200,4,unmeasured_or_invalid,,,,,3,60,57,oy-B550M-DS3H,f4f3e77cb5bf4a08ab288227cf288de0,rep1,1800,manual FTLpageWAF,,/home/oy/iCAT/result/mixX-cat60-90min-20261009/mixX-arm24-rep1,5e569073f2e980708ebebccb5104810c6c95779a
arm25,4,200,7,unmeasured_or_invalid,,,,,3,60,57,oy-B550M-DS3H,f4f3e77cb5bf4a08ab288227cf288de0,rep1,1800,manual FTLpageWAF,,/home/oy/iCAT/result/mixX-cat60-90min-20261009/mixX-arm25-rep1,5e569073f2e980708ebebccb5104810c6c95779a
arm26,4,200,16,unmeasured_or_invalid,,,,,3,60,57,oy-B550M-DS3H,f4f3e77cb5bf4a08ab288227cf288de0,rep1,1800,manual FTLpageWAF,,/home/oy/iCAT/result/mixX-cat60-90min-20261009/mixX-arm26-rep1,5e569073f2e980708ebebccb5104810c6c95779a
arm27,4,400,4,unmeasured_or_invalid,,,,,3,60,57,oy-B550M-DS3H,f4f3e77cb5bf4a08ab288227cf288de0,rep1,1800,manual FTLpageWAF,,/home/oy/iCAT/result/mixX-cat60-90min-20261009/mixX-arm27-rep1,5e569073f2e980708ebebccb5104810c6c95779a
arm28,4,400,7,unmeasured_or_invalid,,,,,3,60,57,oy-B550M-DS3H,f4f3e77cb5bf4a08ab288227cf288de0,rep1,1800,manual FTLpageWAF,,/home/oy/iCAT/result/mixX-cat60-90min-20261009/mixX-arm28-rep1,5e569073f2e980708ebebccb5104810c6c95779a
arm29,4,400,16,unmeasured_or_invalid,,,,,3,60,57,oy-B550M-DS3H,f4f3e77cb5bf4a08ab288227cf288de0,rep1,1800,manual FTLpageWAF,,/home/oy/iCAT/result/mixX-cat60-90min-20261009/mixX-arm29-rep1,5e569073f2e980708ebebccb5104810c6c95779a
arm30,7,25,4,unmeasured_or_invalid,,,,,3,60,57,oy-B550M-DS3H,f4f3e77cb5bf4a08ab288227cf288de0,rep1,1800,manual FTLpageWAF,,/home/oy/iCAT/result/mixX-cat60-90min-20261009/mixX-arm30-rep1,5e569073f2e980708ebebccb5104810c6c95779a
arm31,7,25,7,unmeasured_or_invalid,,,,,3,60,57,oy-B550M-DS3H,f4f3e77cb5bf4a08ab288227cf288de0,rep1,1800,manual FTLpageWAF,,/home/oy/iCAT/result/mixX-cat60-90min-20261009/mixX-arm31-rep1,5e569073f2e980708ebebccb5104810c6c95779a
arm32,7,25,16,unmeasured_or_invalid,,,,,3,60,57,oy-B550M-DS3H,f4f3e77cb5bf4a08ab288227cf288de0,rep1,1800,manual FTLpageWAF,,/home/oy/iCAT/result/mixX-cat60-90min-20261009/mixX-arm32-rep1,5e569073f2e980708ebebccb5104810c6c95779a
arm33,7,50,4,unmeasured_or_invalid,,,,,3,60,57,oy-B550M-DS3H,f4f3e77cb5bf4a08ab288227cf288de0,rep1,1800,manual FTLpageWAF,,/home/oy/iCAT/result/mixX-cat60-90min-20261009/mixX-arm33-rep1,5e569073f2e980708ebebccb5104810c6c95779a
arm34,7,50,7,unmeasured_or_invalid,,,,,3,60,57,oy-B550M-DS3H,f4f3e77cb5bf4a08ab288227cf288de0,rep1,1800,manual FTLpageWAF,,/home/oy/iCAT/result/mixX-cat60-90min-20261009/mixX-arm34-rep1,5e569073f2e980708ebebccb5104810c6c95779a
arm35,7,50,16,unmeasured_or_invalid,,,,,3,60,57,oy-B550M-DS3H,f4f3e77cb5bf4a08ab288227cf288de0,rep1,1800,manual FTLpageWAF,,/home/oy/iCAT/result/mixX-cat60-90min-20261009/mixX-arm35-rep1,5e569073f2e980708ebebccb5104810c6c95779a
arm36,7,100,4,unmeasured_or_invalid,,,,,3,60,57,oy-B550M-DS3H,f4f3e77cb5bf4a08ab288227cf288de0,rep1,1800,manual FTLpageWAF,,/home/oy/iCAT/result/mixX-cat60-90min-20261009/mixX-arm36-rep1,5e569073f2e980708ebebccb5104810c6c95779a
arm37,7,100,7,unmeasured_or_invalid,,,,,3,60,57,oy-B550M-DS3H,f4f3e77cb5bf4a08ab288227cf288de0,rep1,1800,manual FTLpageWAF,,/home/oy/iCAT/result/mixX-cat60-90min-20261009/mixX-arm37-rep1,5e569073f2e980708ebebccb5104810c6c95779a
arm38,7,100,16,unmeasured_or_invalid,,,,,3,60,57,oy-B550M-DS3H,f4f3e77cb5bf4a08ab288227cf288de0,rep1,1800,manual FTLpageWAF,,/home/oy/iCAT/result/mixX-cat60-90min-20261009/mixX-arm38-rep1,5e569073f2e980708ebebccb5104810c6c95779a
arm39,7,200,4,unmeasured_or_invalid,,,,,3,60,57,oy-B550M-DS3H,f4f3e77cb5bf4a08ab288227cf288de0,rep1,1800,manual FTLpageWAF,,/home/oy/iCAT/result/mixX-cat60-90min-20261009/mixX-arm39-rep1,5e569073f2e980708ebebccb5104810c6c95779a
arm40,7,200,7,unmeasured_or_invalid,,,,,3,60,57,oy-B550M-DS3H,f4f3e77cb5bf4a08ab288227cf288de0,rep1,1800,manual FTLpageWAF,,/home/oy/iCAT/result/mixX-cat60-90min-20261009/mixX-arm40-rep1,5e569073f2e980708ebebccb5104810c6c95779a
arm41,7,200,16,unmeasured_or_invalid,,,,,3,60,57,oy-B550M-DS3H,f4f3e77cb5bf4a08ab288227cf288de0,rep1,1800,manual FTLpageWAF,,/home/oy/iCAT/result/mixX-cat60-90min-20261009/mixX-arm41-rep1,5e569073f2e980708ebebccb5104810c6c95779a
arm42,7,400,4,unmeasured_or_invalid,,,,,3,60,57,oy-B550M-DS3H,f4f3e77cb5bf4a08ab288227cf288de0,rep1,1800,manual FTLpageWAF,,/home/oy/iCAT/result/mixX-cat60-90min-20261009/mixX-arm42-rep1,5e569073f2e980708ebebccb5104810c6c95779a
arm43,7,400,7,unmeasured_or_invalid,,,,,3,60,57,oy-B550M-DS3H,f4f3e77cb5bf4a08ab288227cf288de0,rep1,1800,manual FTLpageWAF,,/home/oy/iCAT/result/mixX-cat60-90min-20261009/mixX-arm43-rep1,5e569073f2e980708ebebccb5104810c6c95779a
arm44,7,400,16,unmeasured_or_invalid,,,,,3,60,57,oy-B550M-DS3H,f4f3e77cb5bf4a08ab288227cf288de0,rep1,1800,manual FTLpageWAF,,/home/oy/iCAT/result/mixX-cat60-90min-20261009/mixX-arm44-rep1,5e569073f2e980708ebebccb5104810c6c95779a
arm45,10,25,4,unmeasured_or_invalid,,,,,3,60,57,oy-B550M-DS3H,f4f3e77cb5bf4a08ab288227cf288de0,rep1,1800,manual FTLpageWAF,,/home/oy/iCAT/result/mixX-cat60-90min-20261009/mixX-arm45-rep1,5e569073f2e980708ebebccb5104810c6c95779a
arm46,10,25,7,unmeasured_or_invalid,,,,,3,60,57,oy-B550M-DS3H,f4f3e77cb5bf4a08ab288227cf288de0,rep1,1800,manual FTLpageWAF,,/home/oy/iCAT/result/mixX-cat60-90min-20261009/mixX-arm46-rep1,5e569073f2e980708ebebccb5104810c6c95779a
arm47,10,25,16,unmeasured_or_invalid,,,,,3,60,57,oy-B550M-DS3H,f4f3e77cb5bf4a08ab288227cf288de0,rep1,1800,manual FTLpageWAF,,/home/oy/iCAT/result/mixX-cat60-90min-20261009/mixX-arm47-rep1,5e569073f2e980708ebebccb5104810c6c95779a
arm48,10,50,4,unmeasured_or_invalid,,,,,3,60,57,oy-B550M-DS3H,f4f3e77cb5bf4a08ab288227cf288de0,rep1,1800,manual FTLpageWAF,,/home/oy/iCAT/result/mixX-cat60-90min-20261009/mixX-arm48-rep1,5e569073f2e980708ebebccb5104810c6c95779a
arm49,10,50,7,unmeasured_or_invalid,,,,,3,60,57,oy-B550M-DS3H,f4f3e77cb5bf4a08ab288227cf288de0,rep1,1800,manual FTLpageWAF,,/home/oy/iCAT/result/mixX-cat60-90min-20261009/mixX-arm49-rep1,5e569073f2e980708ebebccb5104810c6c95779a
arm50,10,50,16,unmeasured_or_invalid,,,,,3,60,57,oy-B550M-DS3H,f4f3e77cb5bf4a08ab288227cf288de0,rep1,1800,manual FTLpageWAF,,/home/oy/iCAT/result/mixX-cat60-90min-20261009/mixX-arm50-rep1,5e569073f2e980708ebebccb5104810c6c95779a
arm51,10,100,4,unmeasured_or_invalid,,,,,3,60,57,oy-B550M-DS3H,f4f3e77cb5bf4a08ab288227cf288de0,rep1,1800,manual FTLpageWAF,,/home/oy/iCAT/result/mixX-cat60-90min-20261009/mixX-arm51-rep1,5e569073f2e980708ebebccb5104810c6c95779a
arm52,10,100,7,unmeasured_or_invalid,,,,,3,60,57,oy-B550M-DS3H,f4f3e77cb5bf4a08ab288227cf288de0,rep1,1800,manual FTLpageWAF,,/home/oy/iCAT/result/mixX-cat60-90min-20261009/mixX-arm52-rep1,5e569073f2e980708ebebccb5104810c6c95779a
arm53,10,100,16,unmeasured_or_invalid,,,,,3,60,57,oy-B550M-DS3H,f4f3e77cb5bf4a08ab288227cf288de0,rep1,1800,manual FTLpageWAF,,/home/oy/iCAT/result/mixX-cat60-90min-20261009/mixX-arm53-rep1,5e569073f2e980708ebebccb5104810c6c95779a
arm54,10,200,4,unmeasured_or_invalid,,,,,3,60,57,oy-B550M-DS3H,f4f3e77cb5bf4a08ab288227cf288de0,rep1,1800,manual FTLpageWAF,,/home/oy/iCAT/result/mixX-cat60-90min-20261009/mixX-arm54-rep1,5e569073f2e980708ebebccb5104810c6c95779a
arm55,10,200,7,unmeasured_or_invalid,,,,,3,60,57,oy-B550M-DS3H,f4f3e77cb5bf4a08ab288227cf288de0,rep1,1800,manual FTLpageWAF,,/home/oy/iCAT/result/mixX-cat60-90min-20261009/mixX-arm55-rep1,5e569073f2e980708ebebccb5104810c6c95779a
arm56,10,200,16,unmeasured_or_invalid,,,,,3,60,57,oy-B550M-DS3H,f4f3e77cb5bf4a08ab288227cf288de0,rep1,1800,manual FTLpageWAF,,/home/oy/iCAT/result/mixX-cat60-90min-20261009/mixX-arm56-rep1,5e569073f2e980708ebebccb5104810c6c95779a
arm57,10,400,4,unmeasured_or_invalid,,,,,3,60,57,oy-B550M-DS3H,f4f3e77cb5bf4a08ab288227cf288de0,rep1,1800,manual FTLpageWAF,,/home/oy/iCAT/result/mixX-cat60-90min-20261009/mixX-arm57-rep1,5e569073f2e980708ebebccb5104810c6c95779a
arm58,10,400,7,unmeasured_or_invalid,,,,,3,60,57,oy-B550M-DS3H,f4f3e77cb5bf4a08ab288227cf288de0,rep1,1800,manual FTLpageWAF,,/home/oy/iCAT/result/mixX-cat60-90min-20261009/mixX-arm58-rep1,5e569073f2e980708ebebccb5104810c6c95779a
arm59,10,400,16,unmeasured_or_invalid,,,,,3,60,57,oy-B550M-DS3H,f4f3e77cb5bf4a08ab288227cf288de0,rep1,1800,manual FTLpageWAF,,/home/oy/iCAT/result/mixX-cat60-90min-20261009/mixX-arm59-rep1,5e569073f2e980708ebebccb5104810c6c95779a
