unix_timestamp,epoch,active,host_bytes,host_pages,gc_pages,cumulative_waf
1791271233,0,0,0,0,0,
1791271263,1,1,2116349952,516687,2941,1.0056920340554338
1791271293,1,1,6769086464,1652609,67285,1.0407144097605665
1791271323,1,1,11288039424,2755869,147089,1.0533730014017357
1791271353,1,1,16072957952,3924062,209895,1.0534892160215614
1791271383,1,1,21185380352,5172212,296149,1.0572577071473481
1791271413,1,1,40216252416,9818421,818244,1.0833376364692449
1791271443,1,1,61664624640,15054840,1180509,1.0784139187131845
1791271473,1,1,83082850304,20283899,1483036,1.0731139511195555
1791271503,1,1,104545312768,25523758,1774413,1.069520052650554
1791271533,1,1,114951208960,28064260,1937913,1.0690527026189183
1791271563,1,1,129835106304,31698024,6405243,1.2020707347562107
1791271593,1,1,146898001920,35863770,10405524,1.290140272481114
1791271623,1,1,164329984000,40119625,13752372,1.3427841611181561
1791271653,1,1,181654425600,44349225,16808025,1.3789925303091541
1791271683,1,1,186603003904,45557374,17811450,1.390967442504478
1791271713,1,1,190681796608,46553173,18716725,1.402050468181836
1791271743,1,1,194686738432,47530942,19553640,1.4113875967364584
1791271774,1,1,198746886144,48522189,20366022,1.4197259525945953
