unix_timestamp,phase,epoch,active,host_bytes,host_pages,gc_pages,cumulative_waf
1791524615,preparation,0,0,0,0,0,
1791524645,preparation,0,0,0,0,0,
1791524675,preparation,0,0,0,0,0,
1791524705,S01,1,1,1245458432,304067,281648,1.926269539279172
1791524735,S01,1,1,6162268160,1504460,1560311,2.0371236191058584
1791524765,S01,1,1,11078750208,2704773,2907808,2.075065449115323
1791524795,S01,1,1,15995445248,3905138,4343749,2.1123163893311836
1791524825,S01,1,1,20912193536,5105516,5865672,2.148889162231594
1791524855,S01,1,1,25828982784,6305904,7373318,2.169272161453774
1791524885,S01,1,1,30745665536,7506266,8891666,2.184565801425103
1791524915,S01,1,1,35662254080,8706605,10409838,2.195625390149203
1791524945,S01,1,1,40579215360,9907035,11916199,2.20280174643574
1791524975,S01,1,1,45495816192,11107377,13420358,2.208238272636285
1791525005,S01,1,1,50412597248,12307763,14932842,2.2132864436859894
1791525035,S01,1,1,55329648640,13508215,16474546,2.2195945948446925
1791525065,S01,1,1,60246589440,14708640,17995082,2.2234361572517924
1791525095,S01,1,1,65163096064,15908959,19509530,2.2263234822592732
1791525125,S01,1,1,70079868928,17109343,21033046,2.2293310152236705
1791525155,S01,1,1,74996920320,18309795,22577745,2.2330965475036724
1791525185,S01,1,1,79913652224,19510169,24098240,2.235163057787967
1791525215,S01,1,1,84830273536,20710516,25628487,2.2374625045556567
1791525245,S01,1,1,89747308544,21910964,27121690,2.237813635219336
1791525275,S01,1,1,94664093696,23111351,28653566,2.2398048906790433
1791525305,S01,1,1,99580735488,24311703,30184175,2.2415491831238645
1791525335,S01,1,1,104497393664,25512059,31723558,2.243473057192287
1791525365,S01,1,1,109413953536,26712391,33244716,2.244542878995744
1791525395,S01,1,1,114330533888,27912728,34792819,2.246485796730438
1791525425,S01,1,1,119246970880,29113030,36320318,2.2475622770972308
1791525455,S01,1,1,124163760128,30313418,37859744,2.248943421688706
1791525485,S01,1,1,129081245696,31513976,39358887,2.2489343458280224
1791525515,S01,1,1,133998039040,32714365,40880566,2.2496212596515326
1791525545,S01,1,1,138914807808,33914748,42406844,2.2503953737176525
1791525575,S01,1,1,143831687168,35115158,43959395,2.2518637962557366
1791525605,S01,1,1,148748300288,36315503,45475231,2.252226383866967
1791525635,S01,1,1,153665175552,37515912,47019903,2.2533322660528685
1791525665,S01,1,1,158582218752,38716362,48554233,2.2541011213811877
1791525695,S01,1,1,163498864640,39916715,50113359,2.2554479746141434
1791525725,S01,1,1,168415621120,41117095,51629484,2.2556695457205818
1791525755,S01,1,1,173332357120,42317470,53158370,2.2561802489610083
1791525785,S01,1,1,178249129984,43517854,54672753,2.2563292528165566
1791525815,S01,1,1,183165829120,44718220,56224068,2.2572966455283776
1791525845,S01,1,1,188082671616,45918621,57747876,2.2576134636098937
1791525875,S01,1,1,192999677952,47119062,59291871,2.258341496696178
1791525905,S01,1,1,197916241920,48319395,60820048,2.2587088062671317
1791525935,S01,1,1,202832805888,49519728,62385410,2.2598092218923336
1791525965,S01,1,1,207749468160,50720085,63909693,2.2600470405363082
1791525995,S01,1,1,212665987072,51920407,65456081,2.260700460225591
1791526025,S01,1,1,217582661632,53120767,66962556,2.260572084736653
1791526056,S01,1,1,222499414016,54321146,68508155,2.26116917710094
1791526086,S01,1,1,227416526848,55521613,70034867,2.2613982774599863
1791526116,S01,1,1,232333275136,56721991,71588344,2.2620915228451697
1791526146,S01,1,1,237250105344,57922389,73099986,2.2620333391290197
1791526176,S01,1,1,242166755328,59122743,74645791,2.262556289040919
1791526206,S01,1,1,247083954176,60323231,76171098,2.2627158183884415
1791526236,S01,1,1,252000837632,61523642,77717607,2.2632153181048675
1791526266,S01,1,1,256917921792,62724102,79227304,2.2631078241662195
1791526296,S01,1,1,261835128832,63924592,80749768,2.2632034945174153
1791526326,S01,1,1,266752176128,65125043,82267988,2.2632312273482875
1791526356,S01,1,1,271668944896,66325426,83829840,2.2639170987005794
1791526386,S01,1,1,276585758720,67525820,85355555,2.264043220800577
1791526416,S01,1,1,281502584832,68726217,86905623,2.2645192299759493
1791526446,S01,1,1,286419558400,69926650,88438945,2.264738765549329
1791526476,S01,1,1,291336269824,71127019,89987561,2.2651670527623264
1791526506,S02,1,1,297807450112,72706897,92246640,2.268746760021955
1791526536,S02,1,1,307737956352,75131337,101443529,2.350215942516769
1791526566,S02,1,1,316625539072,77301157,110964089,2.4354777251264172
1791526596,S02,1,1,325673832448,79510213,120353424,2.5136850909957946
1791526626,S02,1,1,335038439424,81796494,129661007,2.5851658263005746
1791526656,S02,1,1,344474329088,84100178,138970885,2.6524446000578026
1791526686,S02,1,1,353926778880,86407905,148259108,2.715804913913837
1791526716,S02,1,1,363468111872,88737332,157513187,2.7750498403535504
1791526746,S02,1,1,373084327936,91085041,166735399,2.8305464560311284
1791526776,S02,1,1,382824857600,93463100,175942249,2.882478207977266
1791526806,S02,1,1,392601104384,95849879,185098799,2.9311323178613504
1791526836,S02,1,1,402410569728,98244768,194206013,2.976756797878539
1791526866,S02,1,1,412354236416,100672421,203278963,3.0192120243139877
1791526896,S02,1,1,422399561728,103124893,212310709,3.058772647647741
1791526926,S02,1,1,432467001344,105582764,221323942,3.096212806097783
1791526956,S02,1,1,442690015232,108078617,230357174,3.1313852859534648
1791526986,S02,1,1,453041623040,110605865,239378614,3.1642488307469048
1791527016,S02,1,1,463474352128,113152918,248400891,3.195267213524268
1791527046,S02,1,1,473965264896,115714176,257345230,3.2239732321128916
1791527076,S02,1,1,484616392704,118314549,266331428,3.2510454568017666
1791527106,S02,1,1,495329734656,120930111,275306324,3.276573813779101
1791527136,S02,1,1,506123866112,123565397,284275978,3.3006115377106746
1791527166,S02,1,1,516968976384,126213129,293198938,3.323046265654344
1791527196,S02,1,1,527848423424,128869244,302125462,3.3444341925370495
1791527226,S02,1,1,538780483584,131538204,311017903,3.3644682194383617
1791527256,S02,1,1,549764452352,134219837,319908043,3.383463205964108
1791527286,S02,1,1,560745115648,136900663,328709376,3.4010795039027677
1791527316,S02,1,1,571832098816,139607446,337523324,3.417659900461183
1791527346,S02,1,1,583051976704,142346674,346360478,3.4332179197948807
1791527376,S02,1,1,594292957184,145091054,355152925,3.4477934042714997
1791527406,S02,1,1,605544800256,147838086,363882571,3.4613587800372363
1791527436,S02,1,1,616949092352,150622337,372678736,3.4742594187739897
1791527466,S02,1,1,628383219712,153413872,381420195,3.486217119922506
1791527496,S02,1,1,639913222144,156228814,390162188,3.4973766234953305
1791527526,S02,1,1,651445383168,159044283,398886043,3.5080187446913764
1791527556,S02,1,1,663074189312,161883347,407652343,3.5181857834950745
1791527586,S02,1,1,674736918528,164730693,416399684,3.5277601667104017
1791527616,S02,1,1,686459879424,167592744,425100969,3.536511777622067
1791527646,S02,1,1,698290606080,170481105,433823026,3.544698581112552
1791527676,S02,1,1,709271150592,173161902,441862110,3.5517282086679782
1791527706,S02,1,1,720983560192,176021377,450373583,3.558630040713748
1791527736,S02,1,1,732255891456,178773411,458522278,3.5648236806311204
1791527766,S02,1,1,743561777152,181533637,466650696,3.570601810836853
1791527796,S02,1,1,755641917440,184482890,475316860,3.576482079178183
1791527826,S02,1,1,767771295744,187444164,483984124,3.582017565508201
1791527856,S02,1,1,779877408768,190399758,492622908,3.5873084775664474
1791527886,S02,1,1,792079630336,193378816,501250901,3.5920672769037947
1791527916,S02,1,1,804252545024,196350719,509840453,3.596580524871926
1791527946,S02,1,1,816551034880,199353280,518454806,3.6006836004905463
1791527976,S02,1,1,828878594048,202362938,527037082,3.604415053511429
1791528006,S02,1,1,841237512192,205380252,535624957,3.6079671817716923
1791528036,S02,1,1,853725990912,208429197,544227147,3.6110888245661665
1791528066,S02,1,1,866160562176,211464981,552764982,3.6139788223374913
1791528096,S02,1,1,878639468544,214511589,561289072,3.6165909012962465
1791528126,S02,1,1,891212001280,217581055,569820166,3.6188868603472852
1791528156,S02,1,1,903821754368,220659608,578333090,3.620928656775281
1791528186,S02,1,1,916493066240,223753190,586874605,3.622865868415105
1791528216,S02,1,1,929186807808,226852248,595373553,3.6244992423438536
1791528246,S02,1,1,941928263680,229962955,603851378,3.6258637092222092
1791528276,S02,1,1,954695569408,233079973,612302763,3.62700718177962
1791528306,S03,1,1,965518467072,235722282,619476783,3.6279941706995693
1791528336,S03,1,1,970167513088,236857303,622676714,3.6289107665808387
1791528366,S03,1,1,974828371968,237995208,625762451,3.6293069354572887
1791528396,S03,1,1,979473317888,239129228,628643486,3.628886026429191
1791528426,S03,1,1,984305168384,240308879,630048240,3.621826719935721
1791528456,S03,1,1,989100855296,241479701,631500874,3.6151302630609106
1791528486,S03,1,1,993926590464,242657859,632970202,3.6084883655056066
1791528516,S03,1,1,998732865536,243831266,634409706,3.6018390356879006
1791528546,S03,1,1,1003564974080,245010980,635793905,3.594960866651772
1791528577,S03,1,1,1008344829952,246177937,637171562,3.5882561604210697
1791528607,S03,1,1,1013111341056,247341636,638544433,3.5816293743605705
1791528637,S03,1,1,1017922785280,248516305,639878348,3.5747942292961423
1791528667,S03,1,1,1022743146496,249693151,641188868,3.567907311162091
1791528697,S03,1,1,1027528482816,250861446,642495738,3.5611577555843317
1791528727,S03,1,1,1032322097152,252031762,643794072,3.554416423117337
1791528757,S03,1,1,1037021462528,253179068,645011718,3.5476502583539014
1791528787,S03,1,1,1041529757696,254279726,646177178,3.5412060495928017
1791528817,S03,1,1,1046133518336,255403691,647360932,3.53465769999385
1791528847,S03,1,1,1050631880704,256501924,648495874,3.528230057252904
1791528877,S03,1,1,1055221411840,257622415,649638229,3.5216681126135705
1791528907,S03,1,1,1059736600576,258724756,650744911,3.5152015642445904
1791528937,S03,1,1,1064252985344,259827389,651842807,3.508753251567332
1791528967,S03,1,1,1068842450944,260947864,652960624,3.5022646822661865
1791528997,S03,1,1,1073380270080,262055730,654039876,3.495804522190757
1791529027,S03,1,1,1077941399552,263169287,655115367,3.4893306299834297
1791529057,S03,1,1,1082511736832,264285092,656179911,3.4828487525887386
1791529087,S03,1,1,1087063613440,265396390,657218720,3.476366464517471
1791529117,S03,1,1,1091556585472,266493307,658227593,3.4699591911327063
1791529147,S03,1,1,1096107528192,267604377,659244581,3.463504477731319
1791529177,S03,1,1,1100709793792,268727977,660262140,3.4569906988136183
1791529207,S03,1,1,1104719745024,269706969,661138112,3.451320091769672
1791529237,S03,1,1,1109197815808,270800248,662098543,3.444970223956368
1791529267,S03,1,1,1113704857600,271900600,663064568,3.4386285576420206
1791529298,S03,1,1,1118313889792,273025852,664039108,3.4321473704255667
1791529328,S03,1,1,1122840592384,274131004,665003566,3.425860469252139
1791529358,S03,1,1,1127363649536,275235266,665944852,3.419547689793502
1791529388,S03,1,1,1131868160000,276335000,666886288,3.413325449183057
1791529418,S03,1,1,1136452808704,277454299,667823082,3.4069660639859105
1791529448,S03,1,1,1141021356032,278569667,668752224,3.400664190046219
1791529478,S03,1,1,1145583124480,279683380,669681006,3.3944254606762834
1791529508,S03,1,1,1150096834560,280785360,670573449,3.388206596668715
1791529538,S03,1,1,1154672852992,281902552,671480897,3.3819610437581282
1791529568,S03,1,1,1159311167488,283034953,672397828,3.3756706402265446
1791529598,S03,1,1,1163835236352,284139462,673279773,3.369539831816814
1791529628,S03,1,1,1168404283392,285254952,674170997,3.3633980489145023
1791529658,S03,1,1,1172987277312,286373847,675046793,3.357222211705666
1791529688,S03,1,1,1177567559680,287492080,675923621,3.3511034495280705
1791529718,S03,1,1,1182120292352,288603587,676792047,3.345057641296745
1791529748,S03,1,1,1186714501120,289725220,677663265,3.3389861089759463
1791529778,S03,1,1,1191303401472,290845557,678538162,3.3329844505756023
1791529808,S03,1,1,1195641106432,291904567,679357430,3.32732717059545
1791529838,S03,1,1,1200267534336,293034066,680246034,3.3213889200172377
1791529868,S03,1,1,1204908777472,294167182,681118188,3.3154118803096124
1791529899,S03,1,1,1209531150336,295295691,681986218,3.3095027756432787
1791529929,S03,1,1,1214034747392,296395202,682828075,3.3037757372334253
1791529959,S03,1,1,1218621280256,297514961,683678843,3.297964582023154
1791529989,S03,1,1,1223231725568,298640558,684531160,3.2921573833919773
1791530019,S03,1,1,1227876163584,299774454,685386232,3.286339689238497
1791530049,S03,1,1,1232497815552,300902787,686235746,3.2805895313957327
1791530079,S03,1,1,1237035687936,302010666,687063082,3.274962971009772
1791530109,S03,1,1,1241684754432,303145692,687901448,3.2692107001804267
