워크로드,정책,n,구간 A WAF,구간 B WAF,구간 C WAF,전체 WAF
SQLite → 거래 DB 흉내,iCAT v4,2,1.267,1.121,,1.127
SQLite → 거래 DB 흉내,고정 17번,1,1.185,1.120,,1.123
SQLite → 거래 DB 흉내,고정 31번,1,1.206,1.189,,1.190
SQLite → 거래 DB 흉내,고정 32번,1,1.184,1.119,,1.122
SQLite → 거래 DB 흉내,고정 37번 (기본),1,1.266,1.174,,1.178
SQLite → 거래 DB 흉내,고정 46번,1,1.203,1.173,,1.174
SQLite → 거래 DB 흉내,고정 47번 (최적),1,1.178,1.134,,1.136
SQLite → 거래 DB 흉내,고정 50번 (견고),1,1.180,1.139,,1.140
SQLite → 빠른 3영역,iCAT v4,1,1.380,3.339,,2.887
SQLite → 빠른 3영역,고정 31번,1,1.520,2.988,,2.651
SQLite → 빠른 3영역,고정 32번,1,1.442,2.861,,2.535
SQLite → 빠른 3영역,고정 47번 (최적),1,1.474,2.789,,2.487
SQLite → 빠른 3영역,고정 50번 (견고),1,1.385,3.023,,2.645
SQLite 수정 많음 → 읽기 위주,iCAT v4,2,1.369,1.333,,1.366
SQLite 수정 많음 → 읽기 위주,고정 17번,1,1.210,1.191,,1.208
SQLite 수정 많음 → 읽기 위주,고정 31번,1,1.525,1.512,,1.524
SQLite 수정 많음 → 읽기 위주,고정 35번,1,1.355,1.222,,1.343
SQLite 수정 많음 → 읽기 위주,고정 37번 (기본),1,1.472,1.451,,1.470
SQLite 수정 많음 → 읽기 위주,고정 46번,1,1.516,1.505,,1.515
SQLite 수정 많음 → 읽기 위주,고정 47번 (최적),1,1.410,1.454,,1.414
SQLite 수정 많음 → 읽기 위주,고정 50번 (견고),1,1.388,1.413,,1.390
SQLite 수정 많음 → 읽기 위주,고정 53번,1,1.396,1.288,,1.386
거래 DB 흉내 → 메일 서버,iCAT v4,3,1.268,1.959,,1.859
거래 DB 흉내 → 메일 서버,고정 16번,1,1.306,2.344,,2.190
거래 DB 흉내 → 메일 서버,고정 17번,1,1.260,2.051,,1.935
거래 DB 흉내 → 메일 서버,고정 31번,1,1.310,2.328,,2.177
거래 DB 흉내 → 메일 서버,고정 37번 (기본),1,1.341,2.386,,2.226
거래 DB 흉내 → 메일 서버,고정 46번,1,1.312,2.312,,2.167
거래 DB 흉내 → 메일 서버,고정 47번 (최적),1,1.274,2.014,,1.910
거래 DB 흉내 → 메일 서버,고정 50번 (견고),1,1.257,2.084,,1.963
느린 → 빠른 3영역,iCAT v1,1,1.955,1.977,,1.972
느린 → 빠른 3영역,iCAT v2,1,2.128,1.947,,1.983
느린 → 빠른 3영역,iCAT v4,1,1.832,1.902,,1.888
느린 → 빠른 3영역,고정 47번 (최적),1,1.769,1.773,,1.772
느린 → 빠른 3영역,고정 50번 (견고),1,1.771,1.812,,1.804
느린 → 빠른 → SQLite,iCAT v4,1,1.833,1.900,1.477,1.807
느린 → 빠른 → SQLite,고정 46번,1,1.768,1.784,1.491,1.725
느린 → 빠른 → SQLite,고정 47번 (최적),1,1.766,1.769,1.519,1.721
느린 → 빠른 → SQLite,고정 50번 (견고),1,1.772,1.812,1.426,1.731
뜨거운 구역 512 → 128 MB,iCAT v4,1,1.897,1.820,,1.859
뜨거운 구역 512 → 128 MB,고정 31번,1,1.798,1.775,,1.787
뜨거운 구역 512 → 128 MB,고정 46번,1,1.784,1.783,,1.783
뜨거운 구역 512 → 128 MB,고정 47번 (최적),1,1.774,1.777,,1.776
뜨거운 구역 512 → 128 MB,고정 50번 (견고),1,1.814,1.786,,1.800
빠른 3영역,iCAT v1,1,2.002,,,2.002
빠른 3영역,iCAT v2,1,2.004,,,2.004
빠른 3영역,iCAT v3,3,1.939,,,1.939
빠른 3영역,고정 47번 (최적),1,1.760,,,1.760
빠른 3영역 + SQLite 동시,iCAT v4,1,3.438,,,3.438
빠른 3영역 + SQLite 동시,고정 50번 (견고),1,3.082,,,3.082
빠른 3영역 → SQLite,iCAT v1,1,2.026,1.565,,1.920
빠른 3영역 → SQLite,iCAT v2,1,2.009,1.457,,1.881
빠른 3영역 → SQLite,iCAT v4,1,1.903,1.501,,1.810
빠른 3영역 → SQLite,고정 47번 (최적),1,1.771,1.443,,1.696
빠른 3영역 → SQLite,고정 50번 (견고),1,1.814,1.420,,1.723
빠른 3영역 → SQLite → 빠른 3영역 (쓰기량 균등),Greedy,1,2.271,3.069,4.153,3.164
빠른 3영역 → SQLite → 빠른 3영역 (쓰기량 균등),iCAT v1,1,2.026,1.382,3.463,2.288
빠른 3영역 → SQLite → 빠른 3영역 (쓰기량 균등),iCAT v3,1,1.935,1.425,3.168,2.177
빠른 3영역 → SQLite → 빠른 3영역 (쓰기량 균등),iCAT v4,2,1.901,1.467,2.872,2.079
빠른 3영역 → SQLite → 빠른 3영역 (쓰기량 균등),고정 17번,1,1.872,1.371,3.293,2.176
빠른 3영역 → SQLite → 빠른 3영역 (쓰기량 균등),고정 32번,1,1.796,1.515,2.857,2.055
빠른 3영역 → SQLite → 빠른 3영역 (쓰기량 균등),고정 37번 (기본),1,1.977,1.499,3.760,2.410
빠른 3영역 → SQLite → 빠른 3영역 (쓰기량 균등),고정 47번 (최적),1,1.773,1.512,2.788,2.024
빠른 3영역 → SQLite → 빠른 3영역 (쓰기량 균등),고정 50번 (견고),2,1.814,1.405,3.008,2.074
빠른 3영역 → 메일 서버,iCAT v4,2,1.903,2.611,,2.352
빠른 3영역 → 메일 서버,고정 17번,1,1.872,2.895,,2.503
빠른 3영역 → 메일 서버,고정 31번,1,1.798,2.907,,2.468
빠른 3영역 → 메일 서버,고정 32번,1,1.795,2.681,,2.370
빠른 3영역 → 메일 서버,고정 37번 (기본),1,1.976,3.618,,2.879
빠른 3영역 → 메일 서버,고정 46번,1,1.786,2.770,,2.367
빠른 3영역 → 메일 서버,고정 47번 (최적),1,1.771,2.191,,2.042
빠른 3영역 → 메일 서버,고정 50번 (견고),1,1.814,2.860,,2.454
빠른 → 5분 쉼 → 빠른,iCAT v4,1,1.957,,1.854,1.906
빠른 → 5분 쉼 → 빠른,고정 50번 (견고),1,1.814,,1.819,1.817
빠른 → 느린 3영역,iCAT v4,1,1.897,1.786,,1.874
빠른 → 느린 3영역,고정 32번,1,1.794,1.768,,1.789
빠른 → 느린 3영역,고정 46번,1,1.785,1.769,,1.782
빠른 → 느린 3영역,고정 47번 (최적),1,1.771,1.758,,1.769
빠른 → 느린 3영역,고정 50번 (견고),1,1.811,1.769,,1.802
빠른 ↔ 느린 60초 × 5,iCAT v4,1,1.768,,,1.768
빠른 ↔ 느린 60초 × 5,고정 50번 (견고),1,1.690,,,1.690
