kernel_seconds,workload_slot,event,active,age_ratio,arms,best,best_waf_q16,best_waf_valid,covered,current,discarded,epoch,epoch_windows,evaluated,exploration_q16,gamma_q16,gc_count,gc_pages,host,initial,k,next,ns,part,phase,prior,scale_pct,settled,visited,waf_q16,window,windows,raw_line
355623.554983,preparation,init,,,60,,,,,,,,,,16384,65503,,,,37,,,0,0,,none,,,,,,,[355623.554983] NVMeVirt: WATGC_V2 init ns=0 part=0 arms=60 initial=37 prior=none gamma_q16=65503 exploration_q16=16384
355623.587166,preparation,init,,,60,,,,,,,,,,16384,65503,,,,37,,,0,1,,none,,,,,,,[355623.587166] NVMeVirt: WATGC_V2 init ns=0 part=1 arms=60 initial=37 prior=none gamma_q16=65503 exploration_q16=16384
355623.620268,preparation,init,,,60,,,,,,,,,,16384,65503,,,,37,,,0,2,,none,,,,,,,[355623.620268] NVMeVirt: WATGC_V2 init ns=0 part=2 arms=60 initial=37 prior=none gamma_q16=65503 exploration_q16=16384
355623.651986,preparation,init,,,60,,,,,,,,,,16384,65503,,,,37,,,0,3,,none,,,,,,,[355623.651986] NVMeVirt: WATGC_V2 init ns=0 part=3 arms=60 initial=37 prior=none gamma_q16=65503 exploration_q16=16384
355705.874069,preparation,init,,,60,,,,,,,,,,16384,65503,,,,37,,,0,0,,none,,,,,,,[355705.874069] NVMeVirt: WATGC_V2 init ns=0 part=0 arms=60 initial=37 prior=none gamma_q16=65503 exploration_q16=16384
355705.874077,preparation,init,,,60,,,,,,,,,,16384,65503,,,,37,,,0,1,,none,,,,,,,[355705.874077] NVMeVirt: WATGC_V2 init ns=0 part=1 arms=60 initial=37 prior=none gamma_q16=65503 exploration_q16=16384
355705.874081,preparation,init,,,60,,,,,,,,,,16384,65503,,,,37,,,0,2,,none,,,,,,,[355705.874081] NVMeVirt: WATGC_V2 init ns=0 part=2 arms=60 initial=37 prior=none gamma_q16=65503 exploration_q16=16384
355705.874084,preparation,init,,,60,,,,,,,,,,16384,65503,,,,37,,,0,3,,none,,,,,,,[355705.874084] NVMeVirt: WATGC_V2 init ns=0 part=3 arms=60 initial=37 prior=none gamma_q16=65503 exploration_q16=16384
355706.488856,A,warmup-done,,,,,,,,,,,,,,,2815,,,,,,0,2,,,,,,,,,[355706.488856] NVMeVirt: WATGC_V2 warmup-done ns=0 part=2 gc_count=2815
355706.490732,A,warmup-done,,,,,,,,,,,,,,,2830,,,,,,0,1,,,,,,,,,[355706.490732] NVMeVirt: WATGC_V2 warmup-done ns=0 part=1 gc_count=2830
355706.498651,A,warmup-done,,,,,,,,,,,,,,,2823,,,,,,0,3,,,,,,,,,[355706.498651] NVMeVirt: WATGC_V2 warmup-done ns=0 part=3 gc_count=2823
355706.498801,A,warmup-done,,,,,,,,,,,,,,,2838,,,,,,0,0,,,,,,,,,[355706.498801] NVMeVirt: WATGC_V2 warmup-done ns=0 part=0 gc_count=2838
355722.861478,A,sample,45,7,,37,,,,,,1,,37,,,3887,117698,131072,,7,15,0,2,measure,,100,0,,124385,1,,[355722.861478] NVMeVirt: WATGC_V2 sample ns=0 part=2 epoch=1 window=1 phase=measure evaluated=37 k=7 scale_pct=100 age_ratio=7 host=131072 gc_pages=117698 gc_count=3887 waf_q16=124385 best=37 next=15 settled=0 active=45
355722.874019,A,sample,45,7,,37,,,,,,1,,37,,,3883,117414,131092,,7,15,0,3,measure,,100,0,,124234,1,,[355722.874019] NVMeVirt: WATGC_V2 sample ns=0 part=3 epoch=1 window=1 phase=measure evaluated=37 k=7 scale_pct=100 age_ratio=7 host=131092 gc_pages=117414 gc_count=3883 waf_q16=124234 best=37 next=15 settled=0 active=45
355722.891846,A,sample,45,7,,37,,,,,,1,,37,,,3890,117850,131107,,7,15,0,1,measure,,100,0,,124445,1,,[355722.891846] NVMeVirt: WATGC_V2 sample ns=0 part=1 epoch=1 window=1 phase=measure evaluated=37 k=7 scale_pct=100 age_ratio=7 host=131107 gc_pages=117850 gc_count=3890 waf_q16=124445 best=37 next=15 settled=0 active=45
355722.892224,A,sample,45,7,,37,,,,,,1,,37,,,3892,118010,131075,,7,15,0,0,measure,,100,0,,124539,1,,[355722.892224] NVMeVirt: WATGC_V2 sample ns=0 part=0 epoch=1 window=1 phase=measure evaluated=37 k=7 scale_pct=100 age_ratio=7 host=131075 gc_pages=118010 gc_count=3892 waf_q16=124539 best=37 next=15 settled=0 active=45
355739.253767,A,sample,45,4,,37,,,,,,1,,15,,,4062,128886,131078,,4,16,0,2,measure,,25,0,,129976,2,,[355739.253767] NVMeVirt: WATGC_V2 sample ns=0 part=2 epoch=1 window=2 phase=measure evaluated=15 k=4 scale_pct=25 age_ratio=4 host=131078 gc_pages=128886 gc_count=4062 waf_q16=129976 best=37 next=16 settled=0 active=45
355739.266213,A,sample,45,4,,37,,,,,,1,,15,,,4071,129441,131099,,4,16,0,0,measure,,25,0,,130243,2,,[355739.266213] NVMeVirt: WATGC_V2 sample ns=0 part=0 epoch=1 window=2 phase=measure evaluated=15 k=4 scale_pct=25 age_ratio=4 host=131099 gc_pages=129441 gc_count=4071 waf_q16=130243 best=37 next=16 settled=0 active=45
355739.272680,A,sample,45,4,,37,,,,,,1,,15,,,4056,128468,131102,,4,16,0,3,measure,,25,0,,129755,2,,[355739.272680] NVMeVirt: WATGC_V2 sample ns=0 part=3 epoch=1 window=2 phase=measure evaluated=15 k=4 scale_pct=25 age_ratio=4 host=131102 gc_pages=128468 gc_count=4056 waf_q16=129755 best=37 next=16 settled=0 active=45
355739.278810,A,sample,45,4,,37,,,,,,1,,15,,,4058,128602,131106,,4,16,0,1,measure,,25,0,,129820,2,,[355739.278810] NVMeVirt: WATGC_V2 sample ns=0 part=1 epoch=1 window=2 phase=measure evaluated=15 k=4 scale_pct=25 age_ratio=4 host=131106 gc_pages=128602 gc_count=4058 waf_q16=129820 best=37 next=16 settled=0 active=45
355755.646634,A,sample,45,7,,16,,,,,,1,,16,,,3846,115047,131087,,4,17,0,2,measure,,25,0,,123052,3,,[355755.646634] NVMeVirt: WATGC_V2 sample ns=0 part=2 epoch=1 window=3 phase=measure evaluated=16 k=4 scale_pct=25 age_ratio=7 host=131087 gc_pages=115047 gc_count=3846 waf_q16=123052 best=16 next=17 settled=0 active=45
355755.651735,A,sample,45,7,,16,,,,,,1,,16,,,3849,115226,131097,,4,17,0,1,measure,,25,0,,123138,3,,[355755.651735] NVMeVirt: WATGC_V2 sample ns=0 part=1 epoch=1 window=3 phase=measure evaluated=16 k=4 scale_pct=25 age_ratio=7 host=131097 gc_pages=115226 gc_count=3849 waf_q16=123138 best=16 next=17 settled=0 active=45
355755.655577,A,sample,45,7,,16,,,,,,1,,16,,,3848,115158,131107,,4,17,0,3,measure,,25,0,,123099,3,,[355755.655577] NVMeVirt: WATGC_V2 sample ns=0 part=3 epoch=1 window=3 phase=measure evaluated=16 k=4 scale_pct=25 age_ratio=7 host=131107 gc_pages=115158 gc_count=3848 waf_q16=123099 best=16 next=17 settled=0 active=45
355755.664816,A,sample,45,7,,16,,,,,,1,,16,,,3864,116201,131081,,4,17,0,0,measure,,25,0,,123632,3,,[355755.664816] NVMeVirt: WATGC_V2 sample ns=0 part=0 epoch=1 window=3 phase=measure evaluated=16 k=4 scale_pct=25 age_ratio=7 host=131081 gc_pages=116201 gc_count=3864 waf_q16=123632 best=16 next=17 settled=0 active=45
355772.034985,A,sample,45,16,,17,,,,,,1,,17,,,3710,106369,131072,,4,18,0,2,measure,,25,0,,118720,4,,[355772.034985] NVMeVirt: WATGC_V2 sample ns=0 part=2 epoch=1 window=4 phase=measure evaluated=17 k=4 scale_pct=25 age_ratio=16 host=131072 gc_pages=106369 gc_count=3710 waf_q16=118720 best=17 next=18 settled=0 active=45
355772.039686,A,sample,45,16,,17,,,,,,1,,17,,,3735,107954,131080,,4,18,0,1,measure,,25,0,,119509,4,,[355772.039686] NVMeVirt: WATGC_V2 sample ns=0 part=1 epoch=1 window=4 phase=measure evaluated=17 k=4 scale_pct=25 age_ratio=16 host=131080 gc_pages=107954 gc_count=3735 waf_q16=119509 best=17 next=18 settled=0 active=45
355772.044102,A,sample,45,16,,17,,,,,,1,,17,,,3702,105830,131085,,4,18,0,0,measure,,25,0,,118445,4,,[355772.044102] NVMeVirt: WATGC_V2 sample ns=0 part=0 epoch=1 window=4 phase=measure evaluated=17 k=4 scale_pct=25 age_ratio=16 host=131085 gc_pages=105830 gc_count=3702 waf_q16=118445 best=17 next=18 settled=0 active=45
355772.045954,A,sample,45,16,,17,,,,,,1,,17,,,3703,105909,131084,,4,18,0,3,measure,,25,0,,118485,4,,[355772.045954] NVMeVirt: WATGC_V2 sample ns=0 part=3 epoch=1 window=4 phase=measure evaluated=17 k=4 scale_pct=25 age_ratio=16 host=131084 gc_pages=105909 gc_count=3703 waf_q16=118485 best=17 next=18 settled=0 active=45
355788.395348,A,sample,45,4,,18,,,,,,1,,18,,,3623,100797,131077,,4,19,0,0,measure,,50,0,,115932,5,,[355788.395348] NVMeVirt: WATGC_V2 sample ns=0 part=0 epoch=1 window=5 phase=measure evaluated=18 k=4 scale_pct=50 age_ratio=4 host=131077 gc_pages=100797 gc_count=3623 waf_q16=115932 best=18 next=19 settled=0 active=45
355788.398868,A,sample,45,4,,18,,,,,,1,,18,,,3618,100455,131099,,4,19,0,2,measure,,50,0,,115753,5,,[355788.398868] NVMeVirt: WATGC_V2 sample ns=0 part=2 epoch=1 window=5 phase=measure evaluated=18 k=4 scale_pct=50 age_ratio=4 host=131099 gc_pages=100455 gc_count=3618 waf_q16=115753 best=18 next=19 settled=0 active=45
355788.455244,A,sample,45,4,,18,,,,,,1,,18,,,3594,98929,131089,,4,19,0,3,measure,,50,0,,114994,5,,[355788.455244] NVMeVirt: WATGC_V2 sample ns=0 part=3 epoch=1 window=5 phase=measure evaluated=18 k=4 scale_pct=50 age_ratio=4 host=131089 gc_pages=98929 gc_count=3594 waf_q16=114994 best=18 next=19 settled=0 active=45
355788.461679,A,sample,45,4,,18,,,,,,1,,18,,,3613,100150,131084,,4,19,0,1,measure,,50,0,,115606,5,,[355788.461679] NVMeVirt: WATGC_V2 sample ns=0 part=1 epoch=1 window=5 phase=measure evaluated=18 k=4 scale_pct=50 age_ratio=4 host=131084 gc_pages=100150 gc_count=3613 waf_q16=115606 best=18 next=19 settled=0 active=45
355804.773753,A,sample,45,7,,18,,,,,,1,,19,,,3935,120756,131077,,4,20,0,2,measure,,50,0,,125911,6,,[355804.773753] NVMeVirt: WATGC_V2 sample ns=0 part=2 epoch=1 window=6 phase=measure evaluated=19 k=4 scale_pct=50 age_ratio=7 host=131077 gc_pages=120756 gc_count=3935 waf_q16=125911 best=18 next=20 settled=0 active=45
355804.804065,A,sample,45,7,,18,,,,,,1,,19,,,3892,118006,131075,,4,20,0,0,measure,,50,0,,124537,6,,[355804.804065] NVMeVirt: WATGC_V2 sample ns=0 part=0 epoch=1 window=6 phase=measure evaluated=19 k=4 scale_pct=50 age_ratio=7 host=131075 gc_pages=118006 gc_count=3892 waf_q16=124537 best=18 next=20 settled=0 active=45
355804.840547,A,sample,45,7,,18,,,,,,1,,19,,,3901,118567,131099,,4,20,0,1,measure,,50,0,,124807,6,,[355804.840547] NVMeVirt: WATGC_V2 sample ns=0 part=1 epoch=1 window=6 phase=measure evaluated=19 k=4 scale_pct=50 age_ratio=7 host=131099 gc_pages=118567 gc_count=3901 waf_q16=124807 best=18 next=20 settled=0 active=45
355804.842663,A,sample,45,7,,18,,,,,,1,,19,,,3904,118744,131106,,4,20,0,3,measure,,50,0,,124892,6,,[355804.842663] NVMeVirt: WATGC_V2 sample ns=0 part=3 epoch=1 window=6 phase=measure evaluated=19 k=4 scale_pct=50 age_ratio=7 host=131106 gc_pages=118744 gc_count=3904 waf_q16=124892 best=18 next=20 settled=0 active=45
355821.140523,A,sample,45,16,,18,,,,,,1,,20,,,4315,145080,131076,,4,21,0,2,measure,,50,0,,138073,7,,[355821.140523] NVMeVirt: WATGC_V2 sample ns=0 part=2 epoch=1 window=7 phase=measure evaluated=20 k=4 scale_pct=50 age_ratio=16 host=131076 gc_pages=145080 gc_count=4315 waf_q16=138073 best=18 next=21 settled=0 active=45
355821.199413,A,sample,45,16,,18,,,,,,1,,20,,,4302,144221,131104,,4,21,0,0,measure,,50,0,,137628,7,,[355821.199413] NVMeVirt: WATGC_V2 sample ns=0 part=0 epoch=1 window=7 phase=measure evaluated=20 k=4 scale_pct=50 age_ratio=16 host=131104 gc_pages=144221 gc_count=4302 waf_q16=137628 best=18 next=21 settled=0 active=45
355821.224695,A,sample,45,16,,18,,,,,,1,,20,,,4304,144390,131075,,4,21,0,3,measure,,50,0,,137729,7,,[355821.224695] NVMeVirt: WATGC_V2 sample ns=0 part=3 epoch=1 window=7 phase=measure evaluated=20 k=4 scale_pct=50 age_ratio=16 host=131075 gc_pages=144390 gc_count=4304 waf_q16=137729 best=18 next=21 settled=0 active=45
355821.240376,A,sample,45,16,,18,,,,,,1,,20,,,4296,143852,131088,,4,21,0,1,measure,,50,0,,137453,7,,[355821.240376] NVMeVirt: WATGC_V2 sample ns=0 part=1 epoch=1 window=7 phase=measure evaluated=20 k=4 scale_pct=50 age_ratio=16 host=131088 gc_pages=143852 gc_count=4296 waf_q16=137453 best=18 next=21 settled=0 active=45
355837.545654,A,sample,45,4,,18,,,,,,1,,21,,,3972,123106,131097,,4,22,0,2,measure,,100,0,,127077,8,,[355837.545654] NVMeVirt: WATGC_V2 sample ns=0 part=2 epoch=1 window=8 phase=measure evaluated=21 k=4 scale_pct=100 age_ratio=4 host=131097 gc_pages=123106 gc_count=3972 waf_q16=127077 best=18 next=22 settled=0 active=45
355837.593060,A,sample,45,4,,18,,,,,,1,,21,,,3941,121112,131107,,4,22,0,0,measure,,100,0,,126075,8,,[355837.593060] NVMeVirt: WATGC_V2 sample ns=0 part=0 epoch=1 window=8 phase=measure evaluated=21 k=4 scale_pct=100 age_ratio=4 host=131107 gc_pages=121112 gc_count=3941 waf_q16=126075 best=18 next=22 settled=0 active=45
355837.597034,A,sample,45,4,,18,,,,,,1,,21,,,3966,122734,131084,,4,22,0,3,measure,,100,0,,126897,8,,[355837.597034] NVMeVirt: WATGC_V2 sample ns=0 part=3 epoch=1 window=8 phase=measure evaluated=21 k=4 scale_pct=100 age_ratio=4 host=131084 gc_pages=122734 gc_count=3966 waf_q16=126897 best=18 next=22 settled=0 active=45
355837.613099,A,sample,45,4,,18,,,,,,1,,21,,,3960,122336,131099,,4,22,0,1,measure,,100,0,,126691,8,,[355837.613099] NVMeVirt: WATGC_V2 sample ns=0 part=1 epoch=1 window=8 phase=measure evaluated=21 k=4 scale_pct=100 age_ratio=4 host=131099 gc_pages=122336 gc_count=3960 waf_q16=126691 best=18 next=22 settled=0 active=45
355853.937313,A,sample,45,7,,18,,,,,,1,,22,,,4188,136951,131078,,4,23,0,2,measure,,100,0,,134008,9,,[355853.937313] NVMeVirt: WATGC_V2 sample ns=0 part=2 epoch=1 window=9 phase=measure evaluated=22 k=4 scale_pct=100 age_ratio=7 host=131078 gc_pages=136951 gc_count=4188 waf_q16=134008 best=18 next=23 settled=0 active=45
355853.965041,A,sample,45,7,,18,,,,,,1,,22,,,4194,137340,131074,,4,23,0,3,measure,,100,0,,134204,9,,[355853.965041] NVMeVirt: WATGC_V2 sample ns=0 part=3 epoch=1 window=9 phase=measure evaluated=22 k=4 scale_pct=100 age_ratio=7 host=131074 gc_pages=137340 gc_count=4194 waf_q16=134204 best=18 next=23 settled=0 active=45
355853.979079,A,sample,45,7,,18,,,,,,1,,22,,,4198,137589,131081,,4,23,0,0,measure,,100,0,,134325,9,,[355853.979079] NVMeVirt: WATGC_V2 sample ns=0 part=0 epoch=1 window=9 phase=measure evaluated=22 k=4 scale_pct=100 age_ratio=7 host=131081 gc_pages=137589 gc_count=4198 waf_q16=134325 best=18 next=23 settled=0 active=45
355854.009161,A,sample,45,7,,18,,,,,,1,,22,,,4194,137342,131073,,4,23,0,1,measure,,100,0,,134206,9,,[355854.009161] NVMeVirt: WATGC_V2 sample ns=0 part=1 epoch=1 window=9 phase=measure evaluated=22 k=4 scale_pct=100 age_ratio=7 host=131073 gc_pages=137342 gc_count=4194 waf_q16=134206 best=18 next=23 settled=0 active=45
355870.323296,A,sample,45,16,,18,,,,,,1,,23,,,4089,130580,131105,,4,24,0,2,measure,,100,0,,130809,10,,[355870.323296] NVMeVirt: WATGC_V2 sample ns=0 part=2 epoch=1 window=10 phase=measure evaluated=23 k=4 scale_pct=100 age_ratio=16 host=131105 gc_pages=130580 gc_count=4089 waf_q16=130809 best=18 next=24 settled=0 active=45
355870.355623,A,sample,45,16,,18,,,,,,1,,23,,,4078,129902,131085,,4,24,0,0,measure,,100,0,,130480,10,,[355870.355623] NVMeVirt: WATGC_V2 sample ns=0 part=0 epoch=1 window=10 phase=measure evaluated=23 k=4 scale_pct=100 age_ratio=16 host=131085 gc_pages=129902 gc_count=4078 waf_q16=130480 best=18 next=24 settled=0 active=45
355870.372130,A,sample,45,16,,18,,,,,,1,,23,,,4088,130526,131101,,4,24,0,3,measure,,100,0,,130784,10,,[355870.372130] NVMeVirt: WATGC_V2 sample ns=0 part=3 epoch=1 window=10 phase=measure evaluated=23 k=4 scale_pct=100 age_ratio=16 host=131101 gc_pages=130526 gc_count=4088 waf_q16=130784 best=18 next=24 settled=0 active=45
355870.384914,A,sample,45,16,,18,,,,,,1,,23,,,4103,131493,131093,,4,24,0,1,measure,,100,0,,131271,10,,[355870.384914] NVMeVirt: WATGC_V2 sample ns=0 part=1 epoch=1 window=10 phase=measure evaluated=23 k=4 scale_pct=100 age_ratio=16 host=131093 gc_pages=131493 gc_count=4103 waf_q16=131271 best=18 next=24 settled=0 active=45
355886.703819,A,sample,45,4,,18,,,,,,1,,24,,,4222,139108,131099,,4,25,0,2,measure,,200,0,,135075,11,,[355886.703819] NVMeVirt: WATGC_V2 sample ns=0 part=2 epoch=1 window=11 phase=measure evaluated=24 k=4 scale_pct=200 age_ratio=4 host=131099 gc_pages=139108 gc_count=4222 waf_q16=135075 best=18 next=25 settled=0 active=45
355886.730070,A,sample,45,4,,18,,,,,,1,,24,,,4217,138814,131073,,4,25,0,3,measure,,200,0,,134942,11,,[355886.730070] NVMeVirt: WATGC_V2 sample ns=0 part=3 epoch=1 window=11 phase=measure evaluated=24 k=4 scale_pct=200 age_ratio=4 host=131073 gc_pages=138814 gc_count=4217 waf_q16=134942 best=18 next=25 settled=0 active=45
355886.764476,A,sample,45,4,,18,,,,,,1,,24,,,4213,138555,131076,,4,25,0,1,measure,,200,0,,134811,11,,[355886.764476] NVMeVirt: WATGC_V2 sample ns=0 part=1 epoch=1 window=11 phase=measure evaluated=24 k=4 scale_pct=200 age_ratio=4 host=131076 gc_pages=138555 gc_count=4213 waf_q16=134811 best=18 next=25 settled=0 active=45
355886.784837,A,sample,45,4,,18,,,,,,1,,24,,,4186,136812,131092,,4,25,0,0,measure,,200,0,,133931,11,,[355886.784837] NVMeVirt: WATGC_V2 sample ns=0 part=0 epoch=1 window=11 phase=measure evaluated=24 k=4 scale_pct=200 age_ratio=4 host=131092 gc_pages=136812 gc_count=4186 waf_q16=133931 best=18 next=25 settled=0 active=45
355903.098268,A,sample,45,7,,18,,,,,,1,,25,,,4239,140195,131098,,4,26,0,2,measure,,200,0,,135619,12,,[355903.098268] NVMeVirt: WATGC_V2 sample ns=0 part=2 epoch=1 window=12 phase=measure evaluated=25 k=4 scale_pct=200 age_ratio=7 host=131098 gc_pages=140195 gc_count=4239 waf_q16=135619 best=18 next=26 settled=0 active=45
355903.128111,A,sample,45,7,,18,,,,,,1,,25,,,4231,139705,131076,,4,26,0,3,measure,,200,0,,135386,12,,[355903.128111] NVMeVirt: WATGC_V2 sample ns=0 part=3 epoch=1 window=12 phase=measure evaluated=25 k=4 scale_pct=200 age_ratio=7 host=131076 gc_pages=139705 gc_count=4231 waf_q16=135386 best=18 next=26 settled=0 active=45
355903.145951,A,sample,45,7,,18,,,,,,1,,25,,,4236,140018,131083,,4,26,0,0,measure,,200,0,,135539,12,,[355903.145951] NVMeVirt: WATGC_V2 sample ns=0 part=0 epoch=1 window=12 phase=measure evaluated=25 k=4 scale_pct=200 age_ratio=7 host=131083 gc_pages=140018 gc_count=4236 waf_q16=135539 best=18 next=26 settled=0 active=45
355903.151233,A,sample,45,7,,18,,,,,,1,,25,,,4223,139171,131098,,4,26,0,1,measure,,200,0,,135107,12,,[355903.151233] NVMeVirt: WATGC_V2 sample ns=0 part=1 epoch=1 window=12 phase=measure evaluated=25 k=4 scale_pct=200 age_ratio=7 host=131098 gc_pages=139171 gc_count=4223 waf_q16=135107 best=18 next=26 settled=0 active=45
355919.495581,A,sample,45,16,,18,,,,,,1,,26,,,4412,151276,131089,,4,27,0,2,measure,,200,0,,141164,13,,[355919.495581] NVMeVirt: WATGC_V2 sample ns=0 part=2 epoch=1 window=13 phase=measure evaluated=26 k=4 scale_pct=200 age_ratio=16 host=131089 gc_pages=151276 gc_count=4412 waf_q16=141164 best=18 next=27 settled=0 active=45
355919.514025,A,sample,45,16,,18,,,,,,1,,26,,,4379,149165,131088,,4,27,0,1,measure,,200,0,,140109,13,,[355919.514025] NVMeVirt: WATGC_V2 sample ns=0 part=1 epoch=1 window=13 phase=measure evaluated=26 k=4 scale_pct=200 age_ratio=16 host=131088 gc_pages=149165 gc_count=4379 waf_q16=140109 best=18 next=27 settled=0 active=45
355919.520275,A,sample,45,16,,18,,,,,,1,,26,,,4380,149218,131099,,4,27,0,3,measure,,200,0,,140129,13,,[355919.520275] NVMeVirt: WATGC_V2 sample ns=0 part=3 epoch=1 window=13 phase=measure evaluated=26 k=4 scale_pct=200 age_ratio=16 host=131099 gc_pages=149218 gc_count=4380 waf_q16=140129 best=18 next=27 settled=0 active=45
355919.541028,A,sample,45,16,,18,,,,,,1,,26,,,4366,148343,131079,,4,27,0,0,measure,,200,0,,139703,13,,[355919.541028] NVMeVirt: WATGC_V2 sample ns=0 part=0 epoch=1 window=13 phase=measure evaluated=26 k=4 scale_pct=200 age_ratio=16 host=131079 gc_pages=148343 gc_count=4366 waf_q16=139703 best=18 next=27 settled=0 active=45
355935.879548,A,sample,45,4,,18,,,,,,1,,27,,,4285,143144,131093,,4,28,0,2,measure,,400,0,,137096,14,,[355935.879548] NVMeVirt: WATGC_V2 sample ns=0 part=2 epoch=1 window=14 phase=measure evaluated=27 k=4 scale_pct=400 age_ratio=4 host=131093 gc_pages=143144 gc_count=4285 waf_q16=137096 best=18 next=28 settled=0 active=45
355935.893161,A,sample,45,4,,18,,,,,,1,,27,,,4259,141476,131097,,4,28,0,3,measure,,400,0,,136260,14,,[355935.893161] NVMeVirt: WATGC_V2 sample ns=0 part=3 epoch=1 window=14 phase=measure evaluated=27 k=4 scale_pct=400 age_ratio=4 host=131097 gc_pages=141476 gc_count=4259 waf_q16=136260 best=18 next=28 settled=0 active=45
355935.911838,A,sample,45,4,,18,,,,,,1,,27,,,4256,141277,131103,,4,28,0,0,measure,,400,0,,136157,14,,[355935.911838] NVMeVirt: WATGC_V2 sample ns=0 part=0 epoch=1 window=14 phase=measure evaluated=27 k=4 scale_pct=400 age_ratio=4 host=131103 gc_pages=141277 gc_count=4256 waf_q16=136157 best=18 next=28 settled=0 active=45
355935.930078,A,sample,45,4,,18,,,,,,1,,27,,,4236,140024,131077,,4,28,0,1,measure,,400,0,,135545,14,,[355935.930078] NVMeVirt: WATGC_V2 sample ns=0 part=1 epoch=1 window=14 phase=measure evaluated=27 k=4 scale_pct=400 age_ratio=4 host=131077 gc_pages=140024 gc_count=4236 waf_q16=135545 best=18 next=28 settled=0 active=45
355952.263755,A,sample,45,7,,18,,,,,,1,,28,,,4406,150903,131080,,4,29,0,0,measure,,400,0,,140982,15,,[355952.263755] NVMeVirt: WATGC_V2 sample ns=0 part=0 epoch=1 window=15 phase=measure evaluated=28 k=4 scale_pct=400 age_ratio=7 host=131080 gc_pages=150903 gc_count=4406 waf_q16=140982 best=18 next=29 settled=0 active=45
355952.281779,A,sample,45,7,,18,,,,,,1,,28,,,4394,150124,131091,,4,29,0,2,measure,,400,0,,140587,15,,[355952.281779] NVMeVirt: WATGC_V2 sample ns=0 part=2 epoch=1 window=15 phase=measure evaluated=28 k=4 scale_pct=400 age_ratio=7 host=131091 gc_pages=150124 gc_count=4394 waf_q16=140587 best=18 next=29 settled=0 active=45
355952.288051,A,sample,45,7,,18,,,,,,1,,28,,,4393,150068,131083,,4,29,0,3,measure,,400,0,,140563,15,,[355952.288051] NVMeVirt: WATGC_V2 sample ns=0 part=3 epoch=1 window=15 phase=measure evaluated=28 k=4 scale_pct=400 age_ratio=7 host=131083 gc_pages=150068 gc_count=4393 waf_q16=140563 best=18 next=29 settled=0 active=45
355952.324880,A,sample,45,7,,18,,,,,,1,,28,,,4379,149183,131072,,4,29,0,1,measure,,400,0,,140127,15,,[355952.324880] NVMeVirt: WATGC_V2 sample ns=0 part=1 epoch=1 window=15 phase=measure evaluated=28 k=4 scale_pct=400 age_ratio=7 host=131072 gc_pages=149183 gc_count=4379 waf_q16=140127 best=18 next=29 settled=0 active=45
355968.665222,A,sample,45,16,,18,,,,,,1,,29,,,4350,147319,131079,,4,30,0,0,measure,,400,0,,139191,16,,[355968.665222] NVMeVirt: WATGC_V2 sample ns=0 part=0 epoch=1 window=16 phase=measure evaluated=29 k=4 scale_pct=400 age_ratio=16 host=131079 gc_pages=147319 gc_count=4350 waf_q16=139191 best=18 next=30 settled=0 active=45
355968.670554,A,sample,45,16,,18,,,,,,1,,29,,,4352,147449,131077,,4,30,0,2,measure,,400,0,,139257,16,,[355968.670554] NVMeVirt: WATGC_V2 sample ns=0 part=2 epoch=1 window=16 phase=measure evaluated=29 k=4 scale_pct=400 age_ratio=16 host=131077 gc_pages=147449 gc_count=4352 waf_q16=139257 best=18 next=30 settled=0 active=45
355968.679595,A,sample,45,16,,18,,,,,,1,,29,,,4369,148550,131088,,4,30,0,3,measure,,400,0,,139801,16,,[355968.679595] NVMeVirt: WATGC_V2 sample ns=0 part=3 epoch=1 window=16 phase=measure evaluated=29 k=4 scale_pct=400 age_ratio=16 host=131088 gc_pages=148550 gc_count=4369 waf_q16=139801 best=18 next=30 settled=0 active=45
355968.684241,A,sample,45,16,,18,,,,,,1,,29,,,4323,145593,131076,,4,30,0,1,measure,,400,0,,138330,16,,[355968.684241] NVMeVirt: WATGC_V2 sample ns=0 part=1 epoch=1 window=16 phase=measure evaluated=29 k=4 scale_pct=400 age_ratio=16 host=131076 gc_pages=145593 gc_count=4323 waf_q16=138330 best=18 next=30 settled=0 active=45
355985.031921,A,sample,45,4,,18,,,,,,1,,30,,,3902,118652,131073,,7,31,0,0,measure,,25,0,,124861,17,,[355985.031921] NVMeVirt: WATGC_V2 sample ns=0 part=0 epoch=1 window=17 phase=measure evaluated=30 k=7 scale_pct=25 age_ratio=4 host=131073 gc_pages=118652 gc_count=3902 waf_q16=124861 best=18 next=31 settled=0 active=45
355985.049979,A,sample,45,4,,18,,,,,,1,,30,,,3901,118580,131080,,7,31,0,3,measure,,25,0,,124822,17,,[355985.049979] NVMeVirt: WATGC_V2 sample ns=0 part=3 epoch=1 window=17 phase=measure evaluated=30 k=7 scale_pct=25 age_ratio=4 host=131080 gc_pages=118580 gc_count=3901 waf_q16=124822 best=18 next=31 settled=0 active=45
355985.051565,A,sample,45,4,,18,,,,,,1,,30,,,3889,117804,131088,,7,31,0,2,measure,,25,0,,124430,17,,[355985.051565] NVMeVirt: WATGC_V2 sample ns=0 part=2 epoch=1 window=17 phase=measure evaluated=30 k=7 scale_pct=25 age_ratio=4 host=131088 gc_pages=117804 gc_count=3889 waf_q16=124430 best=18 next=31 settled=0 active=45
355985.107056,A,sample,45,4,,18,,,,,,1,,30,,,3907,118938,131107,,7,31,0,1,measure,,25,0,,124989,17,,[355985.107056] NVMeVirt: WATGC_V2 sample ns=0 part=1 epoch=1 window=17 phase=measure evaluated=30 k=7 scale_pct=25 age_ratio=4 host=131107 gc_pages=118938 gc_count=3907 waf_q16=124989 best=18 next=31 settled=0 active=45
356001.418369,A,sample,45,7,,31,,,,,,1,,31,,,3507,93345,131101,,7,32,0,0,measure,,25,0,,112198,18,,[356001.418369] NVMeVirt: WATGC_V2 sample ns=0 part=0 epoch=1 window=18 phase=measure evaluated=31 k=7 scale_pct=25 age_ratio=7 host=131101 gc_pages=93345 gc_count=3507 waf_q16=112198 best=31 next=32 settled=0 active=45
356001.438725,A,sample,45,7,,31,,,,,,1,,31,,,3498,92799,131092,,7,32,0,2,measure,,25,0,,111928,18,,[356001.438725] NVMeVirt: WATGC_V2 sample ns=0 part=2 epoch=1 window=18 phase=measure evaluated=31 k=7 scale_pct=25 age_ratio=7 host=131092 gc_pages=92799 gc_count=3498 waf_q16=111928 best=31 next=32 settled=0 active=45
356001.451197,A,sample,45,7,,31,,,,,,1,,31,,,3483,91796,131092,,7,32,0,3,measure,,25,0,,111426,18,,[356001.451197] NVMeVirt: WATGC_V2 sample ns=0 part=3 epoch=1 window=18 phase=measure evaluated=31 k=7 scale_pct=25 age_ratio=7 host=131092 gc_pages=91796 gc_count=3483 waf_q16=111426 best=31 next=32 settled=0 active=45
356001.477635,A,sample,45,7,,31,,,,,,1,,31,,,3478,91509,131081,,7,32,0,1,measure,,25,0,,111287,18,,[356001.477635] NVMeVirt: WATGC_V2 sample ns=0 part=1 epoch=1 window=18 phase=measure evaluated=31 k=7 scale_pct=25 age_ratio=7 host=131081 gc_pages=91509 gc_count=3478 waf_q16=111287 best=31 next=32 settled=0 active=45
356017.813678,A,sample,45,16,,31,,,,,,1,,32,,,3828,113917,131073,,7,33,0,0,measure,,25,0,,122494,19,,[356017.813678] NVMeVirt: WATGC_V2 sample ns=0 part=0 epoch=1 window=19 phase=measure evaluated=32 k=7 scale_pct=25 age_ratio=16 host=131073 gc_pages=113917 gc_count=3828 waf_q16=122494 best=31 next=33 settled=0 active=45
356017.821090,A,sample,45,16,,31,,,,,,1,,32,,,3813,112943,131094,,7,33,0,2,measure,,25,0,,121998,19,,[356017.821090] NVMeVirt: WATGC_V2 sample ns=0 part=2 epoch=1 window=19 phase=measure evaluated=32 k=7 scale_pct=25 age_ratio=16 host=131094 gc_pages=112943 gc_count=3813 waf_q16=121998 best=31 next=33 settled=0 active=45
356017.823173,A,sample,45,16,,31,,,,,,1,,32,,,3822,113526,131096,,7,33,0,3,measure,,25,0,,122288,19,,[356017.823173] NVMeVirt: WATGC_V2 sample ns=0 part=3 epoch=1 window=19 phase=measure evaluated=32 k=7 scale_pct=25 age_ratio=16 host=131096 gc_pages=113526 gc_count=3822 waf_q16=122288 best=31 next=33 settled=0 active=45
356017.870806,A,sample,45,16,,31,,,,,,1,,32,,,3843,114865,131080,,7,33,0,1,measure,,25,0,,122964,19,,[356017.870806] NVMeVirt: WATGC_V2 sample ns=0 part=1 epoch=1 window=19 phase=measure evaluated=32 k=7 scale_pct=25 age_ratio=16 host=131080 gc_pages=114865 gc_count=3843 waf_q16=122964 best=31 next=33 settled=0 active=45
356034.184300,A,sample,45,4,,31,,,,,,1,,33,,,3500,92924,131078,,7,34,0,0,measure,,50,0,,111995,20,,[356034.184300] NVMeVirt: WATGC_V2 sample ns=0 part=0 epoch=1 window=20 phase=measure evaluated=33 k=7 scale_pct=50 age_ratio=4 host=131078 gc_pages=92924 gc_count=3500 waf_q16=111995 best=31 next=34 settled=0 active=45
356034.209929,A,sample,45,4,,31,,,,,,1,,33,,,3505,93239,131076,,7,34,0,3,measure,,50,0,,112154,20,,[356034.209929] NVMeVirt: WATGC_V2 sample ns=0 part=3 epoch=1 window=20 phase=measure evaluated=33 k=7 scale_pct=50 age_ratio=4 host=131076 gc_pages=93239 gc_count=3505 waf_q16=112154 best=31 next=34 settled=0 active=45
356034.233888,A,sample,45,4,,31,,,,,,1,,33,,,3508,93431,131077,,7,34,0,2,measure,,50,0,,112249,20,,[356034.233888] NVMeVirt: WATGC_V2 sample ns=0 part=2 epoch=1 window=20 phase=measure evaluated=33 k=7 scale_pct=50 age_ratio=4 host=131077 gc_pages=93431 gc_count=3508 waf_q16=112249 best=31 next=34 settled=0 active=45
356034.248862,A,sample,45,4,,31,,,,,,1,,33,,,3483,91820,131094,,7,34,0,1,measure,,50,0,,111438,20,,[356034.248862] NVMeVirt: WATGC_V2 sample ns=0 part=1 epoch=1 window=20 phase=measure evaluated=33 k=7 scale_pct=50 age_ratio=4 host=131094 gc_pages=91820 gc_count=3483 waf_q16=111438 best=31 next=34 settled=0 active=45
356050.572359,A,sample,45,7,,31,,,,,,1,,34,,,3998,124770,131091,,7,35,0,0,measure,,50,0,,127911,21,,[356050.572359] NVMeVirt: WATGC_V2 sample ns=0 part=0 epoch=1 window=21 phase=measure evaluated=34 k=7 scale_pct=50 age_ratio=7 host=131091 gc_pages=124770 gc_count=3998 waf_q16=127911 best=31 next=35 settled=0 active=45
356050.586581,A,sample,45,7,,31,,,,,,1,,34,,,3991,124349,131074,,7,35,0,2,measure,,50,0,,127709,21,,[356050.586581] NVMeVirt: WATGC_V2 sample ns=0 part=2 epoch=1 window=21 phase=measure evaluated=34 k=7 scale_pct=50 age_ratio=7 host=131074 gc_pages=124349 gc_count=3991 waf_q16=127709 best=31 next=35 settled=0 active=45
356050.626452,A,sample,45,7,,31,,,,,,1,,34,,,4017,126001,131085,,7,35,0,3,measure,,50,0,,128530,21,,[356050.626452] NVMeVirt: WATGC_V2 sample ns=0 part=3 epoch=1 window=21 phase=measure evaluated=34 k=7 scale_pct=50 age_ratio=7 host=131085 gc_pages=126001 gc_count=4017 waf_q16=128530 best=31 next=35 settled=0 active=45
356050.634105,A,sample,45,7,,31,,,,,,1,,34,,,4013,125755,131076,,7,35,0,1,measure,,50,0,,128411,21,,[356050.634105] NVMeVirt: WATGC_V2 sample ns=0 part=1 epoch=1 window=21 phase=measure evaluated=34 k=7 scale_pct=50 age_ratio=7 host=131076 gc_pages=125755 gc_count=4013 waf_q16=128411 best=31 next=35 settled=0 active=45
356066.951739,A,sample,45,16,,31,,,,,,1,,35,,,3834,114275,131091,,7,36,0,0,measure,,50,0,,122665,22,,[356066.951739] NVMeVirt: WATGC_V2 sample ns=0 part=0 epoch=1 window=22 phase=measure evaluated=35 k=7 scale_pct=50 age_ratio=16 host=131091 gc_pages=114275 gc_count=3834 waf_q16=122665 best=31 next=36 settled=0 active=45
356066.974783,A,sample,45,16,,31,,,,,,1,,35,,,3835,114362,131076,,7,36,0,2,measure,,50,0,,122715,22,,[356066.974783] NVMeVirt: WATGC_V2 sample ns=0 part=2 epoch=1 window=22 phase=measure evaluated=35 k=7 scale_pct=50 age_ratio=16 host=131076 gc_pages=114362 gc_count=3835 waf_q16=122715 best=31 next=36 settled=0 active=45
356067.015117,A,sample,45,16,,31,,,,,,1,,35,,,3836,114411,131091,,7,36,0,3,measure,,50,0,,122733,22,,[356067.015117] NVMeVirt: WATGC_V2 sample ns=0 part=3 epoch=1 window=22 phase=measure evaluated=35 k=7 scale_pct=50 age_ratio=16 host=131091 gc_pages=114411 gc_count=3836 waf_q16=122733 best=31 next=36 settled=0 active=45
356067.023380,A,sample,45,16,,31,,,,,,1,,35,,,3854,115573,131080,,7,36,0,1,measure,,50,0,,123318,22,,[356067.023380] NVMeVirt: WATGC_V2 sample ns=0 part=1 epoch=1 window=22 phase=measure evaluated=35 k=7 scale_pct=50 age_ratio=16 host=131080 gc_pages=115573 gc_count=3854 waf_q16=123318 best=31 next=36 settled=0 active=45
356083.362497,A,sample,45,4,,31,,,,,,1,,36,,,3619,100520,131100,,7,38,0,0,measure,,100,0,,115785,23,,[356083.362497] NVMeVirt: WATGC_V2 sample ns=0 part=0 epoch=1 window=23 phase=measure evaluated=36 k=7 scale_pct=100 age_ratio=4 host=131100 gc_pages=100520 gc_count=3619 waf_q16=115785 best=31 next=38 settled=0 active=45
356083.370862,A,sample,45,4,,31,,,,,,1,,36,,,3606,99716,131073,,7,38,0,1,measure,,100,0,,115393,23,,[356083.370862] NVMeVirt: WATGC_V2 sample ns=0 part=1 epoch=1 window=23 phase=measure evaluated=36 k=7 scale_pct=100 age_ratio=4 host=131073 gc_pages=99716 gc_count=3606 waf_q16=115393 best=31 next=38 settled=0 active=45
356083.374830,A,sample,45,4,,31,,,,,,1,,36,,,3619,100526,131094,,7,38,0,2,measure,,100,0,,115790,23,,[356083.374830] NVMeVirt: WATGC_V2 sample ns=0 part=2 epoch=1 window=23 phase=measure evaluated=36 k=7 scale_pct=100 age_ratio=4 host=131094 gc_pages=100526 gc_count=3619 waf_q16=115790 best=31 next=38 settled=0 active=45
356083.401285,A,sample,45,4,,31,,,,,,1,,36,,,3609,99897,131083,,7,38,0,3,measure,,100,0,,115480,23,,[356083.401285] NVMeVirt: WATGC_V2 sample ns=0 part=3 epoch=1 window=23 phase=measure evaluated=36 k=7 scale_pct=100 age_ratio=4 host=131083 gc_pages=99897 gc_count=3609 waf_q16=115480 best=31 next=38 settled=0 active=45
356099.734802,A,sample,45,16,,31,,,,,,1,,38,,,4004,125170,131079,,7,39,0,0,measure,,100,0,,128117,24,,[356099.734802] NVMeVirt: WATGC_V2 sample ns=0 part=0 epoch=1 window=24 phase=measure evaluated=38 k=7 scale_pct=100 age_ratio=16 host=131079 gc_pages=125170 gc_count=4004 waf_q16=128117 best=31 next=39 settled=0 active=45
356099.765508,A,sample,45,16,,31,,,,,,1,,38,,,4025,126484,131109,,7,39,0,2,measure,,100,0,,128760,24,,[356099.765508] NVMeVirt: WATGC_V2 sample ns=0 part=2 epoch=1 window=24 phase=measure evaluated=38 k=7 scale_pct=100 age_ratio=16 host=131109 gc_pages=126484 gc_count=4025 waf_q16=128760 best=31 next=39 settled=0 active=45
356099.775286,A,sample,45,16,,31,,,,,,1,,38,,,4031,126900,131076,,7,39,0,1,measure,,100,0,,128984,24,,[356099.775286] NVMeVirt: WATGC_V2 sample ns=0 part=1 epoch=1 window=24 phase=measure evaluated=38 k=7 scale_pct=100 age_ratio=16 host=131076 gc_pages=126900 gc_count=4031 waf_q16=128984 best=31 next=39 settled=0 active=45
356099.780243,A,sample,45,16,,31,,,,,,1,,38,,,4009,125494,131075,,7,39,0,3,measure,,100,0,,128281,24,,[356099.780243] NVMeVirt: WATGC_V2 sample ns=0 part=3 epoch=1 window=24 phase=measure evaluated=38 k=7 scale_pct=100 age_ratio=16 host=131075 gc_pages=125494 gc_count=4009 waf_q16=128281 best=31 next=39 settled=0 active=45
356116.117957,A,sample,45,4,,31,,,,,,1,,39,,,4143,134060,131093,,7,40,0,0,measure,,200,0,,132555,25,,[356116.117957] NVMeVirt: WATGC_V2 sample ns=0 part=0 epoch=1 window=25 phase=measure evaluated=39 k=7 scale_pct=200 age_ratio=4 host=131093 gc_pages=134060 gc_count=4143 waf_q16=132555 best=31 next=40 settled=0 active=45
356116.148070,A,sample,45,4,,31,,,,,,1,,39,,,4132,133372,131076,,7,40,0,2,measure,,200,0,,132219,25,,[356116.148070] NVMeVirt: WATGC_V2 sample ns=0 part=2 epoch=1 window=25 phase=measure evaluated=39 k=7 scale_pct=200 age_ratio=4 host=131076 gc_pages=133372 gc_count=4132 waf_q16=132219 best=31 next=40 settled=0 active=45
356116.149403,A,sample,45,4,,31,,,,,,1,,39,,,4148,134381,131091,,7,40,0,1,measure,,200,0,,132716,25,,[356116.149403] NVMeVirt: WATGC_V2 sample ns=0 part=1 epoch=1 window=25 phase=measure evaluated=39 k=7 scale_pct=200 age_ratio=4 host=131091 gc_pages=134381 gc_count=4148 waf_q16=132716 best=31 next=40 settled=0 active=45
356116.187171,A,sample,45,4,,31,,,,,,1,,39,,,4141,133927,131099,,7,40,0,3,measure,,200,0,,132485,25,,[356116.187171] NVMeVirt: WATGC_V2 sample ns=0 part=3 epoch=1 window=25 phase=measure evaluated=39 k=7 scale_pct=200 age_ratio=4 host=131099 gc_pages=133927 gc_count=4141 waf_q16=132485 best=31 next=40 settled=0 active=45
356132.525065,A,sample,45,7,,31,,,,,,1,,40,,,4065,129081,131074,,7,41,0,0,measure,,200,0,,130075,26,,[356132.525065] NVMeVirt: WATGC_V2 sample ns=0 part=0 epoch=1 window=26 phase=measure evaluated=40 k=7 scale_pct=200 age_ratio=7 host=131074 gc_pages=129081 gc_count=4065 waf_q16=130075 best=31 next=41 settled=0 active=45
356132.525574,A,sample,45,7,,31,,,,,,1,,40,,,4077,129832,131092,,7,41,0,2,measure,,200,0,,130442,26,,[356132.525574] NVMeVirt: WATGC_V2 sample ns=0 part=2 epoch=1 window=26 phase=measure evaluated=40 k=7 scale_pct=200 age_ratio=7 host=131092 gc_pages=129832 gc_count=4077 waf_q16=130442 best=31 next=41 settled=0 active=45
356132.544431,A,sample,45,7,,31,,,,,,1,,40,,,4063,128949,131077,,7,41,0,1,measure,,200,0,,130008,26,,[356132.544431] NVMeVirt: WATGC_V2 sample ns=0 part=1 epoch=1 window=26 phase=measure evaluated=40 k=7 scale_pct=200 age_ratio=7 host=131077 gc_pages=128949 gc_count=4063 waf_q16=130008 best=31 next=41 settled=0 active=45
356132.546015,A,sample,45,7,,31,,,,,,1,,40,,,4084,130278,131094,,7,41,0,3,measure,,200,0,,130664,26,,[356132.546015] NVMeVirt: WATGC_V2 sample ns=0 part=3 epoch=1 window=26 phase=measure evaluated=40 k=7 scale_pct=200 age_ratio=7 host=131094 gc_pages=130278 gc_count=4084 waf_q16=130664 best=31 next=41 settled=0 active=45
356148.899692,A,sample,45,16,,31,,,,,,1,,41,,,4239,140212,131081,,7,42,0,2,measure,,200,0,,135637,27,,[356148.899692] NVMeVirt: WATGC_V2 sample ns=0 part=2 epoch=1 window=27 phase=measure evaluated=41 k=7 scale_pct=200 age_ratio=16 host=131081 gc_pages=140212 gc_count=4239 waf_q16=135637 best=31 next=42 settled=0 active=45
356148.907141,A,sample,45,16,,31,,,,,,1,,41,,,4235,139956,131081,,7,42,0,0,measure,,200,0,,135509,27,,[356148.907141] NVMeVirt: WATGC_V2 sample ns=0 part=0 epoch=1 window=27 phase=measure evaluated=41 k=7 scale_pct=200 age_ratio=16 host=131081 gc_pages=139956 gc_count=4235 waf_q16=135509 best=31 next=42 settled=0 active=45
356148.938727,A,sample,45,16,,31,,,,,,1,,41,,,4251,140973,131088,,7,42,0,3,measure,,200,0,,136013,27,,[356148.938727] NVMeVirt: WATGC_V2 sample ns=0 part=3 epoch=1 window=27 phase=measure evaluated=41 k=7 scale_pct=200 age_ratio=16 host=131088 gc_pages=140973 gc_count=4251 waf_q16=136013 best=31 next=42 settled=0 active=45
356148.941770,A,sample,45,16,,31,,,,,,1,,41,,,4234,139893,131082,,7,42,0,1,measure,,200,0,,135477,27,,[356148.941770] NVMeVirt: WATGC_V2 sample ns=0 part=1 epoch=1 window=27 phase=measure evaluated=41 k=7 scale_pct=200 age_ratio=16 host=131082 gc_pages=139893 gc_count=4234 waf_q16=135477 best=31 next=42 settled=0 active=45
356165.301829,A,sample,45,4,,31,,,,,,1,,42,,,4140,133883,131074,,7,43,0,2,measure,,400,0,,132476,28,,[356165.301829] NVMeVirt: WATGC_V2 sample ns=0 part=2 epoch=1 window=28 phase=measure evaluated=42 k=7 scale_pct=400 age_ratio=4 host=131074 gc_pages=133883 gc_count=4140 waf_q16=132476 best=31 next=43 settled=0 active=45
356165.304677,A,sample,45,4,,31,,,,,,1,,42,,,4114,132192,131101,,7,43,0,3,measure,,400,0,,131617,28,,[356165.304677] NVMeVirt: WATGC_V2 sample ns=0 part=3 epoch=1 window=28 phase=measure evaluated=42 k=7 scale_pct=400 age_ratio=4 host=131101 gc_pages=132192 gc_count=4114 waf_q16=131617 best=31 next=43 settled=0 active=45
356165.306260,A,sample,45,4,,31,,,,,,1,,42,,,4116,132342,131078,,7,43,0,0,measure,,400,0,,131703,28,,[356165.306260] NVMeVirt: WATGC_V2 sample ns=0 part=0 epoch=1 window=28 phase=measure evaluated=42 k=7 scale_pct=400 age_ratio=4 host=131078 gc_pages=132342 gc_count=4116 waf_q16=131703 best=31 next=43 settled=0 active=45
356165.315525,A,sample,45,4,,31,,,,,,1,,42,,,4127,133047,131077,,7,43,0,1,measure,,400,0,,132056,28,,[356165.315525] NVMeVirt: WATGC_V2 sample ns=0 part=1 epoch=1 window=28 phase=measure evaluated=42 k=7 scale_pct=400 age_ratio=4 host=131077 gc_pages=133047 gc_count=4127 waf_q16=132056 best=31 next=43 settled=0 active=45
356181.680045,A,sample,45,7,,31,,,,,,1,,43,,,4342,146784,131102,,7,44,0,2,measure,,400,0,,138911,29,,[356181.680045] NVMeVirt: WATGC_V2 sample ns=0 part=2 epoch=1 window=29 phase=measure evaluated=43 k=7 scale_pct=400 age_ratio=7 host=131102 gc_pages=146784 gc_count=4342 waf_q16=138911 best=31 next=44 settled=0 active=45
356181.687366,A,sample,45,7,,31,,,,,,1,,43,,,4302,144231,131095,,7,44,0,1,measure,,400,0,,137638,29,,[356181.687366] NVMeVirt: WATGC_V2 sample ns=0 part=1 epoch=1 window=29 phase=measure evaluated=43 k=7 scale_pct=400 age_ratio=7 host=131095 gc_pages=144231 gc_count=4302 waf_q16=137638 best=31 next=44 settled=0 active=45
356181.693362,A,sample,45,7,,31,,,,,,1,,43,,,4318,145267,131084,,7,44,0,0,measure,,400,0,,138162,29,,[356181.693362] NVMeVirt: WATGC_V2 sample ns=0 part=0 epoch=1 window=29 phase=measure evaluated=43 k=7 scale_pct=400 age_ratio=7 host=131084 gc_pages=145267 gc_count=4318 waf_q16=138162 best=31 next=44 settled=0 active=45
356181.713797,A,sample,45,7,,31,,,,,,1,,43,,,4310,144751,131087,,7,44,0,3,measure,,400,0,,137903,29,,[356181.713797] NVMeVirt: WATGC_V2 sample ns=0 part=3 epoch=1 window=29 phase=measure evaluated=43 k=7 scale_pct=400 age_ratio=7 host=131087 gc_pages=144751 gc_count=4310 waf_q16=137903 best=31 next=44 settled=0 active=45
356198.051319,A,sample,45,16,,31,,,,,,1,,44,,,4245,140578,131099,,7,45,0,2,measure,,400,0,,135810,30,,[356198.051319] NVMeVirt: WATGC_V2 sample ns=0 part=2 epoch=1 window=30 phase=measure evaluated=44 k=7 scale_pct=400 age_ratio=16 host=131099 gc_pages=140578 gc_count=4245 waf_q16=135810 best=31 next=45 settled=0 active=45
356198.073619,A,sample,45,16,,31,,,,,,1,,44,,,4181,136503,131076,,7,45,0,1,measure,,400,0,,133785,30,,[356198.073619] NVMeVirt: WATGC_V2 sample ns=0 part=1 epoch=1 window=30 phase=measure evaluated=44 k=7 scale_pct=400 age_ratio=16 host=131076 gc_pages=136503 gc_count=4181 waf_q16=133785 best=31 next=45 settled=0 active=45
356198.087916,A,sample,45,16,,31,,,,,,1,,44,,,4201,137762,131100,,7,45,0,0,measure,,400,0,,134402,30,,[356198.087916] NVMeVirt: WATGC_V2 sample ns=0 part=0 epoch=1 window=30 phase=measure evaluated=44 k=7 scale_pct=400 age_ratio=16 host=131100 gc_pages=137762 gc_count=4201 waf_q16=134402 best=31 next=45 settled=0 active=45
356198.106835,A,sample,45,16,,31,,,,,,1,,44,,,4231,139689,131092,,7,45,0,3,measure,,400,0,,135369,30,,[356198.106835] NVMeVirt: WATGC_V2 sample ns=0 part=3 epoch=1 window=30 phase=measure evaluated=44 k=7 scale_pct=400 age_ratio=16 host=131092 gc_pages=139689 gc_count=4231 waf_q16=135369 best=31 next=45 settled=0 active=45
356214.445247,A,sample,45,4,,31,,,,,,1,,45,,,3873,116784,131089,,10,46,0,0,measure,,25,0,,123920,31,,[356214.445247] NVMeVirt: WATGC_V2 sample ns=0 part=0 epoch=1 window=31 phase=measure evaluated=45 k=10 scale_pct=25 age_ratio=4 host=131089 gc_pages=116784 gc_count=3873 waf_q16=123920 best=31 next=46 settled=0 active=45
356214.466743,A,sample,45,4,,31,,,,,,1,,45,,,3860,115950,131086,,10,46,0,2,measure,,25,0,,123504,31,,[356214.466743] NVMeVirt: WATGC_V2 sample ns=0 part=2 epoch=1 window=31 phase=measure evaluated=45 k=10 scale_pct=25 age_ratio=4 host=131086 gc_pages=115950 gc_count=3860 waf_q16=123504 best=31 next=46 settled=0 active=45
356214.468923,A,sample,45,4,,31,,,,,,1,,45,,,3846,115037,131100,,10,46,0,1,measure,,25,0,,123042,31,,[356214.468923] NVMeVirt: WATGC_V2 sample ns=0 part=1 epoch=1 window=31 phase=measure evaluated=45 k=10 scale_pct=25 age_ratio=4 host=131100 gc_pages=115037 gc_count=3846 waf_q16=123042 best=31 next=46 settled=0 active=45
356214.481779,A,sample,45,4,,31,,,,,,1,,45,,,3849,115248,131085,,10,46,0,3,measure,,25,0,,123154,31,,[356214.481779] NVMeVirt: WATGC_V2 sample ns=0 part=3 epoch=1 window=31 phase=measure evaluated=45 k=10 scale_pct=25 age_ratio=4 host=131085 gc_pages=115248 gc_count=3849 waf_q16=123154 best=31 next=46 settled=0 active=45
356230.843055,A,sample,45,7,,46,,,,,,1,,46,,,3478,91467,131112,,10,47,0,0,measure,,25,0,,111255,32,,[356230.843055] NVMeVirt: WATGC_V2 sample ns=0 part=0 epoch=1 window=32 phase=measure evaluated=46 k=10 scale_pct=25 age_ratio=7 host=131112 gc_pages=91467 gc_count=3478 waf_q16=111255 best=46 next=47 settled=0 active=45
356230.845949,A,sample,45,7,,31,,,,,,1,,46,,,3474,91234,131082,,10,47,0,1,measure,,25,0,,111149,32,,[356230.845949] NVMeVirt: WATGC_V2 sample ns=0 part=1 epoch=1 window=32 phase=measure evaluated=46 k=10 scale_pct=25 age_ratio=7 host=131082 gc_pages=91234 gc_count=3474 waf_q16=111149 best=31 next=47 settled=0 active=45
356230.859168,A,sample,45,7,,31,,,,,,1,,46,,,3493,92441,131108,,10,47,0,2,measure,,25,0,,111743,32,,[356230.859168] NVMeVirt: WATGC_V2 sample ns=0 part=2 epoch=1 window=32 phase=measure evaluated=46 k=10 scale_pct=25 age_ratio=7 host=131108 gc_pages=92441 gc_count=3493 waf_q16=111743 best=31 next=47 settled=0 active=45
356230.863085,A,sample,45,7,,31,,,,,,1,,46,,,3487,92071,131085,,10,47,0,3,measure,,25,0,,111566,32,,[356230.863085] NVMeVirt: WATGC_V2 sample ns=0 part=3 epoch=1 window=32 phase=measure evaluated=46 k=10 scale_pct=25 age_ratio=7 host=131085 gc_pages=92071 gc_count=3487 waf_q16=111566 best=31 next=47 settled=0 active=45
356247.185142,A,sample,45,16,,31,,,,,,1,,47,,,3812,112877,131096,,10,48,0,2,measure,,25,0,,121964,33,,[356247.185142] NVMeVirt: WATGC_V2 sample ns=0 part=2 epoch=1 window=33 phase=measure evaluated=47 k=10 scale_pct=25 age_ratio=16 host=131096 gc_pages=112877 gc_count=3812 waf_q16=121964 best=31 next=48 settled=0 active=45
356247.250481,A,sample,45,16,,46,,,,,,1,,47,,,3822,113550,131075,,10,48,0,0,measure,,25,0,,122309,33,,[356247.250481] NVMeVirt: WATGC_V2 sample ns=0 part=0 epoch=1 window=33 phase=measure evaluated=47 k=10 scale_pct=25 age_ratio=16 host=131075 gc_pages=113550 gc_count=3822 waf_q16=122309 best=46 next=48 settled=0 active=45
356247.253332,A,sample,45,16,,31,,,,,,1,,47,,,3797,111945,131084,,10,48,0,1,measure,,25,0,,121503,33,,[356247.253332] NVMeVirt: WATGC_V2 sample ns=0 part=1 epoch=1 window=33 phase=measure evaluated=47 k=10 scale_pct=25 age_ratio=16 host=131084 gc_pages=111945 gc_count=3797 waf_q16=121503 best=31 next=48 settled=0 active=45
356247.264679,A,sample,45,16,,31,,,,,,1,,47,,,3818,113285,131076,,10,48,0,3,measure,,25,0,,122176,33,,[356247.264679] NVMeVirt: WATGC_V2 sample ns=0 part=3 epoch=1 window=33 phase=measure evaluated=47 k=10 scale_pct=25 age_ratio=16 host=131076 gc_pages=113285 gc_count=3818 waf_q16=122176 best=31 next=48 settled=0 active=45
356263.612666,A,sample,45,4,,48,,,,,,1,,48,,,3404,86745,131106,,10,49,0,0,measure,,50,0,,108897,34,,[356263.612666] NVMeVirt: WATGC_V2 sample ns=0 part=0 epoch=1 window=34 phase=measure evaluated=48 k=10 scale_pct=50 age_ratio=4 host=131106 gc_pages=86745 gc_count=3404 waf_q16=108897 best=48 next=49 settled=0 active=45
356263.616559,A,sample,45,4,,48,,,,,,1,,48,,,3408,87033,131078,,10,49,0,1,measure,,50,0,,109050,34,,[356263.616559] NVMeVirt: WATGC_V2 sample ns=0 part=1 epoch=1 window=34 phase=measure evaluated=48 k=10 scale_pct=50 age_ratio=4 host=131078 gc_pages=87033 gc_count=3408 waf_q16=109050 best=48 next=49 settled=0 active=45
356263.631536,A,sample,45,4,,48,,,,,,1,,48,,,3400,86502,131097,,10,49,0,2,measure,,50,0,,108778,34,,[356263.631536] NVMeVirt: WATGC_V2 sample ns=0 part=2 epoch=1 window=34 phase=measure evaluated=48 k=10 scale_pct=50 age_ratio=4 host=131097 gc_pages=86502 gc_count=3400 waf_q16=108778 best=48 next=49 settled=0 active=45
356263.638223,A,sample,45,4,,48,,,,,,1,,48,,,3395,86176,131097,,10,49,0,3,measure,,50,0,,108615,34,,[356263.638223] NVMeVirt: WATGC_V2 sample ns=0 part=3 epoch=1 window=34 phase=measure evaluated=48 k=10 scale_pct=50 age_ratio=4 host=131097 gc_pages=86176 gc_count=3395 waf_q16=108615 best=48 next=49 settled=0 active=45
356280.001345,A,sample,45,7,,48,,,,,,1,,49,,,3776,110557,131107,,10,50,0,0,measure,,50,0,,120799,35,,[356280.001345] NVMeVirt: WATGC_V2 sample ns=0 part=0 epoch=1 window=35 phase=measure evaluated=49 k=10 scale_pct=50 age_ratio=7 host=131107 gc_pages=110557 gc_count=3776 waf_q16=120799 best=48 next=50 settled=0 active=45
356280.003261,A,sample,45,7,,48,,,,,,1,,49,,,3770,110186,131096,,10,50,0,1,measure,,50,0,,120618,35,,[356280.003261] NVMeVirt: WATGC_V2 sample ns=0 part=1 epoch=1 window=35 phase=measure evaluated=49 k=10 scale_pct=50 age_ratio=7 host=131096 gc_pages=110186 gc_count=3770 waf_q16=120618 best=48 next=50 settled=0 active=45
356280.014765,A,sample,45,7,,48,,,,,,1,,49,,,3776,110569,131097,,10,50,0,2,measure,,50,0,,120809,35,,[356280.014765] NVMeVirt: WATGC_V2 sample ns=0 part=2 epoch=1 window=35 phase=measure evaluated=49 k=10 scale_pct=50 age_ratio=7 host=131097 gc_pages=110569 gc_count=3776 waf_q16=120809 best=48 next=50 settled=0 active=45
356280.031276,A,sample,45,7,,48,,,,,,1,,49,,,3793,111657,131084,,10,50,0,3,measure,,50,0,,121359,35,,[356280.031276] NVMeVirt: WATGC_V2 sample ns=0 part=3 epoch=1 window=35 phase=measure evaluated=49 k=10 scale_pct=50 age_ratio=7 host=131084 gc_pages=111657 gc_count=3793 waf_q16=121359 best=48 next=50 settled=0 active=45
356296.375878,A,sample,45,16,,48,,,,,,1,,50,,,3722,107112,131081,,10,51,0,1,measure,,50,0,,119088,36,,[356296.375878] NVMeVirt: WATGC_V2 sample ns=0 part=1 epoch=1 window=36 phase=measure evaluated=50 k=10 scale_pct=50 age_ratio=16 host=131081 gc_pages=107112 gc_count=3722 waf_q16=119088 best=48 next=51 settled=0 active=45
356296.382673,A,sample,45,16,,48,,,,,,1,,50,,,3729,107576,131079,,10,51,0,0,measure,,50,0,,119321,36,,[356296.382673] NVMeVirt: WATGC_V2 sample ns=0 part=0 epoch=1 window=36 phase=measure evaluated=50 k=10 scale_pct=50 age_ratio=16 host=131079 gc_pages=107576 gc_count=3729 waf_q16=119321 best=48 next=51 settled=0 active=45
356296.415805,A,sample,45,16,,48,,,,,,1,,50,,,3742,108401,131093,,10,51,0,2,measure,,50,0,,119727,36,,[356296.415805] NVMeVirt: WATGC_V2 sample ns=0 part=2 epoch=1 window=36 phase=measure evaluated=50 k=10 scale_pct=50 age_ratio=16 host=131093 gc_pages=108401 gc_count=3742 waf_q16=119727 best=48 next=51 settled=0 active=45
356296.427305,A,sample,45,16,,48,,,,,,1,,50,,,3726,107361,131096,,10,51,0,3,measure,,50,0,,119206,36,,[356296.427305] NVMeVirt: WATGC_V2 sample ns=0 part=3 epoch=1 window=36 phase=measure evaluated=50 k=10 scale_pct=50 age_ratio=16 host=131096 gc_pages=107361 gc_count=3726 waf_q16=119206 best=48 next=51 settled=0 active=45
356312.761783,A,sample,45,4,,48,,,,,,1,,51,,,3614,100215,131088,,10,52,0,0,measure,,100,0,,115637,37,,[356312.761783] NVMeVirt: WATGC_V2 sample ns=0 part=0 epoch=1 window=37 phase=measure evaluated=51 k=10 scale_pct=100 age_ratio=4 host=131088 gc_pages=100215 gc_count=3614 waf_q16=115637 best=48 next=52 settled=0 active=45
356312.780401,A,sample,45,4,,48,,,,,,1,,51,,,3609,99892,131091,,10,52,0,2,measure,,100,0,,115474,37,,[356312.780401] NVMeVirt: WATGC_V2 sample ns=0 part=2 epoch=1 window=37 phase=measure evaluated=51 k=10 scale_pct=100 age_ratio=4 host=131091 gc_pages=99892 gc_count=3609 waf_q16=115474 best=48 next=52 settled=0 active=45
356312.789654,A,sample,45,4,,48,,,,,,1,,51,,,3619,100528,131095,,10,52,0,1,measure,,100,0,,115791,37,,[356312.789654] NVMeVirt: WATGC_V2 sample ns=0 part=1 epoch=1 window=37 phase=measure evaluated=51 k=10 scale_pct=100 age_ratio=4 host=131095 gc_pages=100528 gc_count=3619 waf_q16=115791 best=48 next=52 settled=0 active=45
356312.813096,A,sample,45,4,,48,,,,,,1,,51,,,3617,100412,131083,,10,52,0,3,measure,,100,0,,115737,37,,[356312.813096] NVMeVirt: WATGC_V2 sample ns=0 part=3 epoch=1 window=37 phase=measure evaluated=51 k=10 scale_pct=100 age_ratio=4 host=131083 gc_pages=100412 gc_count=3617 waf_q16=115737 best=48 next=52 settled=0 active=45
356329.141554,A,sample,45,7,,48,,,,,,1,,52,,,3955,122010,131103,,10,53,0,0,measure,,100,0,,126526,38,,[356329.141554] NVMeVirt: WATGC_V2 sample ns=0 part=0 epoch=1 window=38 phase=measure evaluated=52 k=10 scale_pct=100 age_ratio=7 host=131103 gc_pages=122010 gc_count=3955 waf_q16=126526 best=48 next=53 settled=0 active=45
356329.151879,A,sample,45,7,,48,,,,,,1,,52,,,3951,121786,131072,,10,53,0,1,measure,,100,0,,126429,38,,[356329.151879] NVMeVirt: WATGC_V2 sample ns=0 part=1 epoch=1 window=38 phase=measure evaluated=52 k=10 scale_pct=100 age_ratio=7 host=131072 gc_pages=121786 gc_count=3951 waf_q16=126429 best=48 next=53 settled=0 active=45
356329.173388,A,sample,45,7,,48,,,,,,1,,52,,,3983,123822,131084,,10,53,0,2,measure,,100,0,,127441,38,,[356329.173388] NVMeVirt: WATGC_V2 sample ns=0 part=2 epoch=1 window=38 phase=measure evaluated=52 k=10 scale_pct=100 age_ratio=7 host=131084 gc_pages=123822 gc_count=3983 waf_q16=127441 best=48 next=53 settled=0 active=45
356329.219082,A,sample,45,7,,48,,,,,,1,,52,,,3974,123247,131084,,10,53,0,3,measure,,100,0,,127153,38,,[356329.219082] NVMeVirt: WATGC_V2 sample ns=0 part=3 epoch=1 window=38 phase=measure evaluated=52 k=10 scale_pct=100 age_ratio=7 host=131084 gc_pages=123247 gc_count=3974 waf_q16=127153 best=48 next=53 settled=0 active=45
356345.544549,A,sample,45,16,,48,,,,,,1,,53,,,4153,134704,131083,,10,54,0,0,measure,,100,0,,132882,39,,[356345.544549] NVMeVirt: WATGC_V2 sample ns=0 part=0 epoch=1 window=39 phase=measure evaluated=53 k=10 scale_pct=100 age_ratio=16 host=131083 gc_pages=134704 gc_count=4153 waf_q16=132882 best=48 next=54 settled=0 active=45
356345.553252,A,sample,45,16,,48,,,,,,1,,53,,,4175,136126,131085,,10,54,0,1,measure,,100,0,,133592,39,,[356345.553252] NVMeVirt: WATGC_V2 sample ns=0 part=1 epoch=1 window=39 phase=measure evaluated=53 k=10 scale_pct=100 age_ratio=16 host=131085 gc_pages=136126 gc_count=4175 waf_q16=133592 best=48 next=54 settled=0 active=45
356345.555174,A,sample,45,16,,48,,,,,,1,,53,,,4177,136240,131072,,10,54,0,2,measure,,100,0,,133656,39,,[356345.555174] NVMeVirt: WATGC_V2 sample ns=0 part=2 epoch=1 window=39 phase=measure evaluated=53 k=10 scale_pct=100 age_ratio=16 host=131072 gc_pages=136240 gc_count=4177 waf_q16=133656 best=48 next=54 settled=0 active=45
356345.574632,A,sample,45,16,,48,,,,,,1,,53,,,4175,136115,131080,,10,54,0,3,measure,,100,0,,133589,39,,[356345.574632] NVMeVirt: WATGC_V2 sample ns=0 part=3 epoch=1 window=39 phase=measure evaluated=53 k=10 scale_pct=100 age_ratio=16 host=131080 gc_pages=136115 gc_count=4175 waf_q16=133589 best=48 next=54 settled=0 active=45
356361.930084,A,sample,45,4,,48,,,,,,1,,54,,,3712,106481,131084,,10,55,0,0,measure,,200,0,,118771,40,,[356361.930084] NVMeVirt: WATGC_V2 sample ns=0 part=0 epoch=1 window=40 phase=measure evaluated=54 k=10 scale_pct=200 age_ratio=4 host=131084 gc_pages=106481 gc_count=3712 waf_q16=118771 best=48 next=55 settled=0 active=45
356361.931758,A,sample,45,4,,48,,,,,,1,,54,,,3742,108404,131080,,10,55,0,1,measure,,200,0,,119734,40,,[356361.931758] NVMeVirt: WATGC_V2 sample ns=0 part=1 epoch=1 window=40 phase=measure evaluated=54 k=10 scale_pct=200 age_ratio=4 host=131080 gc_pages=108404 gc_count=3742 waf_q16=119734 best=48 next=55 settled=0 active=45
356361.948054,A,sample,45,4,,48,,,,,,1,,54,,,3714,106596,131096,,10,55,0,2,measure,,200,0,,118824,40,,[356361.948054] NVMeVirt: WATGC_V2 sample ns=0 part=2 epoch=1 window=40 phase=measure evaluated=54 k=10 scale_pct=200 age_ratio=4 host=131096 gc_pages=106596 gc_count=3714 waf_q16=118824 best=48 next=55 settled=0 active=45
356361.965790,A,sample,45,4,,48,,,,,,1,,54,,,3734,107882,131090,,10,55,0,3,measure,,200,0,,119469,40,,[356361.965790] NVMeVirt: WATGC_V2 sample ns=0 part=3 epoch=1 window=40 phase=measure evaluated=54 k=10 scale_pct=200 age_ratio=4 host=131090 gc_pages=107882 gc_count=3734 waf_q16=119469 best=48 next=55 settled=0 active=45
356378.305275,A,sample,45,7,,48,,,,,,1,,55,,,4162,135286,131080,,10,56,0,2,measure,,200,0,,133174,41,,[356378.305275] NVMeVirt: WATGC_V2 sample ns=0 part=2 epoch=1 window=41 phase=measure evaluated=55 k=10 scale_pct=200 age_ratio=7 host=131080 gc_pages=135286 gc_count=4162 waf_q16=133174 best=48 next=56 settled=0 active=45
356378.315964,A,sample,45,7,,48,,,,,,1,,55,,,4161,135230,131073,,10,56,0,0,measure,,200,0,,133150,41,,[356378.315964] NVMeVirt: WATGC_V2 sample ns=0 part=0 epoch=1 window=41 phase=measure evaluated=55 k=10 scale_pct=200 age_ratio=7 host=131073 gc_pages=135230 gc_count=4161 waf_q16=133150 best=48 next=56 settled=0 active=45
356378.341935,A,sample,45,7,,48,,,,,,1,,55,,,4168,135667,131084,,10,56,0,3,measure,,200,0,,133363,41,,[356378.341935] NVMeVirt: WATGC_V2 sample ns=0 part=3 epoch=1 window=41 phase=measure evaluated=55 k=10 scale_pct=200 age_ratio=7 host=131084 gc_pages=135667 gc_count=4168 waf_q16=133363 best=48 next=56 settled=0 active=45
356378.347171,A,sample,45,7,,48,,,,,,1,,55,,,4172,135928,131079,,10,56,0,1,measure,,200,0,,133496,41,,[356378.347171] NVMeVirt: WATGC_V2 sample ns=0 part=1 epoch=1 window=41 phase=measure evaluated=55 k=10 scale_pct=200 age_ratio=7 host=131079 gc_pages=135928 gc_count=4172 waf_q16=133496 best=48 next=56 settled=0 active=45
356394.679992,A,sample,45,16,,48,,,,,,1,,56,,,4034,127084,131087,,10,57,0,2,measure,,200,0,,129070,42,,[356394.679992] NVMeVirt: WATGC_V2 sample ns=0 part=2 epoch=1 window=42 phase=measure evaluated=56 k=10 scale_pct=200 age_ratio=16 host=131087 gc_pages=127084 gc_count=4034 waf_q16=129070 best=48 next=57 settled=0 active=45
356394.719928,A,sample,45,16,,48,,,,,,1,,56,,,4020,126183,131092,,10,57,0,0,measure,,200,0,,128617,42,,[356394.719928] NVMeVirt: WATGC_V2 sample ns=0 part=0 epoch=1 window=42 phase=measure evaluated=56 k=10 scale_pct=200 age_ratio=16 host=131092 gc_pages=126183 gc_count=4020 waf_q16=128617 best=48 next=57 settled=0 active=45
356394.727510,A,sample,45,16,,48,,,,,,1,,56,,,4027,126616,131106,,10,57,0,3,measure,,200,0,,128827,42,,[356394.727510] NVMeVirt: WATGC_V2 sample ns=0 part=3 epoch=1 window=42 phase=measure evaluated=56 k=10 scale_pct=200 age_ratio=16 host=131106 gc_pages=126616 gc_count=4027 waf_q16=128827 best=48 next=57 settled=0 active=45
356394.735093,A,sample,45,16,,48,,,,,,1,,56,,,4027,126635,131087,,10,57,0,1,measure,,200,0,,128846,42,,[356394.735093] NVMeVirt: WATGC_V2 sample ns=0 part=1 epoch=1 window=42 phase=measure evaluated=56 k=10 scale_pct=200 age_ratio=16 host=131087 gc_pages=126635 gc_count=4027 waf_q16=128846 best=48 next=57 settled=0 active=45
356411.066866,A,sample,45,4,,48,,,,,,1,,57,,,4138,133736,131095,,10,58,0,2,measure,,400,0,,132392,43,,[356411.066866] NVMeVirt: WATGC_V2 sample ns=0 part=2 epoch=1 window=43 phase=measure evaluated=57 k=10 scale_pct=400 age_ratio=4 host=131095 gc_pages=133736 gc_count=4138 waf_q16=132392 best=48 next=58 settled=0 active=45
356411.096615,A,sample,45,4,,48,,,,,,1,,57,,,4140,133885,131074,,10,58,0,0,measure,,400,0,,132477,43,,[356411.096615] NVMeVirt: WATGC_V2 sample ns=0 part=0 epoch=1 window=43 phase=measure evaluated=57 k=10 scale_pct=400 age_ratio=4 host=131074 gc_pages=133885 gc_count=4140 waf_q16=132477 best=48 next=58 settled=0 active=45
356411.115301,A,sample,45,4,,48,,,,,,1,,57,,,4132,133350,131098,,10,58,0,1,measure,,400,0,,132197,43,,[356411.115301] NVMeVirt: WATGC_V2 sample ns=0 part=1 epoch=1 window=43 phase=measure evaluated=57 k=10 scale_pct=400 age_ratio=4 host=131098 gc_pages=133350 gc_count=4132 waf_q16=132197 best=48 next=58 settled=0 active=45
356411.126514,A,sample,45,4,,48,,,,,,1,,57,,,4137,133667,131101,,10,58,0,3,measure,,400,0,,132354,43,,[356411.126514] NVMeVirt: WATGC_V2 sample ns=0 part=3 epoch=1 window=43 phase=measure evaluated=57 k=10 scale_pct=400 age_ratio=4 host=131101 gc_pages=133667 gc_count=4137 waf_q16=132354 best=48 next=58 settled=0 active=45
356427.475471,A,sample,45,7,,48,,,,,,1,,58,,,4093,130844,131103,,10,59,0,2,measure,,400,0,,130942,44,,[356427.475471] NVMeVirt: WATGC_V2 sample ns=0 part=2 epoch=1 window=44 phase=measure evaluated=58 k=10 scale_pct=400 age_ratio=7 host=131103 gc_pages=130844 gc_count=4093 waf_q16=130942 best=48 next=59 settled=0 active=45
356427.480894,A,sample,45,7,,48,,,,,,1,,58,,,4078,129899,131088,,10,59,0,1,measure,,400,0,,130477,44,,[356427.480894] NVMeVirt: WATGC_V2 sample ns=0 part=1 epoch=1 window=44 phase=measure evaluated=58 k=10 scale_pct=400 age_ratio=7 host=131088 gc_pages=129899 gc_count=4078 waf_q16=130477 best=48 next=59 settled=0 active=45
356427.484189,A,sample,45,7,,48,,,,,,1,,58,,,4092,130810,131074,,10,59,0,0,measure,,400,0,,130940,44,,[356427.484189] NVMeVirt: WATGC_V2 sample ns=0 part=0 epoch=1 window=44 phase=measure evaluated=58 k=10 scale_pct=400 age_ratio=7 host=131074 gc_pages=130810 gc_count=4092 waf_q16=130940 best=48 next=59 settled=0 active=45
356427.514420,A,sample,45,7,,48,,,,,,1,,58,,,4102,131422,131102,,10,59,0,3,measure,,400,0,,131231,44,,[356427.514420] NVMeVirt: WATGC_V2 sample ns=0 part=3 epoch=1 window=44 phase=measure evaluated=58 k=10 scale_pct=400 age_ratio=7 host=131102 gc_pages=131422 gc_count=4102 waf_q16=131231 best=48 next=59 settled=0 active=45
356443.847745,A,sample,20,16,,48,,,,,,1,,59,,,4238,140128,131102,,10,48,0,1,measure,,400,0,,135583,45,,[356443.847745] NVMeVirt: WATGC_V2 sample ns=0 part=1 epoch=1 window=45 phase=measure evaluated=59 k=10 scale_pct=400 age_ratio=16 host=131102 gc_pages=140128 gc_count=4238 waf_q16=135583 best=48 next=48 settled=0 active=20
356443.864110,A,sample,20,16,,48,,,,,,1,,59,,,4241,140346,131076,,10,48,0,0,measure,,400,0,,135706,45,,[356443.864110] NVMeVirt: WATGC_V2 sample ns=0 part=0 epoch=1 window=45 phase=measure evaluated=59 k=10 scale_pct=400 age_ratio=16 host=131076 gc_pages=140346 gc_count=4241 waf_q16=135706 best=48 next=48 settled=0 active=20
356443.891205,A,sample,19,16,,48,,,,,,1,,59,,,4254,141160,131095,,10,48,0,2,measure,,400,0,,136103,45,,[356443.891205] NVMeVirt: WATGC_V2 sample ns=0 part=2 epoch=1 window=45 phase=measure evaluated=59 k=10 scale_pct=400 age_ratio=16 host=131095 gc_pages=141160 gc_count=4254 waf_q16=136103 best=48 next=48 settled=0 active=19
356443.892052,A,sample,20,16,,48,,,,,,1,,59,,,4217,138793,131093,,10,48,0,3,measure,,400,0,,134921,45,,[356443.892052] NVMeVirt: WATGC_V2 sample ns=0 part=3 epoch=1 window=45 phase=measure evaluated=59 k=10 scale_pct=400 age_ratio=16 host=131093 gc_pages=138793 gc_count=4217 waf_q16=134921 best=48 next=48 settled=0 active=20
356460.241345,A,sample,19,4,,46,,,,,,1,,48,,,3787,111254,131104,,10,31,0,1,measure,,50,0,,121149,46,,[356460.241345] NVMeVirt: WATGC_V2 sample ns=0 part=1 epoch=1 window=46 phase=measure evaluated=48 k=10 scale_pct=50 age_ratio=4 host=131104 gc_pages=111254 gc_count=3787 waf_q16=121149 best=46 next=31 settled=0 active=19
356460.263211,A,sample,19,4,,46,,,,,,1,,48,,,3780,110809,131105,,10,46,0,0,measure,,50,0,,120926,46,,[356460.263211] NVMeVirt: WATGC_V2 sample ns=0 part=0 epoch=1 window=46 phase=measure evaluated=48 k=10 scale_pct=50 age_ratio=4 host=131105 gc_pages=110809 gc_count=3780 waf_q16=120926 best=46 next=46 settled=0 active=19
356460.266566,A,sample,18,4,,46,,,,,,1,,48,,,3772,110297,131106,,10,46,0,2,measure,,50,0,,120670,46,,[356460.266566] NVMeVirt: WATGC_V2 sample ns=0 part=2 epoch=1 window=46 phase=measure evaluated=48 k=10 scale_pct=50 age_ratio=4 host=131106 gc_pages=110297 gc_count=3772 waf_q16=120670 best=46 next=46 settled=0 active=18
356460.270441,A,sample,19,4,,31,,,,,,1,,48,,,3776,110567,131091,,10,31,0,3,measure,,50,0,,120811,46,,[356460.270441] NVMeVirt: WATGC_V2 sample ns=0 part=3 epoch=1 window=46 phase=measure evaluated=48 k=10 scale_pct=50 age_ratio=4 host=131091 gc_pages=110567 gc_count=3776 waf_q16=120811 best=31 next=31 settled=0 active=19
356476.639741,A,sample,19,7,,33,,,,,,1,,46,,,3822,113505,131100,,10,33,0,0,measure,,25,0,,122276,47,,[356476.639741] NVMeVirt: WATGC_V2 sample ns=0 part=0 epoch=1 window=47 phase=measure evaluated=46 k=10 scale_pct=25 age_ratio=7 host=131100 gc_pages=113505 gc_count=3822 waf_q16=122276 best=33 next=33 settled=0 active=19
356476.644602,A,sample,19,7,,46,,,,,,1,,31,,,3775,110510,131103,,7,46,0,1,measure,,25,0,,120777,47,,[356476.644602] NVMeVirt: WATGC_V2 sample ns=0 part=1 epoch=1 window=47 phase=measure evaluated=31 k=7 scale_pct=25 age_ratio=7 host=131103 gc_pages=110510 gc_count=3775 waf_q16=120777 best=46 next=46 settled=0 active=19
356476.650745,A,sample,18,7,,31,,,,,,1,,46,,,3819,113339,131090,,10,31,0,2,measure,,25,0,,122197,47,,[356476.650745] NVMeVirt: WATGC_V2 sample ns=0 part=2 epoch=1 window=47 phase=measure evaluated=46 k=10 scale_pct=25 age_ratio=7 host=131090 gc_pages=113339 gc_count=3819 waf_q16=122197 best=31 next=31 settled=0 active=18
356476.654390,A,sample,19,7,,46,,,,,,1,,31,,,3775,110497,131092,,7,46,0,3,measure,,25,0,,120776,47,,[356476.654390] NVMeVirt: WATGC_V2 sample ns=0 part=3 epoch=1 window=47 phase=measure evaluated=31 k=7 scale_pct=25 age_ratio=7 host=131092 gc_pages=110497 gc_count=3775 waf_q16=120776 best=46 next=46 settled=0 active=19
356493.007101,A,sample,19,4,,33,,,,,,1,,33,,,3509,93504,131074,,7,31,0,0,measure,,50,0,,112287,48,,[356493.007101] NVMeVirt: WATGC_V2 sample ns=0 part=0 epoch=1 window=48 phase=measure evaluated=33 k=7 scale_pct=50 age_ratio=4 host=131074 gc_pages=93504 gc_count=3509 waf_q16=112287 best=33 next=31 settled=0 active=19
356493.035860,A,sample,18,7,,31,,,,,,1,,31,,,3500,92899,131092,,7,33,0,2,measure,,25,0,,111978,48,,[356493.035860] NVMeVirt: WATGC_V2 sample ns=0 part=2 epoch=1 window=48 phase=measure evaluated=31 k=7 scale_pct=25 age_ratio=7 host=131092 gc_pages=92899 gc_count=3500 waf_q16=111978 best=31 next=33 settled=0 active=18
356493.043808,A,sample,19,7,,46,,,,,,1,,46,,,3448,89554,131099,,10,33,0,1,measure,,25,0,,110303,48,,[356493.043808] NVMeVirt: WATGC_V2 sample ns=0 part=1 epoch=1 window=48 phase=measure evaluated=46 k=10 scale_pct=25 age_ratio=7 host=131099 gc_pages=89554 gc_count=3448 waf_q16=110303 best=46 next=33 settled=0 active=19
356493.050622,A,sample,19,7,,46,,,,,,1,,46,,,3461,90407,131095,,10,33,0,3,measure,,25,0,,110731,48,,[356493.050622] NVMeVirt: WATGC_V2 sample ns=0 part=3 epoch=1 window=48 phase=measure evaluated=46 k=10 scale_pct=25 age_ratio=7 host=131095 gc_pages=90407 gc_count=3461 waf_q16=110731 best=46 next=33 settled=0 active=19
356509.406980,A,sample,18,4,,31,,,,,,1,,33,,,3671,103848,131101,,7,18,0,2,measure,,50,0,,117448,49,,[356509.406980] NVMeVirt: WATGC_V2 sample ns=0 part=2 epoch=1 window=49 phase=measure evaluated=33 k=7 scale_pct=50 age_ratio=4 host=131101 gc_pages=103848 gc_count=3671 waf_q16=117448 best=31 next=18 settled=0 active=18
356509.412901,A,sample,19,4,,46,,,,,,1,,33,,,3661,103225,131074,,7,18,0,3,measure,,50,0,,117147,49,,[356509.412901] NVMeVirt: WATGC_V2 sample ns=0 part=3 epoch=1 window=49 phase=measure evaluated=33 k=7 scale_pct=50 age_ratio=4 host=131074 gc_pages=103225 gc_count=3661 waf_q16=117147 best=46 next=18 settled=0 active=19
356509.423641,A,sample,19,7,,33,,,,,,1,,31,,,3671,103855,131075,,7,18,0,0,measure,,25,0,,117462,49,,[356509.423641] NVMeVirt: WATGC_V2 sample ns=0 part=0 epoch=1 window=49 phase=measure evaluated=31 k=7 scale_pct=25 age_ratio=7 host=131075 gc_pages=103855 gc_count=3671 waf_q16=117462 best=33 next=18 settled=0 active=19
356509.438133,A,sample,19,4,,46,,,,,,1,,33,,,3647,102306,131104,,7,36,0,1,measure,,50,0,,116676,49,,[356509.438133] NVMeVirt: WATGC_V2 sample ns=0 part=1 epoch=1 window=49 phase=measure evaluated=33 k=7 scale_pct=50 age_ratio=4 host=131104 gc_pages=102306 gc_count=3647 waf_q16=116676 best=46 next=36 settled=0 active=19
356525.791048,A,sample,19,4,,33,,,,,,1,,18,,,3558,96623,131084,,4,36,0,0,measure,,50,0,,113843,50,,[356525.791048] NVMeVirt: WATGC_V2 sample ns=0 part=0 epoch=1 window=50 phase=measure evaluated=18 k=4 scale_pct=50 age_ratio=4 host=131084 gc_pages=96623 gc_count=3558 waf_q16=113843 best=33 next=36 settled=0 active=19
356525.791632,A,sample,19,4,,46,,,,,,1,,36,,,3752,109045,131078,,7,18,0,1,measure,,100,0,,120056,50,,[356525.791632] NVMeVirt: WATGC_V2 sample ns=0 part=1 epoch=1 window=50 phase=measure evaluated=36 k=7 scale_pct=100 age_ratio=4 host=131078 gc_pages=109045 gc_count=3752 waf_q16=120056 best=46 next=18 settled=0 active=19
356525.815351,A,sample,19,4,,46,,,,,,1,,18,,,3727,107441,131080,,4,36,0,3,measure,,50,0,,119253,50,,[356525.815351] NVMeVirt: WATGC_V2 sample ns=0 part=3 epoch=1 window=50 phase=measure evaluated=18 k=4 scale_pct=50 age_ratio=4 host=131080 gc_pages=107441 gc_count=3727 waf_q16=119253 best=46 next=36 settled=0 active=19
356525.829683,A,sample,18,4,,31,,,,,,1,,18,,,3736,108005,131092,,4,51,0,2,measure,,50,0,,119530,50,,[356525.829683] NVMeVirt: WATGC_V2 sample ns=0 part=2 epoch=1 window=50 phase=measure evaluated=18 k=4 scale_pct=50 age_ratio=4 host=131092 gc_pages=108005 gc_count=3736 waf_q16=119530 best=31 next=51 settled=0 active=18
356542.171464,A,sample,19,4,,46,,,,,,1,,18,,,4191,137129,131094,,4,51,0,1,measure,,50,0,,134088,51,,[356542.171464] NVMeVirt: WATGC_V2 sample ns=0 part=1 epoch=1 window=51 phase=measure evaluated=18 k=4 scale_pct=50 age_ratio=4 host=131094 gc_pages=137129 gc_count=4191 waf_q16=134088 best=46 next=51 settled=0 active=19
356542.182067,A,sample,19,4,,33,,,,,,1,,36,,,4127,133051,131078,,7,51,0,0,measure,,100,0,,132058,51,,[356542.182067] NVMeVirt: WATGC_V2 sample ns=0 part=0 epoch=1 window=51 phase=measure evaluated=36 k=7 scale_pct=100 age_ratio=4 host=131078 gc_pages=133051 gc_count=4127 waf_q16=132058 best=33 next=51 settled=0 active=19
356542.204390,A,sample,18,4,,31,,,,,,1,,51,,,4157,134971,131078,,10,36,0,2,measure,,100,0,,133018,51,,[356542.204390] NVMeVirt: WATGC_V2 sample ns=0 part=2 epoch=1 window=51 phase=measure evaluated=51 k=10 scale_pct=100 age_ratio=4 host=131078 gc_pages=134971 gc_count=4157 waf_q16=133018 best=31 next=36 settled=0 active=18
356542.209727,A,sample,19,4,,46,,,,,,1,,36,,,4200,137708,131093,,7,51,0,3,measure,,100,0,,134378,51,,[356542.209727] NVMeVirt: WATGC_V2 sample ns=0 part=3 epoch=1 window=51 phase=measure evaluated=36 k=7 scale_pct=100 age_ratio=4 host=131093 gc_pages=137708 gc_count=4200 waf_q16=134378 best=46 next=51 settled=0 active=19
356558.560146,A,sample,19,4,,46,,,,,,1,,51,,,4026,126583,131077,,10,50,0,1,measure,,100,0,,128825,52,,[356558.560146] NVMeVirt: WATGC_V2 sample ns=0 part=1 epoch=1 window=52 phase=measure evaluated=51 k=10 scale_pct=100 age_ratio=4 host=131077 gc_pages=126583 gc_count=4026 waf_q16=128825 best=46 next=50 settled=0 active=19
356558.571099,A,sample,19,4,,33,,,,,,1,,51,,,4098,131193,131074,,10,17,0,0,measure,,100,0,,131131,52,,[356558.571099] NVMeVirt: WATGC_V2 sample ns=0 part=0 epoch=1 window=52 phase=measure evaluated=51 k=10 scale_pct=100 age_ratio=4 host=131074 gc_pages=131193 gc_count=4098 waf_q16=131131 best=33 next=17 settled=0 active=19
356558.589057,A,sample,18,4,,31,,,,,,1,,36,,,4166,135537,131082,,7,17,0,2,measure,,100,0,,133299,52,,[356558.589057] NVMeVirt: WATGC_V2 sample ns=0 part=2 epoch=1 window=52 phase=measure evaluated=36 k=7 scale_pct=100 age_ratio=4 host=131082 gc_pages=135537 gc_count=4166 waf_q16=133299 best=31 next=17 settled=0 active=18
356558.594997,A,sample,19,4,,46,,,,,,1,,51,,,4151,134585,131076,,10,17,0,3,measure,,100,0,,132826,52,,[356558.594997] NVMeVirt: WATGC_V2 sample ns=0 part=3 epoch=1 window=52 phase=measure evaluated=51 k=10 scale_pct=100 age_ratio=4 host=131076 gc_pages=134585 gc_count=4151 waf_q16=132826 best=46 next=17 settled=0 active=19
356574.926501,A,sample,19,16,,46,,,,,,1,,50,,,4074,129646,131076,,10,17,0,1,measure,,50,0,,130357,53,,[356574.926501] NVMeVirt: WATGC_V2 sample ns=0 part=1 epoch=1 window=53 phase=measure evaluated=50 k=10 scale_pct=50 age_ratio=16 host=131076 gc_pages=129646 gc_count=4074 waf_q16=130357 best=46 next=17 settled=0 active=19
356574.940226,A,sample,19,16,,33,,,,,,1,,17,,,4219,138954,131077,,4,54,0,0,measure,,25,0,,135010,53,,[356574.940226] NVMeVirt: WATGC_V2 sample ns=0 part=0 epoch=1 window=53 phase=measure evaluated=17 k=4 scale_pct=25 age_ratio=16 host=131077 gc_pages=138954 gc_count=4219 waf_q16=135010 best=33 next=54 settled=0 active=19
356574.972387,A,sample,18,16,,31,,,,,,1,,17,,,4280,142801,131104,,4,54,0,2,measure,,25,0,,136919,53,,[356574.972387] NVMeVirt: WATGC_V2 sample ns=0 part=2 epoch=1 window=53 phase=measure evaluated=17 k=4 scale_pct=25 age_ratio=16 host=131104 gc_pages=142801 gc_count=4280 waf_q16=136919 best=31 next=54 settled=0 active=18
356575.013017,A,sample,19,16,,46,,,,,,1,,17,,,4221,139083,131078,,4,50,0,3,measure,,25,0,,135074,53,,[356575.013017] NVMeVirt: WATGC_V2 sample ns=0 part=3 epoch=1 window=53 phase=measure evaluated=17 k=4 scale_pct=25 age_ratio=16 host=131078 gc_pages=139083 gc_count=4221 waf_q16=135074 best=46 next=50 settled=0 active=19
356591.335473,A,sample,19,16,,46,,,,,,1,,17,,,3698,105559,131093,,4,54,0,1,measure,,25,0,,118307,54,,[356591.335473] NVMeVirt: WATGC_V2 sample ns=0 part=1 epoch=1 window=54 phase=measure evaluated=17 k=4 scale_pct=25 age_ratio=16 host=131093 gc_pages=105559 gc_count=3698 waf_q16=118307 best=46 next=54 settled=0 active=19
356591.343097,A,sample,18,4,,31,,,,,,1,,54,,,3457,90165,131082,,10,50,0,2,measure,,200,0,,110615,54,,[356591.343097] NVMeVirt: WATGC_V2 sample ns=0 part=2 epoch=1 window=54 phase=measure evaluated=54 k=10 scale_pct=200 age_ratio=4 host=131082 gc_pages=90165 gc_count=3457 waf_q16=110615 best=31 next=50 settled=0 active=18
356591.343429,A,sample,19,4,,33,,,,,,1,,54,,,3457,90166,131082,,10,50,0,0,measure,,200,0,,110615,54,,[356591.343429] NVMeVirt: WATGC_V2 sample ns=0 part=0 epoch=1 window=54 phase=measure evaluated=54 k=10 scale_pct=200 age_ratio=4 host=131082 gc_pages=90166 gc_count=3457 waf_q16=110615 best=33 next=50 settled=0 active=19
356591.376650,A,sample,19,16,,46,,,,,,1,,50,,,3422,87911,131088,,10,54,0,3,measure,,50,0,,109486,54,,[356591.376650] NVMeVirt: WATGC_V2 sample ns=0 part=3 epoch=1 window=54 phase=measure evaluated=50 k=10 scale_pct=50 age_ratio=16 host=131088 gc_pages=87911 gc_count=3422 waf_q16=109486 best=46 next=54 settled=0 active=19
356607.707431,A,sample,19,16,,33,,,,,,1,,50,,,3769,110105,131099,,10,49,0,0,measure,,50,0,,120577,55,,[356607.707431] NVMeVirt: WATGC_V2 sample ns=0 part=0 epoch=1 window=55 phase=measure evaluated=50 k=10 scale_pct=50 age_ratio=16 host=131099 gc_pages=110105 gc_count=3769 waf_q16=120577 best=33 next=49 settled=0 active=19
356607.740900,A,sample,19,4,,46,,,,,,1,,54,,,3565,97066,131098,,10,49,0,1,measure,,200,0,,114059,55,,[356607.740900] NVMeVirt: WATGC_V2 sample ns=0 part=1 epoch=1 window=55 phase=measure evaluated=54 k=10 scale_pct=200 age_ratio=4 host=131098 gc_pages=97066 gc_count=3565 waf_q16=114059 best=46 next=49 settled=0 active=19
356607.742678,A,sample,18,16,,31,,,,,,1,,50,,,3778,110725,131078,,10,49,0,2,measure,,50,0,,120895,55,,[356607.742678] NVMeVirt: WATGC_V2 sample ns=0 part=2 epoch=1 window=55 phase=measure evaluated=50 k=10 scale_pct=50 age_ratio=16 host=131078 gc_pages=110725 gc_count=3778 waf_q16=120895 best=31 next=49 settled=0 active=18
356607.753892,A,sample,19,4,,46,,,,,,1,,54,,,3746,108661,131091,,10,49,0,3,measure,,200,0,,119858,55,,[356607.753892] NVMeVirt: WATGC_V2 sample ns=0 part=3 epoch=1 window=55 phase=measure evaluated=54 k=10 scale_pct=200 age_ratio=4 host=131091 gc_pages=108661 gc_count=3746 waf_q16=119858 best=46 next=49 settled=0 active=19
356624.098302,A,sample,19,7,,33,,,,,,1,,49,,,3563,96949,131079,,10,47,0,0,measure,,50,0,,114007,56,,[356624.098302] NVMeVirt: WATGC_V2 sample ns=0 part=0 epoch=1 window=56 phase=measure evaluated=49 k=10 scale_pct=50 age_ratio=7 host=131079 gc_pages=96949 gc_count=3563 waf_q16=114007 best=33 next=47 settled=0 active=19
356624.110797,A,sample,18,7,,31,,,,,,1,,49,,,3561,96819,131081,,10,32,0,2,measure,,50,0,,113942,56,,[356624.110797] NVMeVirt: WATGC_V2 sample ns=0 part=2 epoch=1 window=56 phase=measure evaluated=49 k=10 scale_pct=50 age_ratio=7 host=131081 gc_pages=96819 gc_count=3561 waf_q16=113942 best=31 next=32 settled=0 active=18
356624.138263,A,sample,19,7,,46,,,,,,1,,49,,,3684,104662,131107,,10,47,0,1,measure,,50,0,,117853,56,,[356624.138263] NVMeVirt: WATGC_V2 sample ns=0 part=1 epoch=1 window=56 phase=measure evaluated=49 k=10 scale_pct=50 age_ratio=7 host=131107 gc_pages=104662 gc_count=3684 waf_q16=117853 best=46 next=47 settled=0 active=19
356624.146481,A,sample,19,7,,46,,,,,,1,,49,,,3697,105503,131104,,10,32,0,3,measure,,50,0,,118274,56,,[356624.146481] NVMeVirt: WATGC_V2 sample ns=0 part=3 epoch=1 window=56 phase=measure evaluated=49 k=10 scale_pct=50 age_ratio=7 host=131104 gc_pages=105503 gc_count=3697 waf_q16=118274 best=46 next=32 settled=0 active=19
356640.478594,A,sample,18,16,,31,,,,,,1,,32,,,4029,126771,131089,,7,47,0,2,measure,,25,0,,128913,57,,[356640.478594] NVMeVirt: WATGC_V2 sample ns=0 part=2 epoch=1 window=57 phase=measure evaluated=32 k=7 scale_pct=25 age_ratio=16 host=131089 gc_pages=126771 gc_count=4029 waf_q16=128913 best=31 next=47 settled=0 active=18
356640.497514,A,sample,19,16,,46,,,,,,1,,32,,,4054,128363,131075,,7,47,0,3,measure,,25,0,,129716,57,,[356640.497514] NVMeVirt: WATGC_V2 sample ns=0 part=3 epoch=1 window=57 phase=measure evaluated=32 k=7 scale_pct=25 age_ratio=16 host=131075 gc_pages=128363 gc_count=4054 waf_q16=129716 best=46 next=47 settled=0 active=19
356640.521624,A,sample,19,16,,33,,,,,,1,,47,,,4100,131328,131079,,10,32,0,0,measure,,25,0,,131196,57,,[356640.521624] NVMeVirt: WATGC_V2 sample ns=0 part=0 epoch=1 window=57 phase=measure evaluated=47 k=10 scale_pct=25 age_ratio=16 host=131079 gc_pages=131328 gc_count=4100 waf_q16=131196 best=33 next=32 settled=0 active=19
356640.538055,A,sample,19,16,,46,,,,,,1,,47,,,4116,132354,131082,,10,16,0,1,measure,,25,0,,131707,57,,[356640.538055] NVMeVirt: WATGC_V2 sample ns=0 part=1 epoch=1 window=57 phase=measure evaluated=47 k=10 scale_pct=25 age_ratio=16 host=131082 gc_pages=132354 gc_count=4116 waf_q16=131707 best=46 next=16 settled=0 active=19
356656.871190,A,sample,18,16,,31,,,,,,1,,47,,,3697,105520,131075,,10,35,0,2,measure,,25,0,,118294,58,,[356656.871190] NVMeVirt: WATGC_V2 sample ns=0 part=2 epoch=1 window=58 phase=measure evaluated=47 k=10 scale_pct=25 age_ratio=16 host=131075 gc_pages=105520 gc_count=3697 waf_q16=118294 best=31 next=35 settled=0 active=18
356656.894897,A,sample,19,16,,46,,,,,,1,,47,,,3622,100705,131099,,10,35,0,3,measure,,25,0,,115878,58,,[356656.894897] NVMeVirt: WATGC_V2 sample ns=0 part=3 epoch=1 window=58 phase=measure evaluated=47 k=10 scale_pct=25 age_ratio=16 host=131099 gc_pages=100705 gc_count=3622 waf_q16=115878 best=46 next=35 settled=0 active=19
356656.900825,A,sample,19,16,,33,,,,,,1,,32,,,3742,108396,131081,,7,35,0,0,measure,,25,0,,119730,58,,[356656.900825] NVMeVirt: WATGC_V2 sample ns=0 part=0 epoch=1 window=58 phase=measure evaluated=32 k=7 scale_pct=25 age_ratio=16 host=131081 gc_pages=108396 gc_count=3742 waf_q16=119730 best=33 next=35 settled=0 active=19
356656.910578,A,sample,19,7,,46,,,,,,1,,16,,,3594,98903,131092,,4,32,0,1,measure,,25,0,,114979,58,,[356656.910578] NVMeVirt: WATGC_V2 sample ns=0 part=1 epoch=1 window=58 phase=measure evaluated=16 k=4 scale_pct=25 age_ratio=7 host=131092 gc_pages=98903 gc_count=3594 waf_q16=114979 best=46 next=32 settled=0 active=19
356673.238524,A,sample,18,16,,31,,,,,,1,,35,,,3766,109925,131080,,7,16,0,2,measure,,50,0,,120495,59,,[356673.238524] NVMeVirt: WATGC_V2 sample ns=0 part=2 epoch=1 window=59 phase=measure evaluated=35 k=7 scale_pct=50 age_ratio=16 host=131080 gc_pages=109925 gc_count=3766 waf_q16=120495 best=31 next=16 settled=0 active=18
356673.274711,A,sample,19,16,,33,,,,,,1,,35,,,3644,102135,131091,,7,16,0,0,measure,,50,0,,116596,59,,[356673.274711] NVMeVirt: WATGC_V2 sample ns=0 part=0 epoch=1 window=59 phase=measure evaluated=35 k=7 scale_pct=50 age_ratio=16 host=131091 gc_pages=102135 gc_count=3644 waf_q16=116596 best=33 next=16 settled=0 active=19
356673.275676,A,sample,19,16,,46,,,,,,1,,35,,,3779,110787,131093,,7,16,0,3,measure,,50,0,,120920,59,,[356673.275676] NVMeVirt: WATGC_V2 sample ns=0 part=3 epoch=1 window=59 phase=measure evaluated=35 k=7 scale_pct=50 age_ratio=16 host=131093 gc_pages=110787 gc_count=3779 waf_q16=120920 best=46 next=16 settled=0 active=19
356673.331627,A,sample,19,16,,46,,,,,,1,,32,,,3840,114669,131079,,7,45,0,1,measure,,25,0,,122867,59,,[356673.331627] NVMeVirt: WATGC_V2 sample ns=0 part=1 epoch=1 window=59 phase=measure evaluated=32 k=7 scale_pct=25 age_ratio=16 host=131079 gc_pages=114669 gc_count=3840 waf_q16=122867 best=46 next=45 settled=0 active=19
356689.636921,A,sample,18,7,,31,,,,,,1,,16,,,3587,98491,131079,,4,45,0,2,measure,,25,0,,114778,60,,[356689.636921] NVMeVirt: WATGC_V2 sample ns=0 part=2 epoch=1 window=60 phase=measure evaluated=16 k=4 scale_pct=25 age_ratio=7 host=131079 gc_pages=98491 gc_count=3587 waf_q16=114778 best=31 next=45 settled=0 active=18
356689.667301,A,sample,19,7,,46,,,,,,1,,16,,,3569,97337,131081,,4,45,0,3,measure,,25,0,,114201,60,,[356689.667301] NVMeVirt: WATGC_V2 sample ns=0 part=3 epoch=1 window=60 phase=measure evaluated=16 k=4 scale_pct=25 age_ratio=7 host=131081 gc_pages=97337 gc_count=3569 waf_q16=114201 best=46 next=45 settled=0 active=19
356689.667654,A,sample,19,7,,33,,,,,,1,,16,,,3605,99609,131100,,4,45,0,0,measure,,25,0,,115329,60,,[356689.667654] NVMeVirt: WATGC_V2 sample ns=0 part=0 epoch=1 window=60 phase=measure evaluated=16 k=4 scale_pct=25 age_ratio=7 host=131100 gc_pages=99609 gc_count=3605 waf_q16=115329 best=33 next=45 settled=0 active=19
356689.692318,A,sample,19,4,,46,,,,,,1,,45,,,3431,88491,131086,,10,35,0,1,measure,,25,0,,109776,60,,[356689.692318] NVMeVirt: WATGC_V2 sample ns=0 part=1 epoch=1 window=60 phase=measure evaluated=45 k=10 scale_pct=25 age_ratio=4 host=131086 gc_pages=88491 gc_count=3431 waf_q16=109776 best=46 next=35 settled=0 active=19
356706.029208,A,sample,19,4,,46,,,,,,1,,45,,,3590,98658,131102,,10,37,0,3,measure,,25,0,,114853,61,,[356706.029208] NVMeVirt: WATGC_V2 sample ns=0 part=3 epoch=1 window=61 phase=measure evaluated=45 k=10 scale_pct=25 age_ratio=4 host=131102 gc_pages=98658 gc_count=3590 waf_q16=114853 best=46 next=37 settled=0 active=19
356706.036408,A,sample,19,4,,33,,,,,,1,,45,,,3614,100205,131087,,10,37,0,0,measure,,25,0,,115632,61,,[356706.036408] NVMeVirt: WATGC_V2 sample ns=0 part=0 epoch=1 window=61 phase=measure evaluated=45 k=10 scale_pct=25 age_ratio=4 host=131087 gc_pages=100205 gc_count=3614 waf_q16=115632 best=33 next=37 settled=0 active=19
356706.048526,A,sample,18,4,,31,,,,,,1,,45,,,3596,99069,131075,,10,37,0,2,measure,,25,0,,115069,61,,[356706.048526] NVMeVirt: WATGC_V2 sample ns=0 part=2 epoch=1 window=61 phase=measure evaluated=45 k=10 scale_pct=25 age_ratio=4 host=131075 gc_pages=99069 gc_count=3596 waf_q16=115069 best=31 next=37 settled=0 active=18
356706.093249,A,sample,19,16,,46,,,,,,1,,35,,,3835,114326,131101,,7,46,0,1,measure,,50,0,,122686,61,,[356706.093249] NVMeVirt: WATGC_V2 sample ns=0 part=1 epoch=1 window=61 phase=measure evaluated=35 k=7 scale_pct=50 age_ratio=16 host=131101 gc_pages=114326 gc_count=3835 waf_q16=122686 best=46 next=46 settled=0 active=19
356722.417922,A,sample,18,7,,31,,,,,,1,,37,,,3707,106140,131102,,7,30,0,2,measure,,100,0,,118593,62,,[356722.417922] NVMeVirt: WATGC_V2 sample ns=0 part=2 epoch=1 window=62 phase=measure evaluated=37 k=7 scale_pct=100 age_ratio=7 host=131102 gc_pages=106140 gc_count=3707 waf_q16=118593 best=31 next=30 settled=0 active=18
356722.423293,A,sample,19,7,,33,,,,,,1,,37,,,3690,105041,131103,,7,19,0,0,measure,,100,0,,118044,62,,[356722.423293] NVMeVirt: WATGC_V2 sample ns=0 part=0 epoch=1 window=62 phase=measure evaluated=37 k=7 scale_pct=100 age_ratio=7 host=131103 gc_pages=105041 gc_count=3690 waf_q16=118044 best=33 next=19 settled=0 active=19
356722.455638,A,sample,19,7,,46,,,,,,1,,37,,,3699,105633,131097,,7,46,0,3,measure,,100,0,,118342,62,,[356722.455638] NVMeVirt: WATGC_V2 sample ns=0 part=3 epoch=1 window=62 phase=measure evaluated=37 k=7 scale_pct=100 age_ratio=7 host=131097 gc_pages=105633 gc_count=3699 waf_q16=118342 best=46 next=46 settled=0 active=19
356722.458188,A,sample,19,7,,46,,,,,,1,,46,,,3450,89712,131075,,10,37,0,1,measure,,25,0,,110390,62,,[356722.458188] NVMeVirt: WATGC_V2 sample ns=0 part=1 epoch=1 window=62 phase=measure evaluated=46 k=10 scale_pct=25 age_ratio=7 host=131075 gc_pages=89712 gc_count=3450 waf_q16=110390 best=46 next=37 settled=0 active=19
356738.805466,A,sample,19,7,,33,,,,,,1,,19,,,3998,124782,131089,,4,30,0,0,measure,,50,0,,127918,63,,[356738.805466] NVMeVirt: WATGC_V2 sample ns=0 part=0 epoch=1 window=63 phase=measure evaluated=19 k=4 scale_pct=50 age_ratio=7 host=131089 gc_pages=124782 gc_count=3998 waf_q16=127918 best=33 next=30 settled=0 active=19
356738.819475,A,sample,19,7,,46,,,,,,1,,37,,,3638,101732,131103,,7,19,0,1,measure,,100,0,,116389,63,,[356738.819475] NVMeVirt: WATGC_V2 sample ns=0 part=1 epoch=1 window=63 phase=measure evaluated=37 k=7 scale_pct=100 age_ratio=7 host=131103 gc_pages=101732 gc_count=3638 waf_q16=116389 best=46 next=19 settled=0 active=19
356738.836113,A,sample,19,7,,46,,,,,,1,,46,,,3810,112738,131097,,10,19,0,3,measure,,25,0,,121894,63,,[356738.836113] NVMeVirt: WATGC_V2 sample ns=0 part=3 epoch=1 window=63 phase=measure evaluated=46 k=10 scale_pct=25 age_ratio=7 host=131097 gc_pages=112738 gc_count=3810 waf_q16=121894 best=46 next=19 settled=0 active=19
356738.847028,A,sample,18,4,,31,,,,,,1,,30,,,3770,110175,131101,,7,31,0,2,measure,,25,0,,120611,63,,[356738.847028] NVMeVirt: WATGC_V2 sample ns=0 part=2 epoch=1 window=63 phase=measure evaluated=30 k=7 scale_pct=25 age_ratio=4 host=131101 gc_pages=110175 gc_count=3770 waf_q16=120611 best=31 next=31 settled=0 active=18
356755.202160,A,sample,19,4,,33,,,,,,1,,30,,,3447,89497,131098,,7,33,0,0,measure,,25,0,,110275,64,,[356755.202160] NVMeVirt: WATGC_V2 sample ns=0 part=0 epoch=1 window=64 phase=measure evaluated=30 k=7 scale_pct=25 age_ratio=4 host=131098 gc_pages=89497 gc_count=3447 waf_q16=110275 best=33 next=33 settled=0 active=19
356755.205571,A,sample,18,7,,31,,,,,,1,,31,,,3497,92702,131082,,7,48,0,2,measure,,25,0,,111883,64,,[356755.205571] NVMeVirt: WATGC_V2 sample ns=0 part=2 epoch=1 window=64 phase=measure evaluated=31 k=7 scale_pct=25 age_ratio=7 host=131082 gc_pages=92702 gc_count=3497 waf_q16=111883 best=31 next=48 settled=0 active=18
356755.208797,A,sample,19,7,,46,,,,,,1,,19,,,3680,104420,131093,,4,30,0,1,measure,,50,0,,117737,64,,[356755.208797] NVMeVirt: WATGC_V2 sample ns=0 part=1 epoch=1 window=64 phase=measure evaluated=19 k=4 scale_pct=50 age_ratio=7 host=131093 gc_pages=104420 gc_count=3680 waf_q16=117737 best=46 next=30 settled=0 active=19
356755.232913,A,sample,19,7,,46,,,,,,1,,19,,,3546,95851,131088,,4,30,0,3,measure,,50,0,,113455,64,,[356755.232913] NVMeVirt: WATGC_V2 sample ns=0 part=3 epoch=1 window=64 phase=measure evaluated=19 k=4 scale_pct=50 age_ratio=7 host=131088 gc_pages=95851 gc_count=3546 waf_q16=113455 best=46 next=30 settled=0 active=19
356771.593113,A,sample,19,4,,33,,,,,,1,,33,,,3692,105213,131076,,7,54,0,0,measure,,50,0,,118140,65,,[356771.593113] NVMeVirt: WATGC_V2 sample ns=0 part=0 epoch=1 window=65 phase=measure evaluated=33 k=7 scale_pct=50 age_ratio=4 host=131076 gc_pages=105213 gc_count=3692 waf_q16=118140 best=33 next=54 settled=0 active=19
356771.596490,A,sample,19,4,,46,,,,,,1,,30,,,3668,103667,131090,,7,50,0,3,measure,,25,0,,117362,65,,[356771.596490] NVMeVirt: WATGC_V2 sample ns=0 part=3 epoch=1 window=65 phase=measure evaluated=30 k=7 scale_pct=25 age_ratio=4 host=131090 gc_pages=103667 gc_count=3668 waf_q16=117362 best=46 next=50 settled=0 active=19
356771.601568,A,sample,19,4,,46,,,,,,1,,30,,,3642,101980,131102,,7,33,0,1,measure,,25,0,,116514,65,,[356771.601568] NVMeVirt: WATGC_V2 sample ns=0 part=1 epoch=1 window=65 phase=measure evaluated=30 k=7 scale_pct=25 age_ratio=4 host=131102 gc_pages=101980 gc_count=3642 waf_q16=116514 best=46 next=33 settled=0 active=19
356771.602000,A,sample,18,4,,31,,,,,,1,,48,,,3556,96496,131092,,10,54,0,2,measure,,50,0,,113776,65,,[356771.602000] NVMeVirt: WATGC_V2 sample ns=0 part=2 epoch=1 window=65 phase=measure evaluated=48 k=10 scale_pct=50 age_ratio=4 host=131092 gc_pages=96496 gc_count=3556 waf_q16=113776 best=31 next=54 settled=0 active=18
356780.710984,A,summary,,4,,33,114162,1,1,54,0,1,65,,,,,,,,7,,0,0,2,,50,0,45,,,65,[356780.710984] NVMeVirt: WATGC_V2 summary ns=0 part=0 epoch=1 windows=65 epoch_windows=65 discarded=0 visited=45 covered=1 settled=0 phase=2 current=54 best=33 k=7 scale_pct=50 age_ratio=4 best_waf_valid=1 best_waf_q16=114162
356780.710993,A,summary,,7,,46,110612,1,1,33,0,1,65,,,,,,,,10,,0,1,2,,25,0,45,,,65,[356780.710993] NVMeVirt: WATGC_V2 summary ns=0 part=1 epoch=1 windows=65 epoch_windows=65 discarded=0 visited=45 covered=1 settled=0 phase=2 current=33 best=46 k=10 scale_pct=25 age_ratio=7 best_waf_valid=1 best_waf_q16=110612
356780.711000,A,summary,,7,,31,111929,1,1,54,0,1,65,,,,,,,,7,,0,2,2,,25,0,45,,,65,[356780.711000] NVMeVirt: WATGC_V2 summary ns=0 part=2 epoch=1 windows=65 epoch_windows=65 discarded=0 visited=45 covered=1 settled=0 phase=2 current=54 best=31 k=7 scale_pct=25 age_ratio=7 best_waf_valid=1 best_waf_q16=111929
356780.711006,A,summary,,7,,46,114757,1,1,50,0,1,65,,,,,,,,10,,0,3,2,,25,0,45,,,65,[356780.711006] NVMeVirt: WATGC_V2 summary ns=0 part=3 epoch=1 windows=65 epoch_windows=65 discarded=0 visited=45 covered=1 settled=0 phase=2 current=50 best=46 k=10 scale_pct=25 age_ratio=7 best_waf_valid=1 best_waf_q16=114757
