001	test2	25	4	1
002	test3	25	4	1
003	test2	100	7	1
004	test2	400	16	1
005	test3	400	16	1
006	test2	100	4	1
007	test3	100	4	1
008	test2	400	7	1
009	test3	400	7	1
010	test2	50	16	1
011	test3	50	16	1
012	test2	400	4	1
013	test3	400	4	1
014	test2	50	7	1
015	test3	50	7	1
016	test2	200	16	1
017	test3	200	16	1
018	test2	50	4	1
019	test3	50	4	1
020	test2	200	7	1
021	test3	200	7	1
022	test2	25	16	1
023	test3	25	16	1
024	test2	200	4	1
025	test3	200	4	1
026	test2	25	7	1
027	test3	25	7	1
028	test2	100	16	1
029	test3	100	16	1
030	test2	50	16	2
031	test3	50	16	2
032	test2	400	4	2
033	test3	400	4	2
034	test2	50	7	2
035	test3	50	7	2
036	test2	200	16	2
037	test3	200	16	2
038	test2	50	4	2
039	test3	50	4	2
040	test2	200	7	2
041	test3	200	7	2
042	test2	25	16	2
043	test3	25	16	2
044	test2	200	4	2
045	test3	200	4	2
046	test2	25	7	2
047	test3	25	7	2
048	test2	100	16	2
049	test3	100	16	2
050	test2	25	4	2
051	test3	25	4	2
052	test2	100	7	2
053	test2	400	16	2
054	test3	400	16	2
055	test2	100	4	2
056	test3	100	4	2
057	test2	400	7	2
058	test3	400	7	2
059	test2	200	7	3
060	test3	200	7	3
061	test2	25	16	3
062	test3	25	16	3
063	test2	200	4	3
064	test3	200	4	3
065	test2	25	7	3
066	test3	25	7	3
067	test2	100	16	3
068	test3	100	16	3
069	test2	25	4	3
070	test3	25	4	3
071	test2	100	7	3
072	test2	400	16	3
073	test3	400	16	3
074	test2	100	4	3
075	test3	100	4	3
076	test2	400	7	3
077	test3	400	7	3
078	test2	50	16	3
079	test3	50	16	3
080	test2	400	4	3
081	test3	400	4	3
082	test2	50	7	3
083	test3	50	7	3
084	test2	200	16	3
085	test3	200	16	3
086	test2	50	4	3
087	test3	50	4	3
