unix_timestamp,iso_time,elapsed_measured_seconds,phase,epoch,active,host_bytes,host_pages,gc_pages,cumulative_waf,sample_status,source
1790951635,2026-10-02T23:33:55+09:00,,preparation,0,0,0,0,0,,inactive_or_zero,/home/oy/iCAT/result/mixO-arm37-tenhour-20261002/mixO-arm37-rep1/control-series.txt
1790951665,2026-10-02T23:34:25+09:00,,preparation,0,0,0,0,0,,inactive_or_zero,/home/oy/iCAT/result/mixO-arm37-tenhour-20261002/mixO-arm37-rep1/control-series.txt
1790951695,2026-10-02T23:34:55+09:00,,preparation,0,0,0,0,0,,inactive_or_zero,/home/oy/iCAT/result/mixO-arm37-tenhour-20261002/mixO-arm37-rep1/control-series.txt
1790951725,2026-10-02T23:35:25+09:00,8.0,OLTP,1,1,1389232128,339168,339905,2.0021729644306068,active_cumulative,/home/oy/iCAT/result/mixO-arm37-tenhour-20261002/mixO-arm37-rep1/control-series.txt
1790951755,2026-10-02T23:35:55+09:00,38.0,OLTP,1,1,5511688192,1345627,882473,1.6558080359564724,active_cumulative,/home/oy/iCAT/result/mixO-arm37-tenhour-20261002/mixO-arm37-rep1/control-series.txt
1790951785,2026-10-02T23:36:25+09:00,68.0,OLTP,1,1,9484062720,2315445,1287227,1.5559307174214891,active_cumulative,/home/oy/iCAT/result/mixO-arm37-tenhour-20261002/mixO-arm37-rep1/control-series.txt
1790951815,2026-10-02T23:36:55+09:00,98.0,OLTP,1,1,14367633408,3507723,1824557,1.5201542425100272,active_cumulative,/home/oy/iCAT/result/mixO-arm37-tenhour-20261002/mixO-arm37-rep1/control-series.txt
1790951845,2026-10-02T23:37:25+09:00,128.0,OLTP,1,1,19235545088,4696178,2352962,1.5010376523206745,active_cumulative,/home/oy/iCAT/result/mixO-arm37-tenhour-20261002/mixO-arm37-rep1/control-series.txt
1790951875,2026-10-02T23:37:55+09:00,158.0,OLTP,1,1,24152530944,5896614,2874585,1.4874975706396927,active_cumulative,/home/oy/iCAT/result/mixO-arm37-tenhour-20261002/mixO-arm37-rep1/control-series.txt
1790951905,2026-10-02T23:38:25+09:00,188.0,OLTP,1,1,29042409472,7090432,3400365,1.479570920361411,active_cumulative,/home/oy/iCAT/result/mixO-arm37-tenhour-20261002/mixO-arm37-rep1/control-series.txt
1790951935,2026-10-02T23:38:55+09:00,218.0,OLTP,1,1,33946783744,8287789,3918870,1.47284866928924,active_cumulative,/home/oy/iCAT/result/mixO-arm37-tenhour-20261002/mixO-arm37-rep1/control-series.txt
1790951965,2026-10-02T23:39:25+09:00,248.0,OLTP,1,1,38750212096,9460501,4425556,1.467792984747848,active_cumulative,/home/oy/iCAT/result/mixO-arm37-tenhour-20261002/mixO-arm37-rep1/control-series.txt
1790951995,2026-10-02T23:39:55+09:00,278.0,OLTP,1,1,43721895936,10674291,4939624,1.462758978558857,active_cumulative,/home/oy/iCAT/result/mixO-arm37-tenhour-20261002/mixO-arm37-rep1/control-series.txt
1790952025,2026-10-02T23:40:25+09:00,308.0,OLTP,1,1,48655532032,11878792,5447227,1.4585674199868135,active_cumulative,/home/oy/iCAT/result/mixO-arm37-tenhour-20261002/mixO-arm37-rep1/control-series.txt
1790952055,2026-10-02T23:40:55+09:00,338.0,OLTP,1,1,53643014144,13096439,5961442,1.455195645167362,active_cumulative,/home/oy/iCAT/result/mixO-arm37-tenhour-20261002/mixO-arm37-rep1/control-series.txt
1790952086,2026-10-02T23:41:26+09:00,369.0,OLTP,1,1,58457391104,14271824,6469179,1.4532832663855721,active_cumulative,/home/oy/iCAT/result/mixO-arm37-tenhour-20261002/mixO-arm37-rep1/control-series.txt
1790952116,2026-10-02T23:41:56+09:00,399.0,OLTP,1,1,63408357376,15480556,6962778,1.4497757057304659,active_cumulative,/home/oy/iCAT/result/mixO-arm37-tenhour-20261002/mixO-arm37-rep1/control-series.txt
1790952146,2026-10-02T23:42:26+09:00,429.0,OLTP,1,1,68257521664,16664434,7439758,1.446445285810487,active_cumulative,/home/oy/iCAT/result/mixO-arm37-tenhour-20261002/mixO-arm37-rep1/control-series.txt
1790952176,2026-10-02T23:42:56+09:00,459.0,OLTP,1,1,73104592896,17847801,7910530,1.44322154869387,active_cumulative,/home/oy/iCAT/result/mixO-arm37-tenhour-20261002/mixO-arm37-rep1/control-series.txt
1790952206,2026-10-02T23:43:26+09:00,489.0,OLTP,1,1,78031712256,19050711,8385447,1.4401645166944164,active_cumulative,/home/oy/iCAT/result/mixO-arm37-tenhour-20261002/mixO-arm37-rep1/control-series.txt
1790952236,2026-10-02T23:43:56+09:00,519.0,OLTP,1,1,82901766144,20239689,8851868,1.437351977098067,active_cumulative,/home/oy/iCAT/result/mixO-arm37-tenhour-20261002/mixO-arm37-rep1/control-series.txt
1790952266,2026-10-02T23:44:26+09:00,549.0,OLTP,1,1,87803305984,21436354,9324564,1.43498833803547,active_cumulative,/home/oy/iCAT/result/mixO-arm37-tenhour-20261002/mixO-arm37-rep1/control-series.txt
1790952296,2026-10-02T23:44:56+09:00,579.0,OLTP,1,1,92704456704,22632924,9792482,1.432665350707668,active_cumulative,/home/oy/iCAT/result/mixO-arm37-tenhour-20261002/mixO-arm37-rep1/control-series.txt
1790952326,2026-10-02T23:45:26+09:00,609.0,OLTP,1,1,97586470912,23824822,10258716,1.4305894079712327,active_cumulative,/home/oy/iCAT/result/mixO-arm37-tenhour-20261002/mixO-arm37-rep1/control-series.txt
1790952356,2026-10-02T23:45:56+09:00,639.0,OLTP,1,1,101944766464,24888859,10654312,1.4280755497871558,active_cumulative,/home/oy/iCAT/result/mixO-arm37-tenhour-20261002/mixO-arm37-rep1/control-series.txt
1790952386,2026-10-02T23:46:26+09:00,669.0,OLTP,1,1,105961836544,25869589,10990859,1.424856343871563,active_cumulative,/home/oy/iCAT/result/mixO-arm37-tenhour-20261002/mixO-arm37-rep1/control-series.txt
1790952416,2026-10-02T23:46:56+09:00,699.0,OLTP,1,1,110785445888,27047228,11422901,1.422331671105076,active_cumulative,/home/oy/iCAT/result/mixO-arm37-tenhour-20261002/mixO-arm37-rep1/control-series.txt
1790952446,2026-10-02T23:47:26+09:00,729.0,OLTP,1,1,115584278528,28218818,11852324,1.4200148992774964,active_cumulative,/home/oy/iCAT/result/mixO-arm37-tenhour-20261002/mixO-arm37-rep1/control-series.txt
1790952476,2026-10-02T23:47:56+09:00,759.0,OLTP,1,1,120574959616,29437246,12301506,1.4178891598758931,active_cumulative,/home/oy/iCAT/result/mixO-arm37-tenhour-20261002/mixO-arm37-rep1/control-series.txt
1790952506,2026-10-02T23:48:26+09:00,789.0,OLTP,1,1,125503578112,30640522,12736549,1.4156766324020198,active_cumulative,/home/oy/iCAT/result/mixO-arm37-tenhour-20261002/mixO-arm37-rep1/control-series.txt
1790952536,2026-10-02T23:48:56+09:00,819.0,OLTP,1,1,130473934848,31853988,13173023,1.4135439179546372,active_cumulative,/home/oy/iCAT/result/mixO-arm37-tenhour-20261002/mixO-arm37-rep1/control-series.txt
1790952566,2026-10-02T23:49:26+09:00,849.0,OLTP,1,1,135283671040,33028240,13593660,1.411576880875275,active_cumulative,/home/oy/iCAT/result/mixO-arm37-tenhour-20261002/mixO-arm37-rep1/control-series.txt
1790952596,2026-10-02T23:49:56+09:00,879.0,OLTP,1,1,140051132416,34192171,14005743,1.409618418204565,active_cumulative,/home/oy/iCAT/result/mixO-arm37-tenhour-20261002/mixO-arm37-rep1/control-series.txt
1790952626,2026-10-02T23:50:26+09:00,909.0,OLTP,1,1,144837271552,35360662,14417629,1.407730743276243,active_cumulative,/home/oy/iCAT/result/mixO-arm37-tenhour-20261002/mixO-arm37-rep1/control-series.txt
1790952656,2026-10-02T23:50:56+09:00,939.0,OLTP,1,1,149558919168,36513408,14818443,1.4058356590543397,active_cumulative,/home/oy/iCAT/result/mixO-arm37-tenhour-20261002/mixO-arm37-rep1/control-series.txt
1790952686,2026-10-02T23:51:26+09:00,969.0,OLTP,1,1,154253828096,37659626,15210886,1.4039043297987082,active_cumulative,/home/oy/iCAT/result/mixO-arm37-tenhour-20261002/mixO-arm37-rep1/control-series.txt
1790952716,2026-10-02T23:51:56+09:00,999.0,OLTP,1,1,158905344000,38795250,15599412,1.4020959266920563,active_cumulative,/home/oy/iCAT/result/mixO-arm37-tenhour-20261002/mixO-arm37-rep1/control-series.txt
1790952746,2026-10-02T23:52:26+09:00,1029.0,OLTP,1,1,163628281856,39948311,15993544,1.4003559499674467,active_cumulative,/home/oy/iCAT/result/mixO-arm37-tenhour-20261002/mixO-arm37-rep1/control-series.txt
1790952776,2026-10-02T23:52:56+09:00,1059.0,OLTP,1,1,168340475904,41098749,16378693,1.3985204756475678,active_cumulative,/home/oy/iCAT/result/mixO-arm37-tenhour-20261002/mixO-arm37-rep1/control-series.txt
1790952806,2026-10-02T23:53:26+09:00,1089.0,OLTP,1,1,173161947136,42275866,16772300,1.3967346286886233,active_cumulative,/home/oy/iCAT/result/mixO-arm37-tenhour-20261002/mixO-arm37-rep1/control-series.txt
1790952836,2026-10-02T23:53:56+09:00,1119.0,OLTP,1,1,178109562880,43483780,17178601,1.3950576743788143,active_cumulative,/home/oy/iCAT/result/mixO-arm37-tenhour-20261002/mixO-arm37-rep1/control-series.txt
1790952866,2026-10-02T23:54:26+09:00,1149.0,OLTP,1,1,183013044224,44680919,17581616,1.3934927121798903,active_cumulative,/home/oy/iCAT/result/mixO-arm37-tenhour-20261002/mixO-arm37-rep1/control-series.txt
1790952896,2026-10-02T23:54:56+09:00,1179.0,OLTP,1,1,187898630144,45873689,17976486,1.3918692041531693,active_cumulative,/home/oy/iCAT/result/mixO-arm37-tenhour-20261002/mixO-arm37-rep1/control-series.txt
1790952927,2026-10-02T23:55:27+09:00,1210.0,OLTP,1,1,192705826816,47047321,18365746,1.390367519544843,active_cumulative,/home/oy/iCAT/result/mixO-arm37-tenhour-20261002/mixO-arm37-rep1/control-series.txt
1790952957,2026-10-02T23:55:57+09:00,1240.0,OLTP,1,1,197604290560,48243235,18764593,1.3889580166006694,active_cumulative,/home/oy/iCAT/result/mixO-arm37-tenhour-20261002/mixO-arm37-rep1/control-series.txt
1790952987,2026-10-02T23:56:27+09:00,1270.0,OLTP,1,1,202524774400,49444525,19160129,1.3875075956336924,active_cumulative,/home/oy/iCAT/result/mixO-arm37-tenhour-20261002/mixO-arm37-rep1/control-series.txt
1790953017,2026-10-02T23:56:57+09:00,1300.0,OLTP,1,1,207472861184,50652554,19561383,1.3861874960934841,active_cumulative,/home/oy/iCAT/result/mixO-arm37-tenhour-20261002/mixO-arm37-rep1/control-series.txt
1790953047,2026-10-02T23:57:27+09:00,1330.0,OLTP,1,1,212449955840,51867665,19963513,1.3848932277942336,active_cumulative,/home/oy/iCAT/result/mixO-arm37-tenhour-20261002/mixO-arm37-rep1/control-series.txt
1790953077,2026-10-02T23:57:57+09:00,1360.0,OLTP,1,1,217280933888,53047103,20351811,1.3836554655963023,active_cumulative,/home/oy/iCAT/result/mixO-arm37-tenhour-20261002/mixO-arm37-rep1/control-series.txt
1790953107,2026-10-02T23:58:27+09:00,1390.0,OLTP,1,1,221970264064,54191959,20720880,1.3823607852965787,active_cumulative,/home/oy/iCAT/result/mixO-arm37-tenhour-20261002/mixO-arm37-rep1/control-series.txt
1790953137,2026-10-02T23:58:57+09:00,1420.0,OLTP,1,1,226668376064,55338959,21089753,1.3811013683867817,active_cumulative,/home/oy/iCAT/result/mixO-arm37-tenhour-20261002/mixO-arm37-rep1/control-series.txt
1790953167,2026-10-02T23:59:27+09:00,1450.0,OLTP,1,1,231292010496,56467776,21452008,1.379898227265051,active_cumulative,/home/oy/iCAT/result/mixO-arm37-tenhour-20261002/mixO-arm37-rep1/control-series.txt
1790953197,2026-10-02T23:59:57+09:00,1480.0,OLTP,1,1,235503300608,57495923,21769373,1.378624637437336,active_cumulative,/home/oy/iCAT/result/mixO-arm37-tenhour-20261002/mixO-arm37-rep1/control-series.txt
1790953227,2026-10-03T00:00:27+09:00,1510.0,OLTP,1,1,239526146048,58478063,22065072,1.377322210552699,active_cumulative,/home/oy/iCAT/result/mixO-arm37-tenhour-20261002/mixO-arm37-rep1/control-series.txt
1790953257,2026-10-03T00:00:57+09:00,1540.0,OLTP,1,1,243571720192,59465752,22363160,1.376067891985962,active_cumulative,/home/oy/iCAT/result/mixO-arm37-tenhour-20261002/mixO-arm37-rep1/control-series.txt
1790953287,2026-10-03T00:01:27+09:00,1570.0,OLTP,1,1,247437332480,60409505,22645643,1.3748688720425701,active_cumulative,/home/oy/iCAT/result/mixO-arm37-tenhour-20261002/mixO-arm37-rep1/control-series.txt
1790953317,2026-10-03T00:01:57+09:00,1600.0,OLTP,1,1,251308306432,61354567,22929192,1.3737161408049705,active_cumulative,/home/oy/iCAT/result/mixO-arm37-tenhour-20261002/mixO-arm37-rep1/control-series.txt
1790953347,2026-10-03T00:02:27+09:00,1630.0,OLTP,1,1,255863193600,62466600,23277175,1.3726339355751713,active_cumulative,/home/oy/iCAT/result/mixO-arm37-tenhour-20261002/mixO-arm37-rep1/control-series.txt
1790953377,2026-10-03T00:02:57+09:00,1660.0,OLTP,1,1,259937042432,63461192,23572159,1.3714421090609203,active_cumulative,/home/oy/iCAT/result/mixO-arm37-tenhour-20261002/mixO-arm37-rep1/control-series.txt
1790953407,2026-10-03T00:03:27+09:00,1690.0,OLTP,1,1,263954288640,64441965,23866567,1.3703575302211843,active_cumulative,/home/oy/iCAT/result/mixO-arm37-tenhour-20261002/mixO-arm37-rep1/control-series.txt
1790953437,2026-10-03T00:03:57+09:00,1720.0,OLTP,1,1,268342411264,65513284,24191750,1.3692648043715836,active_cumulative,/home/oy/iCAT/result/mixO-arm37-tenhour-20261002/mixO-arm37-rep1/control-series.txt
1790953467,2026-10-03T00:04:27+09:00,1750.0,OLTP,1,1,273342705664,66734059,24582690,1.3683679723422788,active_cumulative,/home/oy/iCAT/result/mixO-arm37-tenhour-20261002/mixO-arm37-rep1/control-series.txt
1790953497,2026-10-03T00:04:57+09:00,1780.0,OLTP,1,1,278052880384,67884004,24942490,1.3674280910124277,active_cumulative,/home/oy/iCAT/result/mixO-arm37-tenhour-20261002/mixO-arm37-rep1/control-series.txt
1790953527,2026-10-03T00:05:27+09:00,1810.0,OLTP,1,1,283076059136,69110366,25335643,1.3665968575539016,active_cumulative,/home/oy/iCAT/result/mixO-arm37-tenhour-20261002/mixO-arm37-rep1/control-series.txt
1790953557,2026-10-03T00:05:57+09:00,1840.0,OLTP,1,1,288155742208,70350523,25733958,1.3657962571223528,active_cumulative,/home/oy/iCAT/result/mixO-arm37-tenhour-20261002/mixO-arm37-rep1/control-series.txt
1790953587,2026-10-03T00:06:27+09:00,1870.0,OLTP,1,1,293191274496,71579901,26124801,1.3649739750268723,active_cumulative,/home/oy/iCAT/result/mixO-arm37-tenhour-20261002/mixO-arm37-rep1/control-series.txt
1790953617,2026-10-03T00:06:57+09:00,1900.0,OLTP,1,1,298217787392,72807077,26513640,1.364162950807653,active_cumulative,/home/oy/iCAT/result/mixO-arm37-tenhour-20261002/mixO-arm37-rep1/control-series.txt
1790953647,2026-10-03T00:07:27+09:00,1930.0,OLTP,1,1,303260983296,74038326,26901983,1.3633521238716284,active_cumulative,/home/oy/iCAT/result/mixO-arm37-tenhour-20261002/mixO-arm37-rep1/control-series.txt
1790953677,2026-10-03T00:07:57+09:00,1960.0,OLTP,1,1,308286631936,75265291,27289680,1.3625798776224753,active_cumulative,/home/oy/iCAT/result/mixO-arm37-tenhour-20261002/mixO-arm37-rep1/control-series.txt
1790953707,2026-10-03T00:08:27+09:00,1990.0,OLTP,1,1,313327812608,76496048,27675516,1.3617901411063746,active_cumulative,/home/oy/iCAT/result/mixO-arm37-tenhour-20261002/mixO-arm37-rep1/control-series.txt
1790953738,2026-10-03T00:08:58+09:00,2021.0,OLTP,1,1,318547005440,77770265,28084322,1.361119021518057,active_cumulative,/home/oy/iCAT/result/mixO-arm37-tenhour-20261002/mixO-arm37-rep1/control-series.txt
1790953768,2026-10-03T00:09:28+09:00,2051.0,OLTP,1,1,323724283904,79034249,28492210,1.3605045959252424,active_cumulative,/home/oy/iCAT/result/mixO-arm37-tenhour-20261002/mixO-arm37-rep1/control-series.txt
1790953798,2026-10-03T00:09:58+09:00,2081.0,OLTP,1,1,328966262784,80314029,28901534,1.3598566073680602,active_cumulative,/home/oy/iCAT/result/mixO-arm37-tenhour-20261002/mixO-arm37-rep1/control-series.txt
1790953828,2026-10-03T00:10:28+09:00,2111.0,OLTP,1,1,334185562112,81588272,29311473,1.3592608628848029,active_cumulative,/home/oy/iCAT/result/mixO-arm37-tenhour-20261002/mixO-arm37-rep1/control-series.txt
1790953858,2026-10-03T00:10:58+09:00,2141.0,OLTP,1,1,339442700288,82871753,29722140,1.3586522418561606,active_cumulative,/home/oy/iCAT/result/mixO-arm37-tenhour-20261002/mixO-arm37-rep1/control-series.txt
1790953888,2026-10-03T00:11:28+09:00,2171.0,OLTP,1,1,344811839488,84182578,30142147,1.3580568297635172,active_cumulative,/home/oy/iCAT/result/mixO-arm37-tenhour-20261002/mixO-arm37-rep1/control-series.txt
1790953918,2026-10-03T00:11:58+09:00,2201.0,OLTP,1,1,350113320960,85476885,30551307,1.357421857382847,active_cumulative,/home/oy/iCAT/result/mixO-arm37-tenhour-20261002/mixO-arm37-rep1/control-series.txt
1790953948,2026-10-03T00:12:28+09:00,2231.0,OLTP,1,1,355348754432,86755067,30954496,1.3568033207789465,active_cumulative,/home/oy/iCAT/result/mixO-arm37-tenhour-20261002/mixO-arm37-rep1/control-series.txt
1790953978,2026-10-03T00:12:58+09:00,2261.0,OLTP,1,1,360557617152,88026762,31355997,1.3562098194637673,active_cumulative,/home/oy/iCAT/result/mixO-arm37-tenhour-20261002/mixO-arm37-rep1/control-series.txt
1790954008,2026-10-03T00:13:28+09:00,2291.0,OLTP,1,1,365775663104,89300699,31755875,1.355606119051767,active_cumulative,/home/oy/iCAT/result/mixO-arm37-tenhour-20261002/mixO-arm37-rep1/control-series.txt
1790954038,2026-10-03T00:13:58+09:00,2321.0,OLTP,1,1,371047497728,90587768,32158402,1.3549971779854428,active_cumulative,/home/oy/iCAT/result/mixO-arm37-tenhour-20261002/mixO-arm37-rep1/control-series.txt
1790954068,2026-10-03T00:14:28+09:00,2351.0,OLTP,1,1,376358453248,91884388,32566223,1.3544260750803498,active_cumulative,/home/oy/iCAT/result/mixO-arm37-tenhour-20261002/mixO-arm37-rep1/control-series.txt
1790954098,2026-10-03T00:14:58+09:00,2381.0,OLTP,1,1,381655433216,93177596,32976332,1.3539083794349018,active_cumulative,/home/oy/iCAT/result/mixO-arm37-tenhour-20261002/mixO-arm37-rep1/control-series.txt
1790954128,2026-10-03T00:15:28+09:00,2411.0,OLTP,1,1,386952011776,94470706,33383347,1.3533724729441525,active_cumulative,/home/oy/iCAT/result/mixO-arm37-tenhour-20261002/mixO-arm37-rep1/control-series.txt
1790954158,2026-10-03T00:15:58+09:00,2441.0,OLTP,1,1,392194228224,95750544,33784789,1.3528417446902443,active_cumulative,/home/oy/iCAT/result/mixO-arm37-tenhour-20261002/mixO-arm37-rep1/control-series.txt
1790954188,2026-10-03T00:16:28+09:00,2471.0,OLTP,1,1,397466251264,97037659,34191117,1.3523489473298196,active_cumulative,/home/oy/iCAT/result/mixO-arm37-tenhour-20261002/mixO-arm37-rep1/control-series.txt
1790954218,2026-10-03T00:16:58+09:00,2501.0,OLTP,1,1,402746822656,98326861,34594459,1.351831215276973,active_cumulative,/home/oy/iCAT/result/mixO-arm37-tenhour-20261002/mixO-arm37-rep1/control-series.txt
1790954248,2026-10-03T00:17:28+09:00,2531.0,OLTP,1,1,408062377984,99624604,35000625,1.3513251104114803,active_cumulative,/home/oy/iCAT/result/mixO-arm37-tenhour-20261002/mixO-arm37-rep1/control-series.txt
1790954278,2026-10-03T00:17:58+09:00,2561.0,OLTP,1,1,413351657472,100915932,35404678,1.350833384762279,active_cumulative,/home/oy/iCAT/result/mixO-arm37-tenhour-20261002/mixO-arm37-rep1/control-series.txt
1790954308,2026-10-03T00:18:28+09:00,2591.0,OLTP,1,1,418714152960,102225135,35815002,1.3503541668103447,active_cumulative,/home/oy/iCAT/result/mixO-arm37-tenhour-20261002/mixO-arm37-rep1/control-series.txt
1790954338,2026-10-03T00:18:58+09:00,2621.0,OLTP,1,1,423996809216,103514846,36218843,1.3498903239444515,active_cumulative,/home/oy/iCAT/result/mixO-arm37-tenhour-20261002/mixO-arm37-rep1/control-series.txt
1790954368,2026-10-03T00:19:28+09:00,2651.0,OLTP,1,1,429251272704,104797674,36617758,1.3494138429064753,active_cumulative,/home/oy/iCAT/result/mixO-arm37-tenhour-20261002/mixO-arm37-rep1/control-series.txt
1790954398,2026-10-03T00:19:58+09:00,2681.0,OLTP,1,1,434580107264,106098659,37027996,1.348995890702068,active_cumulative,/home/oy/iCAT/result/mixO-arm37-tenhour-20261002/mixO-arm37-rep1/control-series.txt
1790954428,2026-10-03T00:20:28+09:00,2711.0,OLTP,1,1,439842611200,107383450,37426581,1.3485321155168697,active_cumulative,/home/oy/iCAT/result/mixO-arm37-tenhour-20261002/mixO-arm37-rep1/control-series.txt
1790954458,2026-10-03T00:20:58+09:00,2741.0,OLTP,1,1,445102665728,108667643,37823194,1.3480630752247014,active_cumulative,/home/oy/iCAT/result/mixO-arm37-tenhour-20261002/mixO-arm37-rep1/control-series.txt
1790954488,2026-10-03T00:21:28+09:00,2771.0,OLTP,1,1,450282864640,109932340,38213971,1.3476135502983015,active_cumulative,/home/oy/iCAT/result/mixO-arm37-tenhour-20261002/mixO-arm37-rep1/control-series.txt
1790954518,2026-10-03T00:21:58+09:00,2801.0,OLTP,1,1,455513501696,111209351,38606193,1.3471488022621407,active_cumulative,/home/oy/iCAT/result/mixO-arm37-tenhour-20261002/mixO-arm37-rep1/control-series.txt
1790954548,2026-10-03T00:22:28+09:00,2831.0,OLTP,1,1,460723589120,112481345,38996495,1.3466930005148854,active_cumulative,/home/oy/iCAT/result/mixO-arm37-tenhour-20261002/mixO-arm37-rep1/control-series.txt
1790954578,2026-10-03T00:22:58+09:00,2861.0,OLTP,1,1,465980076032,113764667,39390095,1.3462419047910543,active_cumulative,/home/oy/iCAT/result/mixO-arm37-tenhour-20261002/mixO-arm37-rep1/control-series.txt
1790954608,2026-10-03T00:23:28+09:00,2891.0,OLTP,1,1,471207501824,115040894,39779887,1.3457890982662217,active_cumulative,/home/oy/iCAT/result/mixO-arm37-tenhour-20261002/mixO-arm37-rep1/control-series.txt
1790954638,2026-10-03T00:23:58+09:00,2921.0,OLTP,1,1,476461166592,116323527,40177828,1.3453972643040646,active_cumulative,/home/oy/iCAT/result/mixO-arm37-tenhour-20261002/mixO-arm37-rep1/control-series.txt
1790954668,2026-10-03T00:24:28+09:00,2951.0,OLTP,1,1,481696530432,117601692,40572946,1.345003080397857,active_cumulative,/home/oy/iCAT/result/mixO-arm37-tenhour-20261002/mixO-arm37-rep1/control-series.txt
1790954698,2026-10-03T00:24:58+09:00,2981.0,OLTP,1,1,486972358656,118889736,40965019,1.3445631252810588,active_cumulative,/home/oy/iCAT/result/mixO-arm37-tenhour-20261002/mixO-arm37-rep1/control-series.txt
1790954728,2026-10-03T00:25:28+09:00,3011.0,OLTP,1,1,492158615552,120155912,41349206,1.3441296005476617,active_cumulative,/home/oy/iCAT/result/mixO-arm37-tenhour-20261002/mixO-arm37-rep1/control-series.txt
1790954758,2026-10-03T00:25:58+09:00,3041.0,OLTP,1,1,497435529216,121444221,41740648,1.3437022170038047,active_cumulative,/home/oy/iCAT/result/mixO-arm37-tenhour-20261002/mixO-arm37-rep1/control-series.txt
1790954788,2026-10-03T00:26:28+09:00,3071.0,OLTP,1,1,502676807680,122723830,42128948,1.3432825393405665,active_cumulative,/home/oy/iCAT/result/mixO-arm37-tenhour-20261002/mixO-arm37-rep1/control-series.txt
1790954818,2026-10-03T00:26:58+09:00,3101.0,OLTP,1,1,507941285888,124009103,42519785,1.3428763209423424,active_cumulative,/home/oy/iCAT/result/mixO-arm37-tenhour-20261002/mixO-arm37-rep1/control-series.txt
1790954849,2026-10-03T00:27:29+09:00,3132.0,OLTP,1,1,513130491904,125275999,42908760,1.3425138122426787,active_cumulative,/home/oy/iCAT/result/mixO-arm37-tenhour-20261002/mixO-arm37-rep1/control-series.txt
1790954879,2026-10-03T00:27:59+09:00,3162.0,OLTP,1,1,518335062016,126546646,43295686,1.3421322284590618,active_cumulative,/home/oy/iCAT/result/mixO-arm37-tenhour-20261002/mixO-arm37-rep1/control-series.txt
1790954909,2026-10-03T00:28:29+09:00,3192.0,OLTP,1,1,523509567488,127809953,43677415,1.3417371963199143,active_cumulative,/home/oy/iCAT/result/mixO-arm37-tenhour-20261002/mixO-arm37-rep1/control-series.txt
1790954939,2026-10-03T00:28:59+09:00,3222.0,OLTP,1,1,528715489280,129080930,44066340,1.3413853618811082,active_cumulative,/home/oy/iCAT/result/mixO-arm37-tenhour-20261002/mixO-arm37-rep1/control-series.txt
1790954969,2026-10-03T00:29:29+09:00,3252.0,OLTP,1,1,533909860352,130349087,44451435,1.341018383964592,active_cumulative,/home/oy/iCAT/result/mixO-arm37-tenhour-20261002/mixO-arm37-rep1/control-series.txt
1790954999,2026-10-03T00:29:59+09:00,3282.0,OLTP,1,1,539199463424,131640494,44842475,1.340643472516899,active_cumulative,/home/oy/iCAT/result/mixO-arm37-tenhour-20261002/mixO-arm37-rep1/control-series.txt
1790955029,2026-10-03T00:30:29+09:00,3312.0,OLTP,1,1,544373727232,132903742,45223867,1.3402753475519147,active_cumulative,/home/oy/iCAT/result/mixO-arm37-tenhour-20261002/mixO-arm37-rep1/control-series.txt
1790955059,2026-10-03T00:30:59+09:00,3342.0,OLTP,1,1,549563830272,134170857,45612257,1.3399565152960156,active_cumulative,/home/oy/iCAT/result/mixO-arm37-tenhour-20261002/mixO-arm37-rep1/control-series.txt
1790955089,2026-10-03T00:31:29+09:00,3372.0,OLTP,1,1,554763579392,135440327,45998583,1.3396225040124128,active_cumulative,/home/oy/iCAT/result/mixO-arm37-tenhour-20261002/mixO-arm37-rep1/control-series.txt
1790955119,2026-10-03T00:31:59+09:00,3402.0,OLTP,1,1,559948767232,136706242,46382786,1.3392879894979486,active_cumulative,/home/oy/iCAT/result/mixO-arm37-tenhour-20261002/mixO-arm37-rep1/control-series.txt
1790955149,2026-10-03T00:32:29+09:00,3432.0,OLTP,1,1,565148270592,137975652,46771441,1.3389832939510227,active_cumulative,/home/oy/iCAT/result/mixO-arm37-tenhour-20261002/mixO-arm37-rep1/control-series.txt
1790955179,2026-10-03T00:32:59+09:00,3462.0,OLTP,1,1,570368823296,139250201,47159976,1.3386707930137924,active_cumulative,/home/oy/iCAT/result/mixO-arm37-tenhour-20261002/mixO-arm37-rep1/control-series.txt
1790955209,2026-10-03T00:33:29+09:00,3492.0,OLTP,1,1,575666368512,140543547,47556998,1.3383790932784698,active_cumulative,/home/oy/iCAT/result/mixO-arm37-tenhour-20261002/mixO-arm37-rep1/control-series.txt
1790955239,2026-10-03T00:33:59+09:00,3522.0,OLTP,1,1,580962463744,141836539,47952900,1.3380856607055254,active_cumulative,/home/oy/iCAT/result/mixO-arm37-tenhour-20261002/mixO-arm37-rep1/control-series.txt
1790955269,2026-10-03T00:34:29+09:00,3552.0,OLTP,1,1,586320310272,143144607,48352999,1.337791272849001,active_cumulative,/home/oy/iCAT/result/mixO-arm37-tenhour-20261002/mixO-arm37-rep1/control-series.txt
1790955299,2026-10-03T00:34:59+09:00,3582.0,OLTP,1,1,591573770240,144427190,48746127,1.3375135042092836,active_cumulative,/home/oy/iCAT/result/mixO-arm37-tenhour-20261002/mixO-arm37-rep1/control-series.txt
1790955329,2026-10-03T00:35:29+09:00,3612.0,OLTP,1,1,596841750528,145713318,49139261,1.3372324621693124,active_cumulative,/home/oy/iCAT/result/mixO-arm37-tenhour-20261002/mixO-arm37-rep1/control-series.txt
1790955359,2026-10-03T00:35:59+09:00,3642.0,OLTP,1,1,602152501248,147009888,49534132,1.3369442196976573,active_cumulative,/home/oy/iCAT/result/mixO-arm37-tenhour-20261002/mixO-arm37-rep1/control-series.txt
1790955389,2026-10-03T00:36:29+09:00,3672.0,OLTP,1,1,607383130112,148286897,49920223,1.3366462176358036,active_cumulative,/home/oy/iCAT/result/mixO-arm37-tenhour-20261002/mixO-arm37-rep1/control-series.txt
1790955419,2026-10-03T00:36:59+09:00,3702.0,OLTP,1,1,612679491584,149579954,50309251,1.3363368529983637,active_cumulative,/home/oy/iCAT/result/mixO-arm37-tenhour-20261002/mixO-arm37-rep1/control-series.txt
1790955449,2026-10-03T00:37:29+09:00,3732.0,OLTP,1,1,617817718784,150834404,50688181,1.336051853262867,active_cumulative,/home/oy/iCAT/result/mixO-arm37-tenhour-20261002/mixO-arm37-rep1/control-series.txt
1790955479,2026-10-03T00:37:59+09:00,3762.0,OLTP,1,1,623073529856,152117561,51078356,1.3357821126253793,active_cumulative,/home/oy/iCAT/result/mixO-arm37-tenhour-20261002/mixO-arm37-rep1/control-series.txt
1790955509,2026-10-03T00:38:29+09:00,3792.0,OLTP,1,1,628279451648,153388538,51462319,1.3355030282640805,active_cumulative,/home/oy/iCAT/result/mixO-arm37-tenhour-20261002/mixO-arm37-rep1/control-series.txt
1790955539,2026-10-03T00:38:59+09:00,3822.0,OLTP,1,1,633546756096,154674501,51851942,1.3352326444550806,active_cumulative,/home/oy/iCAT/result/mixO-arm37-tenhour-20261002/mixO-arm37-rep1/control-series.txt
1790955569,2026-10-03T00:39:29+09:00,3852.0,OLTP,1,1,638829355008,155964198,52246077,1.3349876296610073,active_cumulative,/home/oy/iCAT/result/mixO-arm37-tenhour-20261002/mixO-arm37-rep1/control-series.txt
1790955599,2026-10-03T00:39:59+09:00,3882.0,OLTP,1,1,644071026688,157243903,52633180,1.3347231847838323,active_cumulative,/home/oy/iCAT/result/mixO-arm37-tenhour-20261002/mixO-arm37-rep1/control-series.txt
1790955629,2026-10-03T00:40:29+09:00,3912.0,OLTP,1,1,649263042560,158511485,53016016,1.334461670080247,active_cumulative,/home/oy/iCAT/result/mixO-arm37-tenhour-20261002/mixO-arm37-rep1/control-series.txt
1790955659,2026-10-03T00:40:59+09:00,3942.0,OLTP,1,1,654513856512,159793422,53406490,1.334222080806305,active_cumulative,/home/oy/iCAT/result/mixO-arm37-tenhour-20261002/mixO-arm37-rep1/control-series.txt
1790955689,2026-10-03T00:41:29+09:00,3972.0,OLTP,1,1,659677548544,161054089,53787992,1.3339747058517712,active_cumulative,/home/oy/iCAT/result/mixO-arm37-tenhour-20261002/mixO-arm37-rep1/control-series.txt
1790955719,2026-10-03T00:41:59+09:00,4002.0,OLTP,1,1,664852316160,162317460,54152311,1.3336197535372967,active_cumulative,/home/oy/iCAT/result/mixO-arm37-tenhour-20261002/mixO-arm37-rep1/control-series.txt
1790955750,2026-10-03T00:42:30+09:00,4033.0,OLTP,1,1,669999124480,163574005,54514672,1.3332722213410377,active_cumulative,/home/oy/iCAT/result/mixO-arm37-tenhour-20261002/mixO-arm37-rep1/control-series.txt
1790955780,2026-10-03T00:43:00+09:00,4063.0,OLTP,1,1,675186757632,164840517,54873916,1.332890948164158,active_cumulative,/home/oy/iCAT/result/mixO-arm37-tenhour-20261002/mixO-arm37-rep1/control-series.txt
