workload	pool_target	existing_other_host_n	action	estimated_stage1_hours	estimated_top5_hours
mixO	60	17	measure all60 on current host;do not skip historical-host summaries	11.8359375	2.6953703703703704
mixF	60	17	measure all60 on current host;do not skip historical-host summaries	16.634895833333335	3.9220486111111112
mixJ	60	17	measure all60 on current host;do not skip historical-host summaries	11.32258064516129	2.1300347222222222
mixP	60	17	measure all60 on current host;do not skip historical-host summaries	8.34375	1.7428819444444446
mixB	60	17	measure all60 on current host;do not skip historical-host summaries	18.08585858585858	4.002777777777778
mixD	60	17	measure all60 on current host;do not skip historical-host summaries	21.466161616161617	5.168055555555555
mixK	60	17	measure all60 on current host;do not skip historical-host summaries	21.4453125	5.166666666666667
mixH	60	17	measure all60 on current host;do not skip historical-host summaries	28.300520833333334	6.5368055555555555
mixG	60	17	measure all60 on current host;do not skip historical-host summaries	11.748958333333333	2.8826388888888888
mixL	60	4	measure all60 on current host;do not skip historical-host summaries	11.577192982456141	2.6708333333333334
mixQ	60	4	measure all60 on current host;do not skip historical-host summaries	16.301754385964912	3.0840277777777776
