워크로드,정책,최종 WAF(평균),반복 횟수,각 회 WAF
OLTP → Varmail,iCAT-v4,1.859,3,1.864 / 1.839 / 1.876
OLTP → Varmail,CAT-47 (최적),1.910,1,1.910
OLTP → Varmail,CAT-50 (견고),1.963,1,1.963
OLTP → Varmail,CAT-37 (기본),2.226,1,2.226
FIO-Fast → Varmail,iCAT-v4,2.352,2,2.350 / 2.354
FIO-Fast → Varmail,CAT-47 (최적),2.042,1,2.042
FIO-Fast → Varmail,CAT-50 (견고),2.454,1,2.454
FIO-Fast → Varmail,CAT-37 (기본),2.879,1,2.879
YCSB-A → YCSB-B,iCAT-v4,1.366,2,1.377 / 1.355
YCSB-A → YCSB-B,CAT-47 (최적),1.414,1,1.414
YCSB-A → YCSB-B,CAT-50 (견고),1.390,1,1.390
YCSB-A → YCSB-B,CAT-37 (기본),1.470,1,1.470
YCSB-A → OLTP,iCAT-v4,1.127,2,1.122 / 1.133
YCSB-A → OLTP,CAT-47 (최적),1.136,1,1.136
YCSB-A → OLTP,CAT-50 (견고),1.140,1,1.140
YCSB-A → OLTP,CAT-37 (기본),1.178,1,1.178
