iCAT-v4 시간(분),iCAT-v4 WAF,CAT-47 (최적) 시간(분),CAT-47 (최적) WAF,CAT-50 (견고) 시간(분),CAT-50 (견고) WAF,CAT-37 (기본) 시간(분),CAT-37 (기본) WAF
0.5,1.4135,0.5,1.2576,0.5,1.2454,0.5,1.4202
1.02,1.9520,1.02,1.9558,1.02,1.8551,1.0,1.9625
1.52,1.0473,1.52,1.0574,1.55,1.0134,1.52,1.0116
3.55,1.3455,2.03,1.0205,2.05,1.0000,2.03,1.0001
4.05,1.2272,2.53,1.0009,2.58,1.0000,3.05,1.0000
4.55,1.1073,3.05,1.0040,3.1,1.0003,3.55,1.0001
5.05,1.1090,3.55,1.0021,3.6,1.0095,4.07,1.3203
5.55,1.1065,4.05,1.0484,4.1,1.4320,4.57,1.1731
6.07,1.1074,4.57,1.4272,4.6,1.1304,5.07,1.1714
6.57,1.1073,5.07,1.1251,5.1,1.1325,5.57,1.1696
7.07,1.1069,5.57,1.1266,5.6,1.1301,6.07,1.1705
7.57,1.1067,6.07,1.1251,6.1,1.1302,6.57,1.1701
8.07,1.1079,6.57,1.1248,6.62,1.1299,7.07,1.1705
8.57,1.1070,7.07,1.1235,7.12,1.1304,7.58,1.1674
9.07,1.1073,7.57,1.1237,7.62,1.1298,8.08,1.1677
9.57,1.1093,8.07,1.1227,8.12,1.1305,8.58,1.1692
10.07,1.1008,8.57,1.1234,8.62,1.1295,9.08,1.1669
10.57,1.1066,9.07,1.1229,9.12,1.1292,9.58,1.1695
11.07,1.0994,9.57,1.1237,9.62,1.1267,10.08,1.1696
11.57,1.1001,10.07,1.1249,10.12,1.1288,10.58,1.1717
12.07,1.0991,10.57,1.1223,10.62,1.1284,11.08,1.1706
12.57,1.1010,11.07,1.1233,11.12,1.1297,11.58,1.1699
13.07,1.1003,11.57,1.1234,11.62,1.1286,12.08,1.1664
13.57,1.1001,12.07,1.1225,12.12,1.1267,12.58,1.1644
14.07,1.1027,12.58,1.1229,12.62,1.1299,13.08,1.1627
14.57,1.1029,13.08,1.1251,13.12,1.1290,13.58,1.1641
15.07,1.0996,13.58,1.1220,13.62,1.1283,14.08,1.1651
15.57,1.0996,14.08,1.1234,14.12,1.1287,14.58,1.1625
16.07,1.0991,14.58,1.1235,14.62,1.1271,15.08,1.1654
16.72,1.1009,15.08,1.1230,15.13,1.1281,15.58,1.1636
17.25,1.1024,15.58,1.1233,15.63,1.1282,16.08,1.1620
17.78,1.0995,16.08,1.1225,16.13,1.1283,16.58,1.1636
18.28,1.0995,16.58,1.1229,16.63,1.1290,17.08,1.1637
,,17.08,1.1227,17.13,1.1289,17.6,1.1677
,,17.58,1.1233,17.63,1.1279,18.12,1.1627
,,18.08,1.1236,18.13,1.1286,18.63,1.1603
,,18.58,1.1236,18.63,1.1270,,
,,19.08,1.1220,,,,
