경과(분),iCAT-v4,CAT-47 (최적),CAT-50 (견고),CAT-37 (기본)
0.5,1.5101,1.4927,1.4228,1.5039
1.0,1.4726,1.2847,1.2520,1.3942
1.5,1.2936,1.2792,1.2599,1.3698
2.0,1.2703,1.2729,1.2642,1.3353
2.5,1.2833,1.2695,1.2519,1.3420
3.0,1.2615,1.2620,1.2544,1.3496
3.5,1.2686,1.2576,1.2446,1.3366
4.0,1.2591,1.2588,1.2382,1.3370
4.5,1.2641,1.2579,1.2398,1.3359
5.0,1.2644,1.2569,1.2383,1.3295
5.5,1.2673,1.2562,1.2447,1.3298
6.0,1.2641,1.2555,1.2351,1.3327
6.5,1.2517,1.2539,1.2379,1.3259
7.0,1.2816,1.2555,1.2358,1.3205
7.5,1.2358,1.2534,1.2344,1.3235
8.0,1.2585,1.2546,1.2365,1.3210
8.5,1.2297,1.2561,1.2387,1.3205
9.0,1.2333,1.2550,1.2386,1.3189
9.5,1.2266,1.2520,1.2353,1.3187
10.0,1.2277,1.2546,1.2363,1.3128
10.5,1.2255,,1.2377,1.3155
11.0,1.2259,1.2529,1.2403,1.3125
11.5,1.2260,1.2528,1.2405,1.3137
12.0,1.2334,1.2529,1.2409,1.3136
12.5,1.2232,1.2532,1.2405,1.3123
13.0,1.2265,1.2523,1.2425,1.3120
13.5,1.2197,1.2525,1.2420,1.3113
14.0,1.2197,1.2526,1.2423,1.3101
14.5,1.2198,1.2538,1.2440,1.3111
15.0,1.2199,1.2515,1.2454,1.3606
15.5,,1.6821,1.5873,2.1374
16.0,1.5036,1.9809,2.0166,2.3831
16.5,1.9627,2.0074,2.0640,2.3912
17.0,1.9591,2.0110,2.0791,2.3943
17.5,1.9602,2.0183,2.0877,2.4031
18.0,1.9649,2.0225,2.0921,2.4016
18.5,1.9705,2.0224,2.0911,2.4026
19.0,1.9668,2.0231,2.0920,2.4054
19.5,1.9673,2.0256,2.0954,2.4050
20.0,1.9674,2.0252,2.0912,2.4048
20.5,1.9679,2.0256,2.0949,2.4002
21.0,1.9695,2.0234,2.0925,2.3995
21.5,1.9650,2.0273,2.0908,2.4031
22.0,1.9669,2.0238,2.0952,2.4055
22.5,1.9661,2.0249,2.0957,2.4029
23.0,1.9686,2.0285,2.0964,2.3994
23.5,1.9683,2.0250,2.0967,2.4022
24.0,1.9690,2.0243,2.0933,2.3991
24.5,1.9731,2.0255,2.0991,2.4022
25.0,1.9670,2.0265,2.0941,2.3952
25.5,1.9673,2.0251,2.0977,2.3941
26.0,1.9619,2.0261,2.0948,2.3930
26.5,1.9612,2.0244,2.0951,2.3941
27.0,1.9649,2.0275,2.1033,2.3876
27.5,1.9664,2.0265,2.1016,2.3897
28.0,1.9675,2.0260,2.0993,2.3909
28.5,1.9603,2.0228,2.0936,2.3889
29.0,1.9619,2.0245,2.0977,2.3873
29.5,1.9601,2.0240,2.0965,2.3866
30.0,1.9615,2.0260,2.0966,
30.5,1.9625,,,
