워크로드,정책,경과(분),구간,30초 WAF,30초 호스트 쓰기(페이지),30초 GC 쓰기(페이지),제외(쓰기 적음)
OLTP → Varmail,iCAT-v4,0.5,앞(OLTP),1.5101,889392,453679,
OLTP → Varmail,iCAT-v4,1.0,앞(OLTP),1.4726,832219,393277,
OLTP → Varmail,iCAT-v4,1.5,앞(OLTP),1.2936,876820,257442,
OLTP → Varmail,iCAT-v4,2.0,앞(OLTP),1.2703,871670,235589,
OLTP → Varmail,iCAT-v4,2.5,앞(OLTP),1.2833,864562,244944,
OLTP → Varmail,iCAT-v4,3.0,앞(OLTP),1.2615,875816,229024,
OLTP → Varmail,iCAT-v4,3.5,앞(OLTP),1.2686,865824,232560,
OLTP → Varmail,iCAT-v4,4.0,앞(OLTP),1.2591,884948,229256,
OLTP → Varmail,iCAT-v4,4.5,앞(OLTP),1.2641,871967,230301,
OLTP → Varmail,iCAT-v4,5.0,앞(OLTP),1.2644,860832,227631,
OLTP → Varmail,iCAT-v4,5.5,앞(OLTP),1.2673,881336,235542,
OLTP → Varmail,iCAT-v4,6.0,앞(OLTP),1.2641,870886,230011,
OLTP → Varmail,iCAT-v4,6.5,앞(OLTP),1.2517,890134,224052,
OLTP → Varmail,iCAT-v4,7.0,앞(OLTP),1.2816,856333,241151,
OLTP → Varmail,iCAT-v4,7.5,앞(OLTP),1.2358,873108,205906,
OLTP → Varmail,iCAT-v4,8.0,앞(OLTP),1.2585,890994,230317,
OLTP → Varmail,iCAT-v4,8.52,앞(OLTP),1.2297,850633,195366,
OLTP → Varmail,iCAT-v4,9.02,앞(OLTP),1.2333,881333,205607,
OLTP → Varmail,iCAT-v4,9.52,앞(OLTP),1.2266,881324,199735,
OLTP → Varmail,iCAT-v4,10.02,앞(OLTP),1.2277,882816,201022,
OLTP → Varmail,iCAT-v4,10.52,앞(OLTP),1.2255,868527,195839,
OLTP → Varmail,iCAT-v4,11.02,앞(OLTP),1.2259,873022,197245,
OLTP → Varmail,iCAT-v4,11.52,앞(OLTP),1.2260,871872,197032,
OLTP → Varmail,iCAT-v4,12.02,앞(OLTP),1.2334,875298,204276,
OLTP → Varmail,iCAT-v4,12.53,앞(OLTP),1.2232,895942,199960,
OLTP → Varmail,iCAT-v4,13.03,앞(OLTP),1.2265,889748,201562,
OLTP → Varmail,iCAT-v4,13.53,앞(OLTP),1.2197,868583,190831,
OLTP → Varmail,iCAT-v4,14.03,앞(OLTP),1.2197,885477,194583,
OLTP → Varmail,iCAT-v4,14.53,앞(OLTP),1.2198,843353,185405,
OLTP → Varmail,iCAT-v4,15.03,앞(OLTP),1.2199,735997,161868,
OLTP → Varmail,iCAT-v4,15.53,앞(OLTP),,2,0,예
OLTP → Varmail,iCAT-v4,16.03,뒤(Varmail),1.5036,2185255,1100577,
OLTP → Varmail,iCAT-v4,16.53,뒤(Varmail),1.9627,5370080,5169650,
OLTP → Varmail,iCAT-v4,17.03,뒤(Varmail),1.9591,5472666,5249080,
OLTP → Varmail,iCAT-v4,17.53,뒤(Varmail),1.9602,5476758,5258916,
OLTP → Varmail,iCAT-v4,18.03,뒤(Varmail),1.9649,5492821,5299804,
OLTP → Varmail,iCAT-v4,18.53,뒤(Varmail),1.9705,5491882,5329994,
OLTP → Varmail,iCAT-v4,19.03,뒤(Varmail),1.9668,5362125,5184329,
OLTP → Varmail,iCAT-v4,19.53,뒤(Varmail),1.9673,5499997,5320066,
OLTP → Varmail,iCAT-v4,20.03,뒤(Varmail),1.9674,5410301,5234174,
OLTP → Varmail,iCAT-v4,20.53,뒤(Varmail),1.9679,5483992,5308096,
OLTP → Varmail,iCAT-v4,21.03,뒤(Varmail),1.9695,5491561,5324152,
OLTP → Varmail,iCAT-v4,21.53,뒤(Varmail),1.9650,5497092,5304694,
OLTP → Varmail,iCAT-v4,22.03,뒤(Varmail),1.9669,5488209,5306384,
OLTP → Varmail,iCAT-v4,22.53,뒤(Varmail),1.9661,5490498,5304548,
OLTP → Varmail,iCAT-v4,23.03,뒤(Varmail),1.9686,5488604,5316401,
OLTP → Varmail,iCAT-v4,23.53,뒤(Varmail),1.9683,5491390,5317148,
OLTP → Varmail,iCAT-v4,24.03,뒤(Varmail),1.9690,5487604,5317388,
OLTP → Varmail,iCAT-v4,24.53,뒤(Varmail),1.9731,5483362,5335934,
OLTP → Varmail,iCAT-v4,25.03,뒤(Varmail),1.9670,5484357,5303364,
OLTP → Varmail,iCAT-v4,25.53,뒤(Varmail),1.9673,5489007,5309633,
OLTP → Varmail,iCAT-v4,26.03,뒤(Varmail),1.9619,5489016,5280084,
OLTP → Varmail,iCAT-v4,26.53,뒤(Varmail),1.9612,5487712,5275053,
OLTP → Varmail,iCAT-v4,27.03,뒤(Varmail),1.9649,5466485,5274619,
OLTP → Varmail,iCAT-v4,27.53,뒤(Varmail),1.9664,5483482,5299184,
OLTP → Varmail,iCAT-v4,28.03,뒤(Varmail),1.9675,5479007,5300817,
OLTP → Varmail,iCAT-v4,28.53,뒤(Varmail),1.9603,5478965,5261221,
OLTP → Varmail,iCAT-v4,29.03,뒤(Varmail),1.9619,5461597,5253637,
OLTP → Varmail,iCAT-v4,29.53,뒤(Varmail),1.9601,5484365,5265388,
OLTP → Varmail,iCAT-v4,30.03,뒤(Varmail),1.9615,5480856,5269954,
OLTP → Varmail,iCAT-v4,30.53,뒤(Varmail),1.9625,5485704,5280190,
OLTP → Varmail,CAT-47 (최적),0.5,앞(OLTP),1.4927,827315,407601,
OLTP → Varmail,CAT-47 (최적),1.0,앞(OLTP),1.2847,841123,239459,
OLTP → Varmail,CAT-47 (최적),1.5,앞(OLTP),1.2792,827391,230979,
OLTP → Varmail,CAT-47 (최적),2.0,앞(OLTP),1.2729,823677,224767,
OLTP → Varmail,CAT-47 (최적),2.5,앞(OLTP),1.2695,812624,219024,
OLTP → Varmail,CAT-47 (최적),3.0,앞(OLTP),1.2620,828393,217044,
OLTP → Varmail,CAT-47 (최적),3.5,앞(OLTP),1.2576,857644,220939,
OLTP → Varmail,CAT-47 (최적),4.0,앞(OLTP),1.2588,852181,220515,
OLTP → Varmail,CAT-47 (최적),4.5,앞(OLTP),1.2579,844044,217696,
OLTP → Varmail,CAT-47 (최적),5.0,앞(OLTP),1.2569,828249,212759,
OLTP → Varmail,CAT-47 (최적),5.52,앞(OLTP),1.2562,840952,215421,
OLTP → Varmail,CAT-47 (최적),6.02,앞(OLTP),1.2555,828359,211683,
OLTP → Varmail,CAT-47 (최적),6.52,앞(OLTP),1.2539,816258,207275,
OLTP → Varmail,CAT-47 (최적),7.02,앞(OLTP),1.2555,828740,211702,
OLTP → Varmail,CAT-47 (최적),7.52,앞(OLTP),1.2534,828831,210023,
OLTP → Varmail,CAT-47 (최적),8.02,앞(OLTP),1.2546,825603,210191,
OLTP → Varmail,CAT-47 (최적),8.52,앞(OLTP),1.2561,837276,214387,
OLTP → Varmail,CAT-47 (최적),9.02,앞(OLTP),1.2550,838582,213873,
OLTP → Varmail,CAT-47 (최적),9.52,앞(OLTP),1.2520,833678,210049,
OLTP → Varmail,CAT-47 (최적),10.02,앞(OLTP),1.2546,824169,209802,
OLTP → Varmail,CAT-47 (최적),10.53,앞(OLTP),,251456,65272,예
OLTP → Varmail,CAT-47 (최적),11.08,앞(OLTP),1.2529,683737,172886,
OLTP → Varmail,CAT-47 (최적),11.58,앞(OLTP),1.2528,830106,209865,
OLTP → Varmail,CAT-47 (최적),12.1,앞(OLTP),1.2529,839743,212346,
OLTP → Varmail,CAT-47 (최적),12.6,앞(OLTP),1.2532,820197,207649,
OLTP → Varmail,CAT-47 (최적),13.1,앞(OLTP),1.2523,815421,205691,
OLTP → Varmail,CAT-47 (최적),13.6,앞(OLTP),1.2525,844067,213100,
OLTP → Varmail,CAT-47 (최적),14.1,앞(OLTP),1.2526,846664,213877,
OLTP → Varmail,CAT-47 (최적),14.6,앞(OLTP),1.2538,829720,210606,
OLTP → Varmail,CAT-47 (최적),15.1,앞(OLTP),1.2515,585510,147266,
OLTP → Varmail,CAT-47 (최적),15.6,뒤(Varmail),1.6821,3531089,2408653,
OLTP → Varmail,CAT-47 (최적),16.1,뒤(Varmail),1.9809,4945069,4850518,
OLTP → Varmail,CAT-47 (최적),16.6,뒤(Varmail),2.0074,4962174,4998921,
OLTP → Varmail,CAT-47 (최적),17.1,뒤(Varmail),2.0110,4955778,5010121,
OLTP → Varmail,CAT-47 (최적),17.6,뒤(Varmail),2.0183,4968491,5059312,
OLTP → Varmail,CAT-47 (최적),18.1,뒤(Varmail),2.0225,4967916,5079673,
OLTP → Varmail,CAT-47 (최적),18.6,뒤(Varmail),2.0224,4970249,5081773,
OLTP → Varmail,CAT-47 (최적),19.1,뒤(Varmail),2.0231,4956439,5070837,
OLTP → Varmail,CAT-47 (최적),19.6,뒤(Varmail),2.0256,4977895,5105176,
OLTP → Varmail,CAT-47 (최적),20.1,뒤(Varmail),2.0252,4944885,5069649,
OLTP → Varmail,CAT-47 (최적),20.6,뒤(Varmail),2.0256,4955711,5082381,
OLTP → Varmail,CAT-47 (최적),21.1,뒤(Varmail),2.0234,4972495,5088617,
OLTP → Varmail,CAT-47 (최적),21.6,뒤(Varmail),2.0273,4961510,5097051,
OLTP → Varmail,CAT-47 (최적),22.1,뒤(Varmail),2.0238,4950390,5068441,
OLTP → Varmail,CAT-47 (최적),22.6,뒤(Varmail),2.0249,4955817,5078980,
OLTP → Varmail,CAT-47 (최적),23.1,뒤(Varmail),2.0285,4958404,5099704,
OLTP → Varmail,CAT-47 (최적),23.6,뒤(Varmail),2.0250,4968485,5092661,
OLTP → Varmail,CAT-47 (최적),24.1,뒤(Varmail),2.0243,4967178,5087938,
OLTP → Varmail,CAT-47 (최적),24.6,뒤(Varmail),2.0255,4969755,5096249,
OLTP → Varmail,CAT-47 (최적),25.1,뒤(Varmail),2.0265,4970538,5102247,
OLTP → Varmail,CAT-47 (최적),25.6,뒤(Varmail),2.0251,4966915,5091813,
OLTP → Varmail,CAT-47 (최적),26.1,뒤(Varmail),2.0261,4958802,5088012,
OLTP → Varmail,CAT-47 (최적),26.6,뒤(Varmail),2.0244,4969179,5090330,
OLTP → Varmail,CAT-47 (최적),27.1,뒤(Varmail),2.0275,4966196,5102713,
OLTP → Varmail,CAT-47 (최적),27.6,뒤(Varmail),2.0265,4978697,5110827,
OLTP → Varmail,CAT-47 (최적),28.1,뒤(Varmail),2.0260,4959123,5088186,
OLTP → Varmail,CAT-47 (최적),28.6,뒤(Varmail),2.0228,4925378,5037683,
OLTP → Varmail,CAT-47 (최적),29.1,뒤(Varmail),2.0245,4974703,5096446,
OLTP → Varmail,CAT-47 (최적),29.6,뒤(Varmail),2.0240,4969133,5088253,
OLTP → Varmail,CAT-47 (최적),30.1,뒤(Varmail),2.0260,4948418,5076999,
OLTP → Varmail,CAT-50 (견고),0.5,앞(OLTP),1.4228,817464,345606,
OLTP → Varmail,CAT-50 (견고),1.0,앞(OLTP),1.2520,832920,209891,
OLTP → Varmail,CAT-50 (견고),1.5,앞(OLTP),1.2599,837685,217696,
OLTP → Varmail,CAT-50 (견고),2.0,앞(OLTP),1.2642,845697,223393,
OLTP → Varmail,CAT-50 (견고),2.5,앞(OLTP),1.2519,840285,211680,
OLTP → Varmail,CAT-50 (견고),3.0,앞(OLTP),1.2544,837498,213097,
OLTP → Varmail,CAT-50 (견고),3.5,앞(OLTP),1.2446,858695,210068,
OLTP → Varmail,CAT-50 (견고),4.0,앞(OLTP),1.2382,815634,194315,
OLTP → Varmail,CAT-50 (견고),4.5,앞(OLTP),1.2398,840767,201625,
OLTP → Varmail,CAT-50 (견고),5.0,앞(OLTP),1.2383,824864,196577,
OLTP → Varmail,CAT-50 (견고),5.5,앞(OLTP),1.2447,818885,200358,
OLTP → Varmail,CAT-50 (견고),6.0,앞(OLTP),1.2351,851205,200110,
OLTP → Varmail,CAT-50 (견고),6.5,앞(OLTP),1.2379,818749,194751,
OLTP → Varmail,CAT-50 (견고),7.0,앞(OLTP),1.2358,867217,204488,
OLTP → Varmail,CAT-50 (견고),7.5,앞(OLTP),1.2344,864089,202553,
OLTP → Varmail,CAT-50 (견고),8.0,앞(OLTP),1.2365,836359,197769,
OLTP → Varmail,CAT-50 (견고),8.5,앞(OLTP),1.2387,822082,196194,
OLTP → Varmail,CAT-50 (견고),9.0,앞(OLTP),1.2386,832444,198661,
OLTP → Varmail,CAT-50 (견고),9.52,앞(OLTP),1.2353,855396,201296,
OLTP → Varmail,CAT-50 (견고),10.02,앞(OLTP),1.2363,842412,199042,
OLTP → Varmail,CAT-50 (견고),10.52,앞(OLTP),1.2377,859093,204208,
OLTP → Varmail,CAT-50 (견고),11.02,앞(OLTP),1.2403,811679,195046,
OLTP → Varmail,CAT-50 (견고),11.52,앞(OLTP),1.2405,845218,203258,
OLTP → Varmail,CAT-50 (견고),12.02,앞(OLTP),1.2409,817030,196834,
OLTP → Varmail,CAT-50 (견고),12.52,앞(OLTP),1.2405,843863,202970,
OLTP → Varmail,CAT-50 (견고),13.02,앞(OLTP),1.2425,847334,205497,
OLTP → Varmail,CAT-50 (견고),13.52,앞(OLTP),1.2420,860390,208239,
OLTP → Varmail,CAT-50 (견고),14.02,앞(OLTP),1.2423,848308,205574,
OLTP → Varmail,CAT-50 (견고),14.52,앞(OLTP),1.2440,843362,205795,
OLTP → Varmail,CAT-50 (견고),15.02,앞(OLTP),1.2454,652856,160196,
OLTP → Varmail,CAT-50 (견고),15.52,뒤(Varmail),1.5873,2099414,1233083,
OLTP → Varmail,CAT-50 (견고),16.02,뒤(Varmail),2.0166,4905144,4986357,
OLTP → Varmail,CAT-50 (견고),16.52,뒤(Varmail),2.0640,5042648,5365362,
OLTP → Varmail,CAT-50 (견고),17.02,뒤(Varmail),2.0791,4881267,5267170,
OLTP → Varmail,CAT-50 (견고),17.52,뒤(Varmail),2.0877,4907880,5338175,
OLTP → Varmail,CAT-50 (견고),18.02,뒤(Varmail),2.0921,4895238,5346036,
OLTP → Varmail,CAT-50 (견고),18.52,뒤(Varmail),2.0911,4911408,5358659,
OLTP → Varmail,CAT-50 (견고),19.02,뒤(Varmail),2.0920,4910068,5361585,
OLTP → Varmail,CAT-50 (견고),19.52,뒤(Varmail),2.0954,4899470,5366824,
OLTP → Varmail,CAT-50 (견고),20.02,뒤(Varmail),2.0912,4901218,5348293,
OLTP → Varmail,CAT-50 (견고),20.52,뒤(Varmail),2.0949,4894907,5359234,
OLTP → Varmail,CAT-50 (견고),21.02,뒤(Varmail),2.0925,4903270,5356699,
OLTP → Varmail,CAT-50 (견고),21.52,뒤(Varmail),2.0908,4905442,5350645,
OLTP → Varmail,CAT-50 (견고),22.02,뒤(Varmail),2.0952,4904808,5371983,
OLTP → Varmail,CAT-50 (견고),22.52,뒤(Varmail),2.0957,4902494,5371548,
OLTP → Varmail,CAT-50 (견고),23.02,뒤(Varmail),2.0964,4902635,5375339,
OLTP → Varmail,CAT-50 (견고),23.52,뒤(Varmail),2.0967,4899514,5373183,
OLTP → Varmail,CAT-50 (견고),24.02,뒤(Varmail),2.0933,4907354,5365207,
OLTP → Varmail,CAT-50 (견고),24.52,뒤(Varmail),2.0991,4893189,5377927,
OLTP → Varmail,CAT-50 (견고),25.02,뒤(Varmail),2.0941,4890120,5350052,
OLTP → Varmail,CAT-50 (견고),25.52,뒤(Varmail),2.0977,4902351,5381433,
OLTP → Varmail,CAT-50 (견고),26.02,뒤(Varmail),2.0948,4841181,5300305,
OLTP → Varmail,CAT-50 (견고),26.52,뒤(Varmail),2.0951,4990396,5464794,
OLTP → Varmail,CAT-50 (견고),27.02,뒤(Varmail),2.1033,5377735,5933391,
OLTP → Varmail,CAT-50 (견고),27.52,뒤(Varmail),2.1016,5297643,5836081,
OLTP → Varmail,CAT-50 (견고),28.02,뒤(Varmail),2.0993,4985910,5480878,
OLTP → Varmail,CAT-50 (견고),28.52,뒤(Varmail),2.0936,4906618,5365948,
OLTP → Varmail,CAT-50 (견고),29.02,뒤(Varmail),2.0977,4903478,5382428,
OLTP → Varmail,CAT-50 (견고),29.52,뒤(Varmail),2.0965,4903197,5376491,
OLTP → Varmail,CAT-50 (견고),30.02,뒤(Varmail),2.0966,4896735,5369975,
OLTP → Varmail,CAT-37 (기본),0.5,앞(OLTP),1.5039,806076,406202,
OLTP → Varmail,CAT-37 (기본),1.0,앞(OLTP),1.3942,809089,318929,
OLTP → Varmail,CAT-37 (기본),1.5,앞(OLTP),1.3698,804741,297614,
OLTP → Varmail,CAT-37 (기본),2.0,앞(OLTP),1.3353,803069,269267,
OLTP → Varmail,CAT-37 (기본),2.5,앞(OLTP),1.3420,801479,274121,
OLTP → Varmail,CAT-37 (기본),3.0,앞(OLTP),1.3496,798500,279136,
OLTP → Varmail,CAT-37 (기본),3.5,앞(OLTP),1.3366,839011,282370,
OLTP → Varmail,CAT-37 (기본),4.0,앞(OLTP),1.3370,811581,273530,
OLTP → Varmail,CAT-37 (기본),4.52,앞(OLTP),1.3359,802413,269565,
OLTP → Varmail,CAT-37 (기본),5.02,앞(OLTP),1.3295,822528,271006,
OLTP → Varmail,CAT-37 (기본),5.52,앞(OLTP),1.3298,812156,267855,
OLTP → Varmail,CAT-37 (기본),6.02,앞(OLTP),1.3327,806810,268417,
OLTP → Varmail,CAT-37 (기본),6.52,앞(OLTP),1.3259,803054,261677,
OLTP → Varmail,CAT-37 (기본),7.02,앞(OLTP),1.3205,816982,261835,
OLTP → Varmail,CAT-37 (기본),7.52,앞(OLTP),1.3235,808067,261413,
OLTP → Varmail,CAT-37 (기본),8.02,앞(OLTP),1.3210,812146,260738,
OLTP → Varmail,CAT-37 (기본),8.52,앞(OLTP),1.3205,820489,262965,
OLTP → Varmail,CAT-37 (기본),9.02,앞(OLTP),1.3189,802158,255825,
OLTP → Varmail,CAT-37 (기본),9.52,앞(OLTP),1.3187,738283,235306,
OLTP → Varmail,CAT-37 (기본),10.02,앞(OLTP),1.3128,860892,269318,
OLTP → Varmail,CAT-37 (기본),10.55,앞(OLTP),1.3155,793178,250258,
OLTP → Varmail,CAT-37 (기본),11.05,앞(OLTP),1.3125,800564,250162,
OLTP → Varmail,CAT-37 (기본),11.55,앞(OLTP),1.3137,789510,247684,
OLTP → Varmail,CAT-37 (기본),12.05,앞(OLTP),1.3136,853635,267670,
OLTP → Varmail,CAT-37 (기본),12.55,앞(OLTP),1.3123,801274,250215,
OLTP → Varmail,CAT-37 (기본),13.05,앞(OLTP),1.3120,809113,252432,
OLTP → Varmail,CAT-37 (기본),13.55,앞(OLTP),1.3113,816661,254254,
OLTP → Varmail,CAT-37 (기본),14.05,앞(OLTP),1.3101,829901,257312,
OLTP → Varmail,CAT-37 (기본),14.55,앞(OLTP),1.3111,807036,251046,
OLTP → Varmail,CAT-37 (기본),15.05,뒤(Varmail),1.3606,938353,338403,
OLTP → Varmail,CAT-37 (기본),15.55,뒤(Varmail),2.1374,4559682,5186206,
OLTP → Varmail,CAT-37 (기본),16.05,뒤(Varmail),2.3831,4497420,6220373,
OLTP → Varmail,CAT-37 (기본),16.55,뒤(Varmail),2.3912,4489814,6246325,
OLTP → Varmail,CAT-37 (기본),17.05,뒤(Varmail),2.3943,4433566,6181624,
OLTP → Varmail,CAT-37 (기본),17.55,뒤(Varmail),2.4031,4380918,6147023,
OLTP → Varmail,CAT-37 (기본),18.05,뒤(Varmail),2.4016,4495394,6300805,
OLTP → Varmail,CAT-37 (기본),18.55,뒤(Varmail),2.4026,4489330,6296903,
OLTP → Varmail,CAT-37 (기본),19.05,뒤(Varmail),2.4054,4473650,6287453,
OLTP → Varmail,CAT-37 (기본),19.55,뒤(Varmail),2.4050,4478114,6291838,
OLTP → Varmail,CAT-37 (기본),20.05,뒤(Varmail),2.4048,4483239,6298110,
OLTP → Varmail,CAT-37 (기본),20.55,뒤(Varmail),2.4002,4494903,6293684,
OLTP → Varmail,CAT-37 (기본),21.05,뒤(Varmail),2.3995,4489555,6282988,
OLTP → Varmail,CAT-37 (기본),21.55,뒤(Varmail),2.4031,4495402,6307482,
OLTP → Varmail,CAT-37 (기본),22.05,뒤(Varmail),2.4055,4499873,6324662,
OLTP → Varmail,CAT-37 (기본),22.55,뒤(Varmail),2.4029,4489579,6298396,
OLTP → Varmail,CAT-37 (기본),23.05,뒤(Varmail),2.3994,4507901,6308179,
OLTP → Varmail,CAT-37 (기본),23.55,뒤(Varmail),2.4022,4503892,6315472,
OLTP → Varmail,CAT-37 (기본),24.05,뒤(Varmail),2.3991,4516442,6319152,
OLTP → Varmail,CAT-37 (기본),24.55,뒤(Varmail),2.4022,4506138,6318434,
OLTP → Varmail,CAT-37 (기본),25.05,뒤(Varmail),2.3952,4367385,6093340,
OLTP → Varmail,CAT-37 (기본),25.55,뒤(Varmail),2.3941,3987348,5558882,
OLTP → Varmail,CAT-37 (기본),26.05,뒤(Varmail),2.3930,4519562,6295871,
OLTP → Varmail,CAT-37 (기본),26.55,뒤(Varmail),2.3941,4353432,6069221,
OLTP → Varmail,CAT-37 (기본),27.05,뒤(Varmail),2.3876,3944704,5473730,
OLTP → Varmail,CAT-37 (기본),27.55,뒤(Varmail),2.3897,4583589,6369834,
OLTP → Varmail,CAT-37 (기본),28.05,뒤(Varmail),2.3909,4906496,6824436,
OLTP → Varmail,CAT-37 (기본),28.55,뒤(Varmail),2.3889,4921753,6835904,
OLTP → Varmail,CAT-37 (기본),29.05,뒤(Varmail),2.3873,4775631,6625142,
OLTP → Varmail,CAT-37 (기본),29.55,뒤(Varmail),2.3866,4939207,6848909,
FIO-Fast → Varmail,iCAT-v4,0.5,앞(FIO-Fast),1.9941,1200160,1193079,
FIO-Fast → Varmail,iCAT-v4,1.0,앞(FIO-Fast),1.8571,1200189,1028737,
FIO-Fast → Varmail,iCAT-v4,1.5,앞(FIO-Fast),1.8563,1200177,1027712,
FIO-Fast → Varmail,iCAT-v4,2.0,앞(FIO-Fast),2.0366,1200176,1244141,
FIO-Fast → Varmail,iCAT-v4,2.5,앞(FIO-Fast),2.0436,1200174,1252551,
FIO-Fast → Varmail,iCAT-v4,3.0,앞(FIO-Fast),2.0411,1200168,1249549,
FIO-Fast → Varmail,iCAT-v4,3.5,앞(FIO-Fast),2.1345,1200164,1361554,
FIO-Fast → Varmail,iCAT-v4,4.0,앞(FIO-Fast),2.1285,1200160,1354425,
FIO-Fast → Varmail,iCAT-v4,4.5,앞(FIO-Fast),2.1094,1200192,1331498,
FIO-Fast → Varmail,iCAT-v4,5.0,앞(FIO-Fast),1.8475,1200183,1017154,
FIO-Fast → Varmail,iCAT-v4,5.5,앞(FIO-Fast),1.7646,1200171,917611,
FIO-Fast → Varmail,iCAT-v4,6.0,앞(FIO-Fast),1.9331,1200179,1119905,
FIO-Fast → Varmail,iCAT-v4,6.5,앞(FIO-Fast),1.9533,1200184,1144189,
FIO-Fast → Varmail,iCAT-v4,7.0,앞(FIO-Fast),2.0423,1200171,1250886,
FIO-Fast → Varmail,iCAT-v4,7.5,앞(FIO-Fast),2.0658,1200170,1279197,
FIO-Fast → Varmail,iCAT-v4,8.0,앞(FIO-Fast),2.0838,1200168,1300789,
FIO-Fast → Varmail,iCAT-v4,8.5,앞(FIO-Fast),1.9624,1200166,1155005,
FIO-Fast → Varmail,iCAT-v4,9.0,앞(FIO-Fast),1.7628,1200175,915543,
FIO-Fast → Varmail,iCAT-v4,9.5,앞(FIO-Fast),1.8553,1200166,1026472,
FIO-Fast → Varmail,iCAT-v4,10.0,앞(FIO-Fast),1.7695,1200163,923556,
FIO-Fast → Varmail,iCAT-v4,10.5,앞(FIO-Fast),2.0637,1200166,1276601,
FIO-Fast → Varmail,iCAT-v4,11.0,앞(FIO-Fast),1.8971,1200164,1076614,
FIO-Fast → Varmail,iCAT-v4,11.5,앞(FIO-Fast),2.0252,1200162,1230443,
FIO-Fast → Varmail,iCAT-v4,12.0,앞(FIO-Fast),2.0400,1200166,1248178,
FIO-Fast → Varmail,iCAT-v4,12.5,앞(FIO-Fast),2.0111,1200157,1213487,
FIO-Fast → Varmail,iCAT-v4,13.0,앞(FIO-Fast),1.7817,1200167,938217,
FIO-Fast → Varmail,iCAT-v4,13.5,앞(FIO-Fast),1.7934,1200168,952166,
FIO-Fast → Varmail,iCAT-v4,14.0,앞(FIO-Fast),1.9947,1200160,1193756,
FIO-Fast → Varmail,iCAT-v4,14.5,앞(FIO-Fast),2.0744,1200174,1289491,
FIO-Fast → Varmail,iCAT-v4,15.0,앞(FIO-Fast),1.8152,1200165,978331,
FIO-Fast → Varmail,iCAT-v4,15.5,앞(FIO-Fast),1.9232,1200172,1108030,
FIO-Fast → Varmail,iCAT-v4,16.0,앞(FIO-Fast),1.8029,1200162,963557,
FIO-Fast → Varmail,iCAT-v4,16.5,앞(FIO-Fast),1.7413,1200161,889714,
FIO-Fast → Varmail,iCAT-v4,17.0,앞(FIO-Fast),1.8349,1200184,1001980,
FIO-Fast → Varmail,iCAT-v4,17.5,앞(FIO-Fast),1.8263,1200156,991718,
FIO-Fast → Varmail,iCAT-v4,18.0,앞(FIO-Fast),1.7972,1200156,956715,
FIO-Fast → Varmail,iCAT-v4,18.5,앞(FIO-Fast),1.8489,1200167,1018801,
FIO-Fast → Varmail,iCAT-v4,19.0,앞(FIO-Fast),1.8896,1200167,1067682,
FIO-Fast → Varmail,iCAT-v4,19.5,앞(FIO-Fast),1.8611,1200162,1033465,
FIO-Fast → Varmail,iCAT-v4,20.0,앞(FIO-Fast),1.9425,1200157,1131167,
FIO-Fast → Varmail,iCAT-v4,20.5,앞(FIO-Fast),1.8494,1200237,1019471,
FIO-Fast → Varmail,iCAT-v4,21.0,앞(FIO-Fast),1.8646,1200405,1037820,
FIO-Fast → Varmail,iCAT-v4,21.5,앞(FIO-Fast),1.7784,1200376,934335,
FIO-Fast → Varmail,iCAT-v4,22.0,앞(FIO-Fast),1.7633,1200378,916256,
FIO-Fast → Varmail,iCAT-v4,22.5,앞(FIO-Fast),1.7838,1200367,940798,
FIO-Fast → Varmail,iCAT-v4,23.0,앞(FIO-Fast),1.8914,1200348,1069991,
FIO-Fast → Varmail,iCAT-v4,23.5,앞(FIO-Fast),1.9421,1200337,1130800,
FIO-Fast → Varmail,iCAT-v4,24.0,앞(FIO-Fast),1.8973,1200331,1077017,
FIO-Fast → Varmail,iCAT-v4,24.5,앞(FIO-Fast),1.9350,1200344,1122289,
FIO-Fast → Varmail,iCAT-v4,25.0,앞(FIO-Fast),1.8752,1200323,1050514,
FIO-Fast → Varmail,iCAT-v4,25.5,앞(FIO-Fast),1.7944,1200320,953560,
FIO-Fast → Varmail,iCAT-v4,26.0,앞(FIO-Fast),1.7842,1200295,941318,
FIO-Fast → Varmail,iCAT-v4,26.5,앞(FIO-Fast),1.7765,1200312,932038,
FIO-Fast → Varmail,iCAT-v4,27.0,앞(FIO-Fast),1.8669,1200300,1040514,
FIO-Fast → Varmail,iCAT-v4,27.5,앞(FIO-Fast),1.8564,1200277,1027904,
FIO-Fast → Varmail,iCAT-v4,28.0,앞(FIO-Fast),1.8160,1200299,979411,
FIO-Fast → Varmail,iCAT-v4,28.5,앞(FIO-Fast),1.9257,1200288,1111087,
FIO-Fast → Varmail,iCAT-v4,29.0,앞(FIO-Fast),1.8409,1200287,1009356,
FIO-Fast → Varmail,iCAT-v4,29.5,앞(FIO-Fast),1.8237,1200276,988722,
FIO-Fast → Varmail,iCAT-v4,30.0,뒤(Varmail),1.8196,1719072,1408964,
FIO-Fast → Varmail,iCAT-v4,30.5,뒤(Varmail),3.3561,3213524,7571345,
FIO-Fast → Varmail,iCAT-v4,31.0,뒤(Varmail),3.3020,3405838,7840264,
FIO-Fast → Varmail,iCAT-v4,31.5,뒤(Varmail),3.1178,3682957,7799827,
FIO-Fast → Varmail,iCAT-v4,32.0,뒤(Varmail),2.9975,3872374,7735212,
FIO-Fast → Varmail,iCAT-v4,32.5,뒤(Varmail),2.9143,3981170,7620999,
FIO-Fast → Varmail,iCAT-v4,33.0,뒤(Varmail),2.8151,4106779,7454416,
FIO-Fast → Varmail,iCAT-v4,33.5,뒤(Varmail),2.7650,4207339,7425745,
FIO-Fast → Varmail,iCAT-v4,34.0,뒤(Varmail),2.7096,4276577,7311344,
FIO-Fast → Varmail,iCAT-v4,34.5,뒤(Varmail),2.6669,4359135,7266329,
FIO-Fast → Varmail,iCAT-v4,35.0,뒤(Varmail),2.6361,4401265,7200969,
FIO-Fast → Varmail,iCAT-v4,35.5,뒤(Varmail),2.6104,4434128,7140580,
FIO-Fast → Varmail,iCAT-v4,36.0,뒤(Varmail),2.5737,4482981,7055052,
FIO-Fast → Varmail,iCAT-v4,36.5,뒤(Varmail),2.5313,4526472,6931264,
FIO-Fast → Varmail,iCAT-v4,37.0,뒤(Varmail),2.5098,4554209,6875811,
FIO-Fast → Varmail,iCAT-v4,37.5,뒤(Varmail),2.5045,4567230,6871560,
FIO-Fast → Varmail,iCAT-v4,38.0,뒤(Varmail),2.4913,4583465,6835509,
FIO-Fast → Varmail,iCAT-v4,38.5,뒤(Varmail),2.4948,4594728,6868102,
FIO-Fast → Varmail,iCAT-v4,39.0,뒤(Varmail),2.4700,4603734,6767439,
FIO-Fast → Varmail,iCAT-v4,39.5,뒤(Varmail),2.4637,4623268,6767205,
FIO-Fast → Varmail,iCAT-v4,40.0,뒤(Varmail),2.4541,4615018,6710741,
FIO-Fast → Varmail,iCAT-v4,40.5,뒤(Varmail),2.4578,4617929,6731849,
FIO-Fast → Varmail,iCAT-v4,41.0,뒤(Varmail),2.4574,4525373,6595192,
FIO-Fast → Varmail,iCAT-v4,41.5,뒤(Varmail),2.4547,4627965,6732136,
FIO-Fast → Varmail,iCAT-v4,42.0,뒤(Varmail),2.4392,4523723,6510424,
FIO-Fast → Varmail,iCAT-v4,42.5,뒤(Varmail),2.4316,4643315,6647487,
FIO-Fast → Varmail,iCAT-v4,43.0,뒤(Varmail),2.4282,4663376,6660074,
FIO-Fast → Varmail,iCAT-v4,43.5,뒤(Varmail),2.4115,4676538,6600982,
FIO-Fast → Varmail,iCAT-v4,44.0,뒤(Varmail),2.4068,4670760,6570678,
FIO-Fast → Varmail,iCAT-v4,44.5,뒤(Varmail),2.3979,4683572,6547273,
FIO-Fast → Varmail,CAT-47 (최적),0.5,앞(FIO-Fast),1.8688,1200162,1042743,
FIO-Fast → Varmail,CAT-47 (최적),1.0,앞(FIO-Fast),1.7957,1201130,955688,
FIO-Fast → Varmail,CAT-47 (최적),1.5,앞(FIO-Fast),1.8550,1200170,1026182,
FIO-Fast → Varmail,CAT-47 (최적),2.0,앞(FIO-Fast),1.8321,1200179,998704,
FIO-Fast → Varmail,CAT-47 (최적),2.5,앞(FIO-Fast),1.7755,1200161,930764,
FIO-Fast → Varmail,CAT-47 (최적),3.0,앞(FIO-Fast),1.7795,1200190,935601,
FIO-Fast → Varmail,CAT-47 (최적),3.5,앞(FIO-Fast),1.7022,1200163,842740,
FIO-Fast → Varmail,CAT-47 (최적),4.0,앞(FIO-Fast),1.7189,1200175,862814,
FIO-Fast → Varmail,CAT-47 (최적),4.5,앞(FIO-Fast),1.6562,1200181,787582,
FIO-Fast → Varmail,CAT-47 (최적),5.0,앞(FIO-Fast),1.7349,1200186,882064,
FIO-Fast → Varmail,CAT-47 (최적),5.5,앞(FIO-Fast),1.7978,1200173,957497,
FIO-Fast → Varmail,CAT-47 (최적),6.0,앞(FIO-Fast),1.8626,1200183,1035243,
FIO-Fast → Varmail,CAT-47 (최적),6.5,앞(FIO-Fast),1.8040,1200180,964937,
FIO-Fast → Varmail,CAT-47 (최적),7.0,앞(FIO-Fast),1.8173,1200230,981002,
FIO-Fast → Varmail,CAT-47 (최적),7.5,앞(FIO-Fast),1.7811,1200219,937493,
FIO-Fast → Varmail,CAT-47 (최적),8.0,앞(FIO-Fast),1.7517,1200229,902228,
FIO-Fast → Varmail,CAT-47 (최적),8.5,앞(FIO-Fast),1.7001,1200196,840238,
FIO-Fast → Varmail,CAT-47 (최적),9.0,앞(FIO-Fast),1.6993,1200181,839285,
FIO-Fast → Varmail,CAT-47 (최적),9.5,앞(FIO-Fast),1.7240,1200179,868877,
FIO-Fast → Varmail,CAT-47 (최적),10.0,앞(FIO-Fast),1.8340,1200192,1000936,
FIO-Fast → Varmail,CAT-47 (최적),10.5,앞(FIO-Fast),1.7770,1200183,932525,
FIO-Fast → Varmail,CAT-47 (최적),11.0,앞(FIO-Fast),1.8002,1200231,960400,
FIO-Fast → Varmail,CAT-47 (최적),11.5,앞(FIO-Fast),1.7851,1200211,942229,
FIO-Fast → Varmail,CAT-47 (최적),12.0,앞(FIO-Fast),1.7760,1200179,931383,
FIO-Fast → Varmail,CAT-47 (최적),12.5,앞(FIO-Fast),1.7457,1200168,894906,
FIO-Fast → Varmail,CAT-47 (최적),13.0,앞(FIO-Fast),1.7334,1200200,880234,
FIO-Fast → Varmail,CAT-47 (최적),13.5,앞(FIO-Fast),1.7050,1200173,846162,
FIO-Fast → Varmail,CAT-47 (최적),14.0,앞(FIO-Fast),1.7939,1200236,952851,
FIO-Fast → Varmail,CAT-47 (최적),14.5,앞(FIO-Fast),1.8390,1200239,1006941,
FIO-Fast → Varmail,CAT-47 (최적),15.0,앞(FIO-Fast),1.8027,1200182,963353,
FIO-Fast → Varmail,CAT-47 (최적),15.5,앞(FIO-Fast),1.7621,1200185,914641,
FIO-Fast → Varmail,CAT-47 (최적),16.0,앞(FIO-Fast),1.7592,1200201,911213,
FIO-Fast → Varmail,CAT-47 (최적),16.5,앞(FIO-Fast),1.7316,1200211,878072,
FIO-Fast → Varmail,CAT-47 (최적),17.0,앞(FIO-Fast),1.7321,1200240,878639,
FIO-Fast → Varmail,CAT-47 (최적),17.5,앞(FIO-Fast),1.7149,1200213,858023,
FIO-Fast → Varmail,CAT-47 (최적),18.0,앞(FIO-Fast),1.7118,1200239,854381,
FIO-Fast → Varmail,CAT-47 (최적),18.5,앞(FIO-Fast),1.8018,1200200,962360,
FIO-Fast → Varmail,CAT-47 (최적),19.0,앞(FIO-Fast),1.8794,1200242,1055476,
FIO-Fast → Varmail,CAT-47 (최적),19.5,앞(FIO-Fast),1.8152,1200205,978418,
FIO-Fast → Varmail,CAT-47 (최적),20.0,앞(FIO-Fast),1.8005,1200185,960766,
FIO-Fast → Varmail,CAT-47 (최적),20.5,앞(FIO-Fast),1.7626,1200187,915300,
FIO-Fast → Varmail,CAT-47 (최적),21.0,앞(FIO-Fast),1.7304,1200176,876595,
FIO-Fast → Varmail,CAT-47 (최적),21.5,앞(FIO-Fast),1.6971,1200182,836669,
FIO-Fast → Varmail,CAT-47 (최적),22.0,앞(FIO-Fast),1.6649,1200193,797988,
FIO-Fast → Varmail,CAT-47 (최적),22.5,앞(FIO-Fast),1.7327,1200221,879457,
FIO-Fast → Varmail,CAT-47 (최적),23.0,앞(FIO-Fast),1.8081,1200199,969903,
FIO-Fast → Varmail,CAT-47 (최적),23.5,앞(FIO-Fast),1.8483,1200185,1018157,
FIO-Fast → Varmail,CAT-47 (최적),24.0,앞(FIO-Fast),1.8128,1200180,975459,
FIO-Fast → Varmail,CAT-47 (최적),24.5,앞(FIO-Fast),1.8036,1200186,964415,
FIO-Fast → Varmail,CAT-47 (최적),25.0,앞(FIO-Fast),1.7886,1200174,946427,
FIO-Fast → Varmail,CAT-47 (최적),25.5,앞(FIO-Fast),1.7544,1200225,905405,
FIO-Fast → Varmail,CAT-47 (최적),26.0,앞(FIO-Fast),1.7100,1200180,852159,
FIO-Fast → Varmail,CAT-47 (최적),26.5,앞(FIO-Fast),1.6992,1200207,839220,
FIO-Fast → Varmail,CAT-47 (최적),27.0,앞(FIO-Fast),1.7494,1200180,899441,
FIO-Fast → Varmail,CAT-47 (최적),27.5,앞(FIO-Fast),1.8255,1200186,990813,
FIO-Fast → Varmail,CAT-47 (최적),28.0,앞(FIO-Fast),1.7660,1200190,919378,
FIO-Fast → Varmail,CAT-47 (최적),28.5,앞(FIO-Fast),1.8030,1200205,963706,
FIO-Fast → Varmail,CAT-47 (최적),29.0,앞(FIO-Fast),1.7710,1200179,925375,
FIO-Fast → Varmail,CAT-47 (최적),29.5,앞(FIO-Fast),1.7790,1200183,934933,
FIO-Fast → Varmail,CAT-47 (최적),30.0,뒤(Varmail),1.8031,1626887,1306524,
FIO-Fast → Varmail,CAT-47 (최적),30.5,뒤(Varmail),2.0994,4384862,4820717,
FIO-Fast → Varmail,CAT-47 (최적),31.0,뒤(Varmail),2.3011,4403855,5729658,
FIO-Fast → Varmail,CAT-47 (최적),31.5,뒤(Varmail),2.2983,4547005,5903305,
FIO-Fast → Varmail,CAT-47 (최적),32.0,뒤(Varmail),2.2871,4571765,5884453,
FIO-Fast → Varmail,CAT-47 (최적),32.5,뒤(Varmail),2.2737,4528271,5767663,
FIO-Fast → Varmail,CAT-47 (최적),33.0,뒤(Varmail),2.2636,4608555,5823542,
FIO-Fast → Varmail,CAT-47 (최적),33.5,뒤(Varmail),2.2594,4616523,5814255,
FIO-Fast → Varmail,CAT-47 (최적),34.0,뒤(Varmail),2.2459,4632780,5771778,
FIO-Fast → Varmail,CAT-47 (최적),34.5,뒤(Varmail),2.2509,4614508,5772130,
FIO-Fast → Varmail,CAT-47 (최적),35.0,뒤(Varmail),2.2540,4614309,5786280,
FIO-Fast → Varmail,CAT-47 (최적),35.5,뒤(Varmail),2.2363,4422015,5466946,
FIO-Fast → Varmail,CAT-47 (최적),36.0,뒤(Varmail),2.2033,4275682,5144973,
FIO-Fast → Varmail,CAT-47 (최적),36.5,뒤(Varmail),2.2032,4276238,5145145,
FIO-Fast → Varmail,CAT-47 (최적),37.0,뒤(Varmail),2.1953,4286113,5123291,
FIO-Fast → Varmail,CAT-47 (최적),37.5,뒤(Varmail),2.1855,4288977,5084394,
FIO-Fast → Varmail,CAT-47 (최적),38.0,뒤(Varmail),2.1823,4303011,5087414,
FIO-Fast → Varmail,CAT-47 (최적),38.5,뒤(Varmail),2.1727,4289906,5030957,
FIO-Fast → Varmail,CAT-47 (최적),39.0,뒤(Varmail),2.1104,3495479,3881503,
FIO-Fast → Varmail,CAT-47 (최적),39.5,뒤(Varmail),2.1414,4112258,4693906,
FIO-Fast → Varmail,CAT-47 (최적),40.0,뒤(Varmail),2.1636,4297109,4999995,
FIO-Fast → Varmail,CAT-47 (최적),40.5,뒤(Varmail),2.1631,4301091,5002802,
FIO-Fast → Varmail,CAT-47 (최적),41.0,뒤(Varmail),2.1554,4305392,4974350,
FIO-Fast → Varmail,CAT-47 (최적),41.5,뒤(Varmail),2.1532,4301351,4960491,
FIO-Fast → Varmail,CAT-47 (최적),42.0,뒤(Varmail),2.1383,4308201,4904136,
FIO-Fast → Varmail,CAT-47 (최적),42.5,뒤(Varmail),2.1410,4305662,4912584,
FIO-Fast → Varmail,CAT-47 (최적),43.0,뒤(Varmail),2.1353,4310100,4893192,
FIO-Fast → Varmail,CAT-47 (최적),43.5,뒤(Varmail),2.1356,4313925,4898964,
FIO-Fast → Varmail,CAT-47 (최적),44.0,뒤(Varmail),2.1270,4319091,4867596,
FIO-Fast → Varmail,CAT-47 (최적),44.5,뒤(Varmail),2.1272,4317191,4866550,
FIO-Fast → Varmail,CAT-50 (견고),0.5,앞(FIO-Fast),1.8786,1200163,1054447,
FIO-Fast → Varmail,CAT-50 (견고),1.0,앞(FIO-Fast),1.7846,1200165,941686,
FIO-Fast → Varmail,CAT-50 (견고),1.5,앞(FIO-Fast),1.8714,1200199,1045822,
FIO-Fast → Varmail,CAT-50 (견고),2.0,앞(FIO-Fast),1.8533,1200182,1024174,
FIO-Fast → Varmail,CAT-50 (견고),2.5,앞(FIO-Fast),1.8370,1200251,1004666,
FIO-Fast → Varmail,CAT-50 (견고),3.0,앞(FIO-Fast),1.8062,1200281,967698,
FIO-Fast → Varmail,CAT-50 (견고),3.5,앞(FIO-Fast),1.7935,1200202,952342,
FIO-Fast → Varmail,CAT-50 (견고),4.0,앞(FIO-Fast),1.7624,1200224,915053,
FIO-Fast → Varmail,CAT-50 (견고),4.5,앞(FIO-Fast),1.7501,1200190,900259,
FIO-Fast → Varmail,CAT-50 (견고),5.0,앞(FIO-Fast),1.7748,1200196,929878,
FIO-Fast → Varmail,CAT-50 (견고),5.5,앞(FIO-Fast),1.8431,1200177,1011857,
FIO-Fast → Varmail,CAT-50 (견고),6.0,앞(FIO-Fast),1.8658,1200181,1039152,
FIO-Fast → Varmail,CAT-50 (견고),6.5,앞(FIO-Fast),1.8348,1200192,1001867,
FIO-Fast → Varmail,CAT-50 (견고),7.0,앞(FIO-Fast),1.8316,1200222,998124,
FIO-Fast → Varmail,CAT-50 (견고),7.5,앞(FIO-Fast),1.8217,1200185,986168,
FIO-Fast → Varmail,CAT-50 (견고),8.0,앞(FIO-Fast),1.8087,1200190,970598,
FIO-Fast → Varmail,CAT-50 (견고),8.5,앞(FIO-Fast),1.7856,1200168,942835,
FIO-Fast → Varmail,CAT-50 (견고),9.0,앞(FIO-Fast),1.7559,1200176,907199,
FIO-Fast → Varmail,CAT-50 (견고),9.5,앞(FIO-Fast),1.7962,1200186,955545,
FIO-Fast → Varmail,CAT-50 (견고),10.0,앞(FIO-Fast),1.8252,1200242,990449,
FIO-Fast → Varmail,CAT-50 (견고),10.5,앞(FIO-Fast),1.8471,1200195,1016727,
FIO-Fast → Varmail,CAT-50 (견고),11.0,앞(FIO-Fast),1.8190,1200187,982952,
FIO-Fast → Varmail,CAT-50 (견고),11.5,앞(FIO-Fast),1.8235,1200186,988333,
FIO-Fast → Varmail,CAT-50 (견고),12.0,앞(FIO-Fast),1.8178,1200273,981542,
FIO-Fast → Varmail,CAT-50 (견고),12.5,앞(FIO-Fast),1.7997,1200265,959867,
FIO-Fast → Varmail,CAT-50 (견고),13.0,앞(FIO-Fast),1.7858,1200201,943140,
FIO-Fast → Varmail,CAT-50 (견고),13.5,앞(FIO-Fast),1.7680,1200200,921694,
FIO-Fast → Varmail,CAT-50 (견고),14.0,앞(FIO-Fast),1.8375,1200189,1005183,
FIO-Fast → Varmail,CAT-50 (견고),14.5,앞(FIO-Fast),1.8569,1200181,1028457,
FIO-Fast → Varmail,CAT-50 (견고),15.0,앞(FIO-Fast),1.8333,1200195,1000123,
FIO-Fast → Varmail,CAT-50 (견고),15.5,앞(FIO-Fast),1.8256,1200195,990840,
FIO-Fast → Varmail,CAT-50 (견고),16.0,앞(FIO-Fast),1.7915,1200175,949937,
FIO-Fast → Varmail,CAT-50 (견고),16.5,앞(FIO-Fast),1.8052,1200188,966424,
FIO-Fast → Varmail,CAT-50 (견고),17.0,앞(FIO-Fast),1.7748,1200179,929957,
FIO-Fast → Varmail,CAT-50 (견고),17.5,앞(FIO-Fast),1.7834,1200223,940273,
FIO-Fast → Varmail,CAT-50 (견고),18.0,앞(FIO-Fast),1.7743,1200215,929280,
FIO-Fast → Varmail,CAT-50 (견고),18.5,앞(FIO-Fast),1.8407,1200192,1008944,
FIO-Fast → Varmail,CAT-50 (견고),19.0,앞(FIO-Fast),1.8594,1200252,1031471,
FIO-Fast → Varmail,CAT-50 (견고),19.5,앞(FIO-Fast),1.8536,1200301,1024630,
FIO-Fast → Varmail,CAT-50 (견고),20.0,앞(FIO-Fast),1.8426,1200197,1011335,
FIO-Fast → Varmail,CAT-50 (견고),20.5,앞(FIO-Fast),1.8162,1200184,979584,
FIO-Fast → Varmail,CAT-50 (견고),21.0,앞(FIO-Fast),1.7893,1200194,947360,
FIO-Fast → Varmail,CAT-50 (견고),21.5,앞(FIO-Fast),1.7778,1200186,933446,
FIO-Fast → Varmail,CAT-50 (견고),22.0,앞(FIO-Fast),1.7370,1200204,884531,
FIO-Fast → Varmail,CAT-50 (견고),22.5,앞(FIO-Fast),1.7898,1200243,947923,
FIO-Fast → Varmail,CAT-50 (견고),23.0,앞(FIO-Fast),1.8334,1200199,1000198,
FIO-Fast → Varmail,CAT-50 (견고),23.5,앞(FIO-Fast),1.8570,1200191,1028563,
FIO-Fast → Varmail,CAT-50 (견고),24.0,앞(FIO-Fast),1.8455,1200182,1014728,
FIO-Fast → Varmail,CAT-50 (견고),24.5,앞(FIO-Fast),1.8286,1200175,994481,
FIO-Fast → Varmail,CAT-50 (견고),25.0,앞(FIO-Fast),1.8244,1200215,989412,
FIO-Fast → Varmail,CAT-50 (견고),25.5,앞(FIO-Fast),1.8117,1200196,974152,
FIO-Fast → Varmail,CAT-50 (견고),26.0,앞(FIO-Fast),1.7918,1200185,950287,
FIO-Fast → Varmail,CAT-50 (견고),26.5,앞(FIO-Fast),1.7651,1200191,918310,
FIO-Fast → Varmail,CAT-50 (견고),27.0,앞(FIO-Fast),1.7993,1200203,959279,
FIO-Fast → Varmail,CAT-50 (견고),27.5,앞(FIO-Fast),1.8373,1200184,1004953,
FIO-Fast → Varmail,CAT-50 (견고),28.0,앞(FIO-Fast),1.8228,1200199,987507,
FIO-Fast → Varmail,CAT-50 (견고),28.5,앞(FIO-Fast),1.8322,1200204,998811,
FIO-Fast → Varmail,CAT-50 (견고),29.0,앞(FIO-Fast),1.8125,1200201,975144,
FIO-Fast → Varmail,CAT-50 (견고),29.5,앞(FIO-Fast),1.8126,1200201,975306,
FIO-Fast → Varmail,CAT-50 (견고),30.0,뒤(Varmail),1.8336,1577231,1314786,
FIO-Fast → Varmail,CAT-50 (견고),30.52,뒤(Varmail),2.7276,3608939,6234763,
FIO-Fast → Varmail,CAT-50 (견고),31.02,뒤(Varmail),3.0275,3531374,7159805,
FIO-Fast → Varmail,CAT-50 (견고),31.52,뒤(Varmail),3.0034,3174592,6360117,
FIO-Fast → Varmail,CAT-50 (견고),32.02,뒤(Varmail),3.0173,3467169,6994227,
FIO-Fast → Varmail,CAT-50 (견고),32.52,뒤(Varmail),3.0106,3710337,7459871,
FIO-Fast → Varmail,CAT-50 (견고),33.02,뒤(Varmail),2.9870,3726553,7404593,
FIO-Fast → Varmail,CAT-50 (견고),33.52,뒤(Varmail),2.9736,3738285,7377975,
FIO-Fast → Varmail,CAT-50 (견고),34.02,뒤(Varmail),2.9626,3758175,7375964,
FIO-Fast → Varmail,CAT-50 (견고),34.52,뒤(Varmail),2.9477,3787616,7377157,
FIO-Fast → Varmail,CAT-50 (견고),35.02,뒤(Varmail),2.9339,3805102,7358790,
FIO-Fast → Varmail,CAT-50 (견고),35.52,뒤(Varmail),2.9199,3809255,7313486,
FIO-Fast → Varmail,CAT-50 (견고),36.02,뒤(Varmail),2.9061,3692088,7037619,
FIO-Fast → Varmail,CAT-50 (견고),36.52,뒤(Varmail),2.8722,3555517,6656535,
FIO-Fast → Varmail,CAT-50 (견고),37.02,뒤(Varmail),2.8736,3847711,7208895,
FIO-Fast → Varmail,CAT-50 (견고),37.52,뒤(Varmail),2.8601,3845675,7153499,
FIO-Fast → Varmail,CAT-50 (견고),38.02,뒤(Varmail),2.8423,3843734,7081331,
FIO-Fast → Varmail,CAT-50 (견고),38.52,뒤(Varmail),2.8367,3850303,7071999,
FIO-Fast → Varmail,CAT-50 (견고),39.02,뒤(Varmail),2.8382,3846808,7071267,
FIO-Fast → Varmail,CAT-50 (견고),39.52,뒤(Varmail),2.8279,3866246,7067181,
FIO-Fast → Varmail,CAT-50 (견고),40.02,뒤(Varmail),2.8273,3872278,7075778,
FIO-Fast → Varmail,CAT-50 (견고),40.52,뒤(Varmail),2.8211,3882654,7070614,
FIO-Fast → Varmail,CAT-50 (견고),41.02,뒤(Varmail),2.8089,3884862,7027424,
FIO-Fast → Varmail,CAT-50 (견고),41.52,뒤(Varmail),2.7976,3913747,7035411,
FIO-Fast → Varmail,CAT-50 (견고),42.02,뒤(Varmail),2.7931,3908574,7008590,
FIO-Fast → Varmail,CAT-50 (견고),42.52,뒤(Varmail),2.7843,3915131,6985692,
FIO-Fast → Varmail,CAT-50 (견고),43.02,뒤(Varmail),2.7830,3934167,7014514,
FIO-Fast → Varmail,CAT-50 (견고),43.52,뒤(Varmail),2.7763,3931273,6982974,
FIO-Fast → Varmail,CAT-50 (견고),44.02,뒤(Varmail),2.7702,3932014,6960450,
FIO-Fast → Varmail,CAT-50 (견고),44.52,뒤(Varmail),2.7605,3945763,6946662,
FIO-Fast → Varmail,CAT-37 (기본),0.5,앞(FIO-Fast),1.9300,1204264,1119917,
FIO-Fast → Varmail,CAT-37 (기본),1.0,앞(FIO-Fast),1.9474,1204276,1140930,
FIO-Fast → Varmail,CAT-37 (기본),1.5,앞(FIO-Fast),1.9714,1204269,1169865,
FIO-Fast → Varmail,CAT-37 (기본),2.0,앞(FIO-Fast),2.0234,1204315,1232438,
FIO-Fast → Varmail,CAT-37 (기본),2.5,앞(FIO-Fast),1.9989,1202236,1200937,
FIO-Fast → Varmail,CAT-37 (기본),3.0,앞(FIO-Fast),1.9691,1200179,1163151,
FIO-Fast → Varmail,CAT-37 (기본),3.5,앞(FIO-Fast),1.9610,1200177,1153390,
FIO-Fast → Varmail,CAT-37 (기본),4.0,앞(FIO-Fast),1.9097,1200178,1091762,
FIO-Fast → Varmail,CAT-37 (기본),4.5,앞(FIO-Fast),1.8989,1200174,1078803,
FIO-Fast → Varmail,CAT-37 (기본),5.0,앞(FIO-Fast),1.9020,1200213,1082589,
FIO-Fast → Varmail,CAT-37 (기본),5.5,앞(FIO-Fast),2.0439,1200205,1252936,
FIO-Fast → Varmail,CAT-37 (기본),6.0,앞(FIO-Fast),2.0325,1200193,1239206,
FIO-Fast → Varmail,CAT-37 (기본),6.5,앞(FIO-Fast),2.0317,1200165,1238188,
FIO-Fast → Varmail,CAT-37 (기본),7.0,앞(FIO-Fast),1.9836,1200182,1180538,
FIO-Fast → Varmail,CAT-37 (기본),7.5,앞(FIO-Fast),1.9838,1200178,1180724,
FIO-Fast → Varmail,CAT-37 (기본),8.0,앞(FIO-Fast),1.9433,1200201,1132108,
FIO-Fast → Varmail,CAT-37 (기본),8.5,앞(FIO-Fast),1.9324,1200213,1119124,
FIO-Fast → Varmail,CAT-37 (기본),9.0,앞(FIO-Fast),1.9102,1200196,1092376,
FIO-Fast → Varmail,CAT-37 (기본),9.5,앞(FIO-Fast),1.9607,1200192,1153058,
FIO-Fast → Varmail,CAT-37 (기본),10.0,앞(FIO-Fast),2.0366,1200176,1244078,
FIO-Fast → Varmail,CAT-37 (기본),10.5,앞(FIO-Fast),2.0543,1200180,1265386,
FIO-Fast → Varmail,CAT-37 (기본),11.0,앞(FIO-Fast),1.9925,1200236,1191217,
FIO-Fast → Varmail,CAT-37 (기본),11.5,앞(FIO-Fast),1.9880,1200197,1185850,
FIO-Fast → Varmail,CAT-37 (기본),12.0,앞(FIO-Fast),1.9428,1200180,1131475,
FIO-Fast → Varmail,CAT-37 (기본),12.5,앞(FIO-Fast),1.9507,1200159,1140964,
FIO-Fast → Varmail,CAT-37 (기본),13.0,앞(FIO-Fast),1.9171,1200168,1100673,
FIO-Fast → Varmail,CAT-37 (기본),13.5,앞(FIO-Fast),1.9148,1200169,1097969,
FIO-Fast → Varmail,CAT-37 (기본),14.0,앞(FIO-Fast),1.9916,1200188,1190158,
FIO-Fast → Varmail,CAT-37 (기본),14.5,앞(FIO-Fast),2.0625,1200209,1275184,
FIO-Fast → Varmail,CAT-37 (기본),15.0,앞(FIO-Fast),2.0414,1200182,1249901,
FIO-Fast → Varmail,CAT-37 (기본),15.5,앞(FIO-Fast),2.0082,1200162,1209991,
FIO-Fast → Varmail,CAT-37 (기본),16.0,앞(FIO-Fast),1.9734,1200176,1168290,
FIO-Fast → Varmail,CAT-37 (기본),16.5,앞(FIO-Fast),1.9551,1200164,1146296,
FIO-Fast → Varmail,CAT-37 (기본),17.0,앞(FIO-Fast),1.9279,1200190,1113679,
FIO-Fast → Varmail,CAT-37 (기본),17.5,앞(FIO-Fast),1.8938,1200194,1072789,
FIO-Fast → Varmail,CAT-37 (기본),18.0,앞(FIO-Fast),1.9203,1200185,1104549,
FIO-Fast → Varmail,CAT-37 (기본),18.5,앞(FIO-Fast),2.0321,1200153,1238643,
FIO-Fast → Varmail,CAT-37 (기본),19.0,앞(FIO-Fast),2.0640,1200171,1276978,
FIO-Fast → Varmail,CAT-37 (기본),19.5,앞(FIO-Fast),2.0293,1200173,1235364,
FIO-Fast → Varmail,CAT-37 (기본),20.0,앞(FIO-Fast),2.0072,1200179,1208858,
FIO-Fast → Varmail,CAT-37 (기본),20.5,앞(FIO-Fast),1.9836,1200220,1180510,
FIO-Fast → Varmail,CAT-37 (기본),21.0,앞(FIO-Fast),1.9615,1200174,1154015,
FIO-Fast → Varmail,CAT-37 (기본),21.5,앞(FIO-Fast),1.9210,1200176,1105317,
FIO-Fast → Varmail,CAT-37 (기본),22.0,앞(FIO-Fast),1.9038,1200182,1084753,
FIO-Fast → Varmail,CAT-37 (기본),22.5,앞(FIO-Fast),1.9290,1200174,1114974,
FIO-Fast → Varmail,CAT-37 (기본),23.0,앞(FIO-Fast),2.0382,1200166,1246045,
FIO-Fast → Varmail,CAT-37 (기본),23.5,앞(FIO-Fast),2.0426,1200223,1251385,
FIO-Fast → Varmail,CAT-37 (기본),24.0,앞(FIO-Fast),2.0164,1200203,1219858,
FIO-Fast → Varmail,CAT-37 (기본),24.5,앞(FIO-Fast),1.9906,1200166,1188892,
FIO-Fast → Varmail,CAT-37 (기본),25.0,앞(FIO-Fast),1.9822,1200173,1178770,
FIO-Fast → Varmail,CAT-37 (기본),25.5,앞(FIO-Fast),1.9423,1200179,1130930,
FIO-Fast → Varmail,CAT-37 (기본),26.0,앞(FIO-Fast),1.9356,1200164,1122904,
FIO-Fast → Varmail,CAT-37 (기본),26.5,앞(FIO-Fast),1.9071,1200183,1088702,
FIO-Fast → Varmail,CAT-37 (기본),27.0,앞(FIO-Fast),1.9798,1200180,1175962,
FIO-Fast → Varmail,CAT-37 (기본),27.5,앞(FIO-Fast),2.0438,1200236,1252758,
FIO-Fast → Varmail,CAT-37 (기본),28.0,앞(FIO-Fast),2.0520,1200177,1262637,
FIO-Fast → Varmail,CAT-37 (기본),28.5,앞(FIO-Fast),2.0002,1200167,1200382,
FIO-Fast → Varmail,CAT-37 (기본),29.0,앞(FIO-Fast),1.9915,1200168,1189920,
FIO-Fast → Varmail,CAT-37 (기본),29.5,앞(FIO-Fast),1.9348,1200175,1121882,
FIO-Fast → Varmail,CAT-37 (기본),30.0,뒤(Varmail),2.0975,1590403,1745505,
FIO-Fast → Varmail,CAT-37 (기본),30.5,뒤(Varmail),3.9331,2904576,8519366,
FIO-Fast → Varmail,CAT-37 (기본),31.0,뒤(Varmail),4.2052,2738207,8776622,
FIO-Fast → Varmail,CAT-37 (기본),31.5,뒤(Varmail),4.1181,2787410,8691440,
FIO-Fast → Varmail,CAT-37 (기본),32.0,뒤(Varmail),4.0365,2811909,8538413,
FIO-Fast → Varmail,CAT-37 (기본),32.5,뒤(Varmail),3.9786,2862075,8525119,
FIO-Fast → Varmail,CAT-37 (기본),33.0,뒤(Varmail),3.9204,2853716,8334013,
FIO-Fast → Varmail,CAT-37 (기본),33.5,뒤(Varmail),3.8850,2835094,8179250,
FIO-Fast → Varmail,CAT-37 (기본),34.0,뒤(Varmail),3.8439,2847545,8098110,
FIO-Fast → Varmail,CAT-37 (기본),34.5,뒤(Varmail),3.8084,2866405,8049952,
FIO-Fast → Varmail,CAT-37 (기본),35.0,뒤(Varmail),3.7804,2891194,8038575,
FIO-Fast → Varmail,CAT-37 (기본),35.5,뒤(Varmail),3.7484,2907150,7989951,
FIO-Fast → Varmail,CAT-37 (기본),36.0,뒤(Varmail),3.7064,2898351,7843981,
FIO-Fast → Varmail,CAT-37 (기본),36.5,뒤(Varmail),3.6717,2852028,7619767,
FIO-Fast → Varmail,CAT-37 (기본),37.0,뒤(Varmail),3.6484,2864311,7585880,
FIO-Fast → Varmail,CAT-37 (기본),37.5,뒤(Varmail),3.6148,2883275,7539111,
FIO-Fast → Varmail,CAT-37 (기본),38.0,뒤(Varmail),3.5859,2912674,7531760,
FIO-Fast → Varmail,CAT-37 (기본),38.5,뒤(Varmail),3.5456,2934528,7470140,
FIO-Fast → Varmail,CAT-37 (기본),39.0,뒤(Varmail),3.5065,2955756,7408663,
FIO-Fast → Varmail,CAT-37 (기본),39.5,뒤(Varmail),3.4809,2963802,7352994,
FIO-Fast → Varmail,CAT-37 (기본),40.0,뒤(Varmail),3.4522,2979968,7307589,
FIO-Fast → Varmail,CAT-37 (기본),40.5,뒤(Varmail),3.4358,2990517,7284283,
FIO-Fast → Varmail,CAT-37 (기본),41.0,뒤(Varmail),3.4190,2997074,7249888,
FIO-Fast → Varmail,CAT-37 (기본),41.5,뒤(Varmail),3.4024,3013085,7238604,
FIO-Fast → Varmail,CAT-37 (기본),42.0,뒤(Varmail),3.3844,3030830,7226662,
FIO-Fast → Varmail,CAT-37 (기본),42.5,뒤(Varmail),3.3664,3041035,7196168,
FIO-Fast → Varmail,CAT-37 (기본),43.0,뒤(Varmail),3.3447,3030993,7106883,
FIO-Fast → Varmail,CAT-37 (기본),43.5,뒤(Varmail),3.3243,3044923,7077366,
FIO-Fast → Varmail,CAT-37 (기본),44.0,뒤(Varmail),3.3053,3038045,7003751,
FIO-Fast → Varmail,CAT-37 (기본),44.5,뒤(Varmail),3.2804,3030231,6910244,
YCSB-A → YCSB-B,iCAT-v4,0.5,앞(YCSB-A),1.4801,1401999,673131,
YCSB-A → YCSB-B,iCAT-v4,1.02,앞(YCSB-A),1.6337,654866,414975,
YCSB-A → YCSB-B,iCAT-v4,1.52,앞(YCSB-A),1.3396,667202,226610,
YCSB-A → YCSB-B,iCAT-v4,2.03,앞(YCSB-A),1.4086,664830,271623,
YCSB-A → YCSB-B,iCAT-v4,2.53,앞(YCSB-A),1.5363,692954,371661,
YCSB-A → YCSB-B,iCAT-v4,3.05,앞(YCSB-A),1.3540,695309,246139,
YCSB-A → YCSB-B,iCAT-v4,3.57,앞(YCSB-A),1.3648,662717,241764,
YCSB-A → YCSB-B,iCAT-v4,4.07,앞(YCSB-A),1.4094,673853,275859,
YCSB-A → YCSB-B,iCAT-v4,4.58,앞(YCSB-A),1.3685,679390,250379,
YCSB-A → YCSB-B,iCAT-v4,5.08,앞(YCSB-A),1.3763,665167,250316,
YCSB-A → YCSB-B,iCAT-v4,5.6,앞(YCSB-A),1.4262,670947,285965,
YCSB-A → YCSB-B,iCAT-v4,6.1,앞(YCSB-A),1.3727,678849,252989,
YCSB-A → YCSB-B,iCAT-v4,6.6,앞(YCSB-A),1.3845,666414,256203,
YCSB-A → YCSB-B,iCAT-v4,7.12,앞(YCSB-A),1.3883,660752,256587,
YCSB-A → YCSB-B,iCAT-v4,7.62,앞(YCSB-A),1.3549,652577,231607,
YCSB-A → YCSB-B,iCAT-v4,8.12,앞(YCSB-A),1.3575,671546,240091,
YCSB-A → YCSB-B,iCAT-v4,8.63,앞(YCSB-A),1.3810,670892,255579,
YCSB-A → YCSB-B,iCAT-v4,9.13,앞(YCSB-A),1.3200,667161,213500,
YCSB-A → YCSB-B,iCAT-v4,9.65,앞(YCSB-A),1.3744,708218,265124,
YCSB-A → YCSB-B,iCAT-v4,10.17,앞(YCSB-A),1.3043,704849,214492,
YCSB-A → YCSB-B,iCAT-v4,10.68,앞(YCSB-A),1.3589,706556,253605,
YCSB-A → YCSB-B,iCAT-v4,11.18,앞(YCSB-A),1.3240,696848,225795,
YCSB-A → YCSB-B,iCAT-v4,11.7,앞(YCSB-A),1.3190,677613,216160,
YCSB-A → YCSB-B,iCAT-v4,12.2,앞(YCSB-A),1.3298,683964,225539,
YCSB-A → YCSB-B,iCAT-v4,12.72,앞(YCSB-A),1.3218,709044,228178,
YCSB-A → YCSB-B,iCAT-v4,13.23,앞(YCSB-A),1.3243,675803,219134,
YCSB-A → YCSB-B,iCAT-v4,13.73,앞(YCSB-A),1.3230,694217,224254,
YCSB-A → YCSB-B,iCAT-v4,14.23,앞(YCSB-A),1.3263,665746,217223,
YCSB-A → YCSB-B,iCAT-v4,14.75,앞(YCSB-A),1.3275,688955,225647,
YCSB-A → YCSB-B,iCAT-v4,15.27,앞(YCSB-A),1.3453,679778,234716,
YCSB-A → YCSB-B,iCAT-v4,15.77,뒤(YCSB-B),1.3441,115445,39721,
YCSB-A → YCSB-B,iCAT-v4,16.27,뒤(YCSB-B),,16115,187,예
YCSB-A → YCSB-B,iCAT-v4,16.78,뒤(YCSB-B),1.2849,257148,73249,
YCSB-A → YCSB-B,iCAT-v4,17.28,뒤(YCSB-B),1.3554,436901,155274,
YCSB-A → YCSB-B,iCAT-v4,17.78,뒤(YCSB-B),1.4050,469063,189974,
YCSB-A → YCSB-B,iCAT-v4,18.3,뒤(YCSB-B),1.3827,447454,171263,
YCSB-A → YCSB-B,iCAT-v4,18.8,뒤(YCSB-B),1.3279,452410,148326,
YCSB-A → YCSB-B,iCAT-v4,19.33,뒤(YCSB-B),,11289,2566,예
YCSB-A → YCSB-B,CAT-47 (최적),0.5,앞(YCSB-A),1.3400,1333371,453333,
YCSB-A → YCSB-B,CAT-47 (최적),1.02,앞(YCSB-A),1.5483,634656,347962,
YCSB-A → YCSB-B,CAT-47 (최적),1.52,앞(YCSB-A),1.4408,630663,278012,
YCSB-A → YCSB-B,CAT-47 (최적),2.03,앞(YCSB-A),1.4411,629588,277739,
YCSB-A → YCSB-B,CAT-47 (최적),2.53,앞(YCSB-A),1.4338,645382,279968,
YCSB-A → YCSB-B,CAT-47 (최적),3.03,앞(YCSB-A),1.4262,652337,278035,
YCSB-A → YCSB-B,CAT-47 (최적),3.55,앞(YCSB-A),1.4230,666188,281775,
YCSB-A → YCSB-B,CAT-47 (최적),4.05,앞(YCSB-A),1.4205,650476,273496,
YCSB-A → YCSB-B,CAT-47 (최적),4.57,앞(YCSB-A),1.4201,645926,271380,
YCSB-A → YCSB-B,CAT-47 (최적),5.07,앞(YCSB-A),1.4134,650408,268889,
YCSB-A → YCSB-B,CAT-47 (최적),5.58,앞(YCSB-A),1.4229,648686,274303,
YCSB-A → YCSB-B,CAT-47 (최적),6.08,앞(YCSB-A),1.4193,653611,274028,
YCSB-A → YCSB-B,CAT-47 (최적),6.6,앞(YCSB-A),1.4120,642191,264567,
YCSB-A → YCSB-B,CAT-47 (최적),7.1,앞(YCSB-A),1.4118,661662,272495,
YCSB-A → YCSB-B,CAT-47 (최적),7.62,앞(YCSB-A),1.4137,677796,280436,
YCSB-A → YCSB-B,CAT-47 (최적),8.15,앞(YCSB-A),1.3999,725967,290327,
YCSB-A → YCSB-B,CAT-47 (최적),8.65,앞(YCSB-A),1.4042,694140,280588,
YCSB-A → YCSB-B,CAT-47 (최적),9.17,앞(YCSB-A),1.4052,663341,268776,
YCSB-A → YCSB-B,CAT-47 (최적),9.67,앞(YCSB-A),1.4073,639791,260600,
YCSB-A → YCSB-B,CAT-47 (최적),10.18,앞(YCSB-A),1.4015,647112,259844,
YCSB-A → YCSB-B,CAT-47 (최적),10.68,앞(YCSB-A),1.4066,647877,263440,
YCSB-A → YCSB-B,CAT-47 (최적),11.18,앞(YCSB-A),1.4097,638747,261676,
YCSB-A → YCSB-B,CAT-47 (최적),11.7,앞(YCSB-A),1.4053,643074,260650,
YCSB-A → YCSB-B,CAT-47 (최적),12.2,앞(YCSB-A),1.4092,632222,258735,
YCSB-A → YCSB-B,CAT-47 (최적),12.7,앞(YCSB-A),1.4019,647398,260201,
YCSB-A → YCSB-B,CAT-47 (최적),13.22,앞(YCSB-A),1.4018,652825,262326,
YCSB-A → YCSB-B,CAT-47 (최적),13.73,앞(YCSB-A),1.4032,647967,261234,
YCSB-A → YCSB-B,CAT-47 (최적),14.23,앞(YCSB-A),1.4022,639845,257359,
YCSB-A → YCSB-B,CAT-47 (최적),14.75,앞(YCSB-A),1.4026,642086,258474,
YCSB-A → YCSB-B,CAT-47 (최적),15.25,앞(YCSB-A),1.4005,645592,258563,
YCSB-A → YCSB-B,CAT-47 (최적),15.75,앞(YCSB-A),1.4041,643230,259930,
YCSB-A → YCSB-B,CAT-47 (최적),16.28,앞(YCSB-A),1.4080,507712,207133,
YCSB-A → YCSB-B,CAT-47 (최적),16.87,뒤(YCSB-B),,16,10,예
YCSB-A → YCSB-B,CAT-47 (최적),17.37,뒤(YCSB-B),1.3422,80074,27402,
YCSB-A → YCSB-B,CAT-47 (최적),17.88,뒤(YCSB-B),1.4323,465853,201374,
YCSB-A → YCSB-B,CAT-47 (최적),18.42,뒤(YCSB-B),1.4652,422694,196623,
YCSB-A → YCSB-B,CAT-47 (최적),18.92,뒤(YCSB-B),1.4721,419255,197950,
YCSB-A → YCSB-B,CAT-47 (최적),19.42,뒤(YCSB-B),1.4644,427335,198436,
YCSB-A → YCSB-B,CAT-47 (최적),19.97,뒤(YCSB-B),1.4592,300767,138120,
YCSB-A → YCSB-B,CAT-50 (견고),0.5,앞(YCSB-A),1.3808,1402418,534079,
YCSB-A → YCSB-B,CAT-50 (견고),1.02,앞(YCSB-A),1.5017,740848,371657,
YCSB-A → YCSB-B,CAT-50 (견고),1.55,앞(YCSB-A),1.3959,716091,283526,
YCSB-A → YCSB-B,CAT-50 (견고),2.07,앞(YCSB-A),1.4386,661689,290218,
YCSB-A → YCSB-B,CAT-50 (견고),2.57,앞(YCSB-A),1.4049,663930,268802,
YCSB-A → YCSB-B,CAT-50 (견고),3.08,앞(YCSB-A),1.4153,664202,275837,
YCSB-A → YCSB-B,CAT-50 (견고),3.58,앞(YCSB-A),1.3989,659796,263201,
YCSB-A → YCSB-B,CAT-50 (견고),4.1,앞(YCSB-A),1.3995,653550,261089,
YCSB-A → YCSB-B,CAT-50 (견고),4.6,앞(YCSB-A),1.3974,659431,262079,
YCSB-A → YCSB-B,CAT-50 (견고),5.12,앞(YCSB-A),1.3918,668598,261972,
YCSB-A → YCSB-B,CAT-50 (견고),5.62,앞(YCSB-A),1.3899,659041,256986,
YCSB-A → YCSB-B,CAT-50 (견고),6.13,앞(YCSB-A),1.3840,668386,256640,
YCSB-A → YCSB-B,CAT-50 (견고),6.63,앞(YCSB-A),1.3834,668201,256191,
YCSB-A → YCSB-B,CAT-50 (견고),7.15,앞(YCSB-A),1.3829,675549,258680,
YCSB-A → YCSB-B,CAT-50 (견고),7.65,앞(YCSB-A),1.3884,670720,260498,
YCSB-A → YCSB-B,CAT-50 (견고),8.17,앞(YCSB-A),1.3871,650863,251923,
YCSB-A → YCSB-B,CAT-50 (견고),8.67,앞(YCSB-A),1.3829,655985,251170,
YCSB-A → YCSB-B,CAT-50 (견고),9.18,앞(YCSB-A),1.3762,675030,253936,
YCSB-A → YCSB-B,CAT-50 (견고),9.68,앞(YCSB-A),1.3729,684251,255181,
YCSB-A → YCSB-B,CAT-50 (견고),10.2,앞(YCSB-A),1.3835,668035,256217,
YCSB-A → YCSB-B,CAT-50 (견고),10.72,앞(YCSB-A),1.3755,688442,258485,
YCSB-A → YCSB-B,CAT-50 (견고),11.22,앞(YCSB-A),1.3664,698326,255887,
YCSB-A → YCSB-B,CAT-50 (견고),11.73,앞(YCSB-A),1.3818,654456,249879,
YCSB-A → YCSB-B,CAT-50 (견고),12.23,앞(YCSB-A),1.3778,658189,248671,
YCSB-A → YCSB-B,CAT-50 (견고),12.75,앞(YCSB-A),1.3778,661817,250019,
YCSB-A → YCSB-B,CAT-50 (견고),13.25,앞(YCSB-A),1.3721,672992,250435,
YCSB-A → YCSB-B,CAT-50 (견고),13.75,앞(YCSB-A),1.3742,665422,248991,
YCSB-A → YCSB-B,CAT-50 (견고),14.25,앞(YCSB-A),1.3693,670537,247662,
YCSB-A → YCSB-B,CAT-50 (견고),14.77,앞(YCSB-A),1.3699,664861,245943,
YCSB-A → YCSB-B,CAT-50 (견고),15.27,앞(YCSB-A),1.3667,680398,249516,
YCSB-A → YCSB-B,CAT-50 (견고),15.78,앞(YCSB-A),1.3729,368422,137375,
YCSB-A → YCSB-B,CAT-50 (견고),16.38,뒤(YCSB-B),,19,28,예
YCSB-A → YCSB-B,CAT-50 (견고),16.88,뒤(YCSB-B),1.3354,197891,66373,
YCSB-A → YCSB-B,CAT-50 (견고),17.4,뒤(YCSB-B),1.3486,427048,148889,
YCSB-A → YCSB-B,CAT-50 (견고),17.9,뒤(YCSB-B),1.4496,455425,204751,
YCSB-A → YCSB-B,CAT-50 (견고),18.42,뒤(YCSB-B),1.4421,434674,192152,
YCSB-A → YCSB-B,CAT-50 (견고),18.93,뒤(YCSB-B),1.4474,462775,207035,
YCSB-A → YCSB-B,CAT-50 (견고),19.45,뒤(YCSB-B),1.3920,116394,45631,
YCSB-A → YCSB-B,CAT-37 (기본),0.5,앞(YCSB-A),1.4725,1370435,647558,
YCSB-A → YCSB-B,CAT-37 (기본),1.02,앞(YCSB-A),1.6677,643580,429734,
YCSB-A → YCSB-B,CAT-37 (기본),1.53,앞(YCSB-A),1.5352,646386,345939,
YCSB-A → YCSB-B,CAT-37 (기본),2.05,앞(YCSB-A),1.5455,630035,343707,
YCSB-A → YCSB-B,CAT-37 (기본),2.55,앞(YCSB-A),1.5114,636737,325647,
YCSB-A → YCSB-B,CAT-37 (기본),3.05,앞(YCSB-A),1.5332,635262,338714,
YCSB-A → YCSB-B,CAT-37 (기본),3.57,앞(YCSB-A),1.5005,641553,321125,
YCSB-A → YCSB-B,CAT-37 (기본),4.08,앞(YCSB-A),1.4870,659175,321002,
YCSB-A → YCSB-B,CAT-37 (기본),4.58,앞(YCSB-A),1.4815,644364,310267,
YCSB-A → YCSB-B,CAT-37 (기본),5.1,앞(YCSB-A),1.4794,644622,309018,
YCSB-A → YCSB-B,CAT-37 (기본),5.6,앞(YCSB-A),1.4729,634211,299931,
YCSB-A → YCSB-B,CAT-37 (기본),6.12,앞(YCSB-A),1.4945,644885,318881,
YCSB-A → YCSB-B,CAT-37 (기본),6.62,앞(YCSB-A),1.4646,652580,303190,
YCSB-A → YCSB-B,CAT-37 (기본),7.13,앞(YCSB-A),1.4676,646534,302306,
YCSB-A → YCSB-B,CAT-37 (기본),7.63,앞(YCSB-A),1.4611,642334,296199,
YCSB-A → YCSB-B,CAT-37 (기본),8.15,앞(YCSB-A),1.4603,639808,294500,
YCSB-A → YCSB-B,CAT-37 (기본),8.65,앞(YCSB-A),1.4541,643413,292184,
YCSB-A → YCSB-B,CAT-37 (기본),9.15,앞(YCSB-A),1.4540,654930,297308,
YCSB-A → YCSB-B,CAT-37 (기본),9.68,앞(YCSB-A),1.4533,670001,303712,
YCSB-A → YCSB-B,CAT-37 (기본),10.18,앞(YCSB-A),1.4435,652512,289363,
YCSB-A → YCSB-B,CAT-37 (기본),10.7,앞(YCSB-A),1.4523,639501,289242,
YCSB-A → YCSB-B,CAT-37 (기본),11.2,앞(YCSB-A),1.4444,646312,287189,
YCSB-A → YCSB-B,CAT-37 (기본),11.72,앞(YCSB-A),1.4438,657413,291771,
YCSB-A → YCSB-B,CAT-37 (기본),12.23,앞(YCSB-A),1.4407,659576,290670,
YCSB-A → YCSB-B,CAT-37 (기본),12.73,앞(YCSB-A),1.4390,651945,286184,
YCSB-A → YCSB-B,CAT-37 (기본),13.25,앞(YCSB-A),1.4402,640100,281745,
YCSB-A → YCSB-B,CAT-37 (기본),13.75,앞(YCSB-A),1.4385,644769,282759,
YCSB-A → YCSB-B,CAT-37 (기본),14.27,앞(YCSB-A),1.4301,657245,282679,
YCSB-A → YCSB-B,CAT-37 (기본),14.77,앞(YCSB-A),1.4297,656121,281928,
YCSB-A → YCSB-B,CAT-37 (기본),15.28,앞(YCSB-A),1.4332,653096,282891,
YCSB-A → YCSB-B,CAT-37 (기본),15.78,앞(YCSB-A),1.4301,650144,279600,
YCSB-A → YCSB-B,CAT-37 (기본),16.32,앞(YCSB-A),1.4287,625574,268165,
YCSB-A → YCSB-B,CAT-37 (기본),16.97,뒤(YCSB-B),,23,23,예
YCSB-A → YCSB-B,CAT-37 (기본),17.47,뒤(YCSB-B),1.4821,81895,39484,
YCSB-A → YCSB-B,CAT-37 (기본),17.98,뒤(YCSB-B),1.4075,447681,182438,
YCSB-A → YCSB-B,CAT-37 (기본),18.68,뒤(YCSB-B),1.4467,642227,286906,
YCSB-A → YCSB-B,CAT-37 (기본),19.27,뒤(YCSB-B),1.4759,494657,235424,
YCSB-A → YCSB-B,CAT-37 (기본),19.78,뒤(YCSB-B),1.4659,432813,201630,
YCSB-A → OLTP,iCAT-v4,0.5,앞(YCSB-A),1.4135,95909,39654,
YCSB-A → OLTP,iCAT-v4,1.02,앞(YCSB-A),1.9520,94365,89831,
YCSB-A → OLTP,iCAT-v4,1.52,앞(YCSB-A),1.0473,93690,4430,
YCSB-A → OLTP,iCAT-v4,2.03,앞(YCSB-A),,90532,1676,예
YCSB-A → OLTP,iCAT-v4,2.53,앞(YCSB-A),,89124,1711,예
YCSB-A → OLTP,iCAT-v4,3.05,앞(YCSB-A),,87224,305,예
YCSB-A → OLTP,iCAT-v4,3.55,뒤(OLTP),1.3455,744928,257378,
YCSB-A → OLTP,iCAT-v4,4.05,뒤(OLTP),1.2272,818673,185986,
YCSB-A → OLTP,iCAT-v4,4.55,뒤(OLTP),1.1073,939030,100732,
YCSB-A → OLTP,iCAT-v4,5.05,뒤(OLTP),1.1090,942741,102747,
YCSB-A → OLTP,iCAT-v4,5.55,뒤(OLTP),1.1065,944276,100538,
YCSB-A → OLTP,iCAT-v4,6.07,뒤(OLTP),1.1074,950302,102038,
YCSB-A → OLTP,iCAT-v4,6.57,뒤(OLTP),1.1073,931336,99915,
YCSB-A → OLTP,iCAT-v4,7.07,뒤(OLTP),1.1069,907972,97099,
YCSB-A → OLTP,iCAT-v4,7.57,뒤(OLTP),1.1067,925631,98773,
YCSB-A → OLTP,iCAT-v4,8.07,뒤(OLTP),1.1079,939526,101331,
YCSB-A → OLTP,iCAT-v4,8.57,뒤(OLTP),1.1070,935221,100041,
YCSB-A → OLTP,iCAT-v4,9.07,뒤(OLTP),1.1073,909948,97626,
YCSB-A → OLTP,iCAT-v4,9.57,뒤(OLTP),1.1093,926091,101193,
YCSB-A → OLTP,iCAT-v4,10.07,뒤(OLTP),1.1008,923366,93064,
YCSB-A → OLTP,iCAT-v4,10.57,뒤(OLTP),1.1066,942930,100489,
YCSB-A → OLTP,iCAT-v4,11.07,뒤(OLTP),1.0994,923312,91779,
YCSB-A → OLTP,iCAT-v4,11.57,뒤(OLTP),1.1001,934835,93602,
YCSB-A → OLTP,iCAT-v4,12.07,뒤(OLTP),1.0991,898983,89117,
YCSB-A → OLTP,iCAT-v4,12.57,뒤(OLTP),1.1010,926996,93664,
YCSB-A → OLTP,iCAT-v4,13.07,뒤(OLTP),1.1003,927965,93120,
YCSB-A → OLTP,iCAT-v4,13.57,뒤(OLTP),1.1001,938060,93912,
YCSB-A → OLTP,iCAT-v4,14.07,뒤(OLTP),1.1027,923267,94828,
YCSB-A → OLTP,iCAT-v4,14.57,뒤(OLTP),1.1029,920922,94740,
YCSB-A → OLTP,iCAT-v4,15.07,뒤(OLTP),1.0996,934127,93054,
YCSB-A → OLTP,iCAT-v4,15.57,뒤(OLTP),1.0996,929242,92525,
YCSB-A → OLTP,iCAT-v4,16.07,뒤(OLTP),1.0991,918365,91031,
YCSB-A → OLTP,iCAT-v4,16.72,뒤(OLTP),1.1009,616881,62234,
YCSB-A → OLTP,iCAT-v4,17.25,뒤(OLTP),1.1024,300800,30809,
YCSB-A → OLTP,iCAT-v4,17.78,뒤(OLTP),1.0995,910749,90596,
YCSB-A → OLTP,iCAT-v4,18.28,뒤(OLTP),1.0995,797372,79354,
YCSB-A → OLTP,CAT-47 (최적),0.5,앞(YCSB-A),1.2576,237049,61072,
YCSB-A → OLTP,CAT-47 (최적),1.02,앞(YCSB-A),1.9558,92887,88779,
YCSB-A → OLTP,CAT-47 (최적),1.52,앞(YCSB-A),1.0574,92428,5303,
YCSB-A → OLTP,CAT-47 (최적),2.03,앞(YCSB-A),1.0205,88680,1818,
YCSB-A → OLTP,CAT-47 (최적),2.53,앞(YCSB-A),1.0009,87477,76,
YCSB-A → OLTP,CAT-47 (최적),3.05,앞(YCSB-A),1.0040,87212,345,
YCSB-A → OLTP,CAT-47 (최적),3.55,앞(YCSB-A),1.0021,85548,176,
YCSB-A → OLTP,CAT-47 (최적),4.05,뒤(OLTP),1.0484,355051,17189,
YCSB-A → OLTP,CAT-47 (최적),4.57,뒤(OLTP),1.4272,823944,351979,
YCSB-A → OLTP,CAT-47 (최적),5.07,뒤(OLTP),1.1251,821277,102705,
YCSB-A → OLTP,CAT-47 (최적),5.57,뒤(OLTP),1.1266,833269,105504,
YCSB-A → OLTP,CAT-47 (최적),6.07,뒤(OLTP),1.1251,847768,106064,
YCSB-A → OLTP,CAT-47 (최적),6.57,뒤(OLTP),1.1248,854408,106599,
YCSB-A → OLTP,CAT-47 (최적),7.07,뒤(OLTP),1.1235,819570,101227,
YCSB-A → OLTP,CAT-47 (최적),7.57,뒤(OLTP),1.1237,847825,104873,
YCSB-A → OLTP,CAT-47 (최적),8.07,뒤(OLTP),1.1227,866931,106367,
YCSB-A → OLTP,CAT-47 (최적),8.57,뒤(OLTP),1.1234,862355,106417,
YCSB-A → OLTP,CAT-47 (최적),9.07,뒤(OLTP),1.1229,831387,102178,
YCSB-A → OLTP,CAT-47 (최적),9.57,뒤(OLTP),1.1237,845568,104631,
YCSB-A → OLTP,CAT-47 (최적),10.07,뒤(OLTP),1.1249,854245,106712,
YCSB-A → OLTP,CAT-47 (최적),10.57,뒤(OLTP),1.1223,827819,101235,
YCSB-A → OLTP,CAT-47 (최적),11.07,뒤(OLTP),1.1233,835620,103054,
YCSB-A → OLTP,CAT-47 (최적),11.57,뒤(OLTP),1.1234,837604,103368,
YCSB-A → OLTP,CAT-47 (최적),12.07,뒤(OLTP),1.1225,860735,105467,
YCSB-A → OLTP,CAT-47 (최적),12.58,뒤(OLTP),1.1229,816570,100347,
YCSB-A → OLTP,CAT-47 (최적),13.08,뒤(OLTP),1.1251,706273,88365,
YCSB-A → OLTP,CAT-47 (최적),13.58,뒤(OLTP),1.1220,833753,101718,
YCSB-A → OLTP,CAT-47 (최적),14.08,뒤(OLTP),1.1234,830727,102507,
YCSB-A → OLTP,CAT-47 (최적),14.58,뒤(OLTP),1.1235,846464,104578,
YCSB-A → OLTP,CAT-47 (최적),15.08,뒤(OLTP),1.1230,806276,99154,
YCSB-A → OLTP,CAT-47 (최적),15.58,뒤(OLTP),1.1233,866016,106799,
YCSB-A → OLTP,CAT-47 (최적),16.08,뒤(OLTP),1.1225,830381,101748,
YCSB-A → OLTP,CAT-47 (최적),16.58,뒤(OLTP),1.1229,832030,102292,
YCSB-A → OLTP,CAT-47 (최적),17.08,뒤(OLTP),1.1227,806806,99027,
YCSB-A → OLTP,CAT-47 (최적),17.58,뒤(OLTP),1.1233,838949,103432,
YCSB-A → OLTP,CAT-47 (최적),18.08,뒤(OLTP),1.1236,847454,104787,
YCSB-A → OLTP,CAT-47 (최적),18.58,뒤(OLTP),1.1236,843082,104197,
YCSB-A → OLTP,CAT-47 (최적),19.08,뒤(OLTP),1.1220,806866,98414,
YCSB-A → OLTP,CAT-50 (견고),0.5,앞(YCSB-A),1.2454,150487,36937,
YCSB-A → OLTP,CAT-50 (견고),1.02,앞(YCSB-A),1.8551,87460,74787,
YCSB-A → OLTP,CAT-50 (견고),1.55,앞(YCSB-A),1.0134,84046,1129,
YCSB-A → OLTP,CAT-50 (견고),2.05,앞(YCSB-A),1.0000,86494,0,
YCSB-A → OLTP,CAT-50 (견고),2.58,앞(YCSB-A),1.0000,86996,0,
YCSB-A → OLTP,CAT-50 (견고),3.1,앞(YCSB-A),1.0003,87357,27,
YCSB-A → OLTP,CAT-50 (견고),3.6,앞(YCSB-A),1.0095,88674,840,
YCSB-A → OLTP,CAT-50 (견고),4.1,뒤(OLTP),1.4320,726596,313856,
YCSB-A → OLTP,CAT-50 (견고),4.6,뒤(OLTP),1.1304,831436,108446,
YCSB-A → OLTP,CAT-50 (견고),5.1,뒤(OLTP),1.1325,809312,107200,
YCSB-A → OLTP,CAT-50 (견고),5.6,뒤(OLTP),1.1301,855746,111341,
YCSB-A → OLTP,CAT-50 (견고),6.1,뒤(OLTP),1.1302,792986,103283,
YCSB-A → OLTP,CAT-50 (견고),6.62,뒤(OLTP),1.1299,854049,110942,
YCSB-A → OLTP,CAT-50 (견고),7.12,뒤(OLTP),1.1304,802281,104612,
YCSB-A → OLTP,CAT-50 (견고),7.62,뒤(OLTP),1.1298,841301,109203,
YCSB-A → OLTP,CAT-50 (견고),8.12,뒤(OLTP),1.1305,841134,109806,
YCSB-A → OLTP,CAT-50 (견고),8.62,뒤(OLTP),1.1295,824573,106760,
YCSB-A → OLTP,CAT-50 (견고),9.12,뒤(OLTP),1.1292,827785,106963,
YCSB-A → OLTP,CAT-50 (견고),9.62,뒤(OLTP),1.1267,839368,106372,
YCSB-A → OLTP,CAT-50 (견고),10.12,뒤(OLTP),1.1288,850638,109599,
YCSB-A → OLTP,CAT-50 (견고),10.62,뒤(OLTP),1.1284,842788,108211,
YCSB-A → OLTP,CAT-50 (견고),11.12,뒤(OLTP),1.1297,786532,101995,
YCSB-A → OLTP,CAT-50 (견고),11.62,뒤(OLTP),1.1286,729124,93732,
YCSB-A → OLTP,CAT-50 (견고),12.12,뒤(OLTP),1.1267,866979,109879,
YCSB-A → OLTP,CAT-50 (견고),12.62,뒤(OLTP),1.1299,842493,109459,
YCSB-A → OLTP,CAT-50 (견고),13.12,뒤(OLTP),1.1290,818583,105623,
YCSB-A → OLTP,CAT-50 (견고),13.62,뒤(OLTP),1.1283,848102,108825,
YCSB-A → OLTP,CAT-50 (견고),14.12,뒤(OLTP),1.1287,806158,103773,
YCSB-A → OLTP,CAT-50 (견고),14.62,뒤(OLTP),1.1271,855054,108685,
YCSB-A → OLTP,CAT-50 (견고),15.13,뒤(OLTP),1.1281,829439,106264,
YCSB-A → OLTP,CAT-50 (견고),15.63,뒤(OLTP),1.1282,843499,108167,
YCSB-A → OLTP,CAT-50 (견고),16.13,뒤(OLTP),1.1283,856322,109881,
YCSB-A → OLTP,CAT-50 (견고),16.63,뒤(OLTP),1.1290,835688,107763,
YCSB-A → OLTP,CAT-50 (견고),17.13,뒤(OLTP),1.1289,815817,105120,
YCSB-A → OLTP,CAT-50 (견고),17.63,뒤(OLTP),1.1279,839231,107299,
YCSB-A → OLTP,CAT-50 (견고),18.13,뒤(OLTP),1.1286,823077,105820,
YCSB-A → OLTP,CAT-50 (견고),18.63,뒤(OLTP),1.1270,845613,107372,
YCSB-A → OLTP,CAT-37 (기본),0.5,앞(YCSB-A),1.4202,169160,71089,
YCSB-A → OLTP,CAT-37 (기본),1.0,앞(YCSB-A),1.9625,88646,85326,
YCSB-A → OLTP,CAT-37 (기본),1.52,앞(YCSB-A),1.0116,88353,1026,
YCSB-A → OLTP,CAT-37 (기본),2.03,앞(YCSB-A),1.0001,88594,7,
YCSB-A → OLTP,CAT-37 (기본),2.53,앞(YCSB-A),,84165,56,예
YCSB-A → OLTP,CAT-37 (기본),3.05,앞(YCSB-A),1.0000,86986,0,
YCSB-A → OLTP,CAT-37 (기본),3.55,앞(YCSB-A),1.0001,88184,10,
YCSB-A → OLTP,CAT-37 (기본),4.07,뒤(OLTP),1.3203,851856,272819,
YCSB-A → OLTP,CAT-37 (기본),4.57,뒤(OLTP),1.1731,907731,157145,
YCSB-A → OLTP,CAT-37 (기본),5.07,뒤(OLTP),1.1714,773595,132610,
YCSB-A → OLTP,CAT-37 (기본),5.57,뒤(OLTP),1.1696,817312,138645,
YCSB-A → OLTP,CAT-37 (기본),6.07,뒤(OLTP),1.1705,891172,151965,
YCSB-A → OLTP,CAT-37 (기본),6.57,뒤(OLTP),1.1701,850526,144705,
YCSB-A → OLTP,CAT-37 (기본),7.07,뒤(OLTP),1.1705,869340,148204,
YCSB-A → OLTP,CAT-37 (기본),7.58,뒤(OLTP),1.1674,862343,144338,
YCSB-A → OLTP,CAT-37 (기본),8.08,뒤(OLTP),1.1677,897361,150485,
YCSB-A → OLTP,CAT-37 (기본),8.58,뒤(OLTP),1.1692,864100,146173,
YCSB-A → OLTP,CAT-37 (기본),9.08,뒤(OLTP),1.1669,849548,141805,
YCSB-A → OLTP,CAT-37 (기본),9.58,뒤(OLTP),1.1695,889105,150661,
YCSB-A → OLTP,CAT-37 (기본),10.08,뒤(OLTP),1.1696,904428,153378,
YCSB-A → OLTP,CAT-37 (기본),10.58,뒤(OLTP),1.1717,898082,154159,
YCSB-A → OLTP,CAT-37 (기본),11.08,뒤(OLTP),1.1706,818993,139743,
YCSB-A → OLTP,CAT-37 (기본),11.58,뒤(OLTP),1.1699,756963,128627,
YCSB-A → OLTP,CAT-37 (기본),12.08,뒤(OLTP),1.1664,846167,140844,
YCSB-A → OLTP,CAT-37 (기본),12.58,뒤(OLTP),1.1644,868088,142676,
YCSB-A → OLTP,CAT-37 (기본),13.08,뒤(OLTP),1.1627,863918,140555,
YCSB-A → OLTP,CAT-37 (기본),13.58,뒤(OLTP),1.1641,850421,139558,
YCSB-A → OLTP,CAT-37 (기본),14.08,뒤(OLTP),1.1651,845513,139559,
YCSB-A → OLTP,CAT-37 (기본),14.58,뒤(OLTP),1.1625,877682,142655,
YCSB-A → OLTP,CAT-37 (기본),15.08,뒤(OLTP),1.1654,840491,139049,
YCSB-A → OLTP,CAT-37 (기본),15.58,뒤(OLTP),1.1636,848348,138785,
YCSB-A → OLTP,CAT-37 (기본),16.08,뒤(OLTP),1.1620,847464,137326,
YCSB-A → OLTP,CAT-37 (기본),16.58,뒤(OLTP),1.1636,851937,139395,
YCSB-A → OLTP,CAT-37 (기본),17.08,뒤(OLTP),1.1637,851240,139327,
YCSB-A → OLTP,CAT-37 (기본),17.6,뒤(OLTP),1.1677,854797,143345,
YCSB-A → OLTP,CAT-37 (기본),18.12,뒤(OLTP),1.1627,474552,77227,
YCSB-A → OLTP,CAT-37 (기본),18.63,뒤(OLTP),1.1603,320934,51455,
